$MeshFormat
2.2 0 8
$EndMeshFormat
$PhysicalNames
3
2 2 "v"
2 3 "walls"
3 1 "volume"
$EndPhysicalNames
$Nodes
4961
1 0 0 0
2 0 0 0.0243219332769611
3 0 0 0.0486438665539222
4 0 0 0.0849610292245153
5 0 0 0.121278191895108
6 0 0 0.172050499654874
7 0 0 0.22282280741464
8 0 0 0.287636105376869
9 0 0 0.352449403339098
10 0 0 0.426224701669549
11 0 0 0.5
12 0 0 0.573775298330451
13 0 0 0.647550596660902
14 0 0 0.712363894623131
15 0 0 0.77717719258536
16 0 0 0.827949500345126
17 0 0 0.878721808104892
18 0 0 0.915038970775485
19 0 0 0.951356133446078
20 0 0 0.975678066723039
21 0 0 1
22 0 0.0243219332769611 0
23 0 0.0243219332769611 0.0486438665539222
24 0 0.0243219332769611 0.121278191895108
25 0 0.0243219332769611 0.22282280741464
26 0 0.0243219332769611 0.352449403339098
27 0 0.0243219332769611 0.5
28 0 0.0243219332769611 0.647550596660902
29 0 0.0243219332769611 0.77717719258536
30 0 0.0243219332769611 0.878721808104892
31 0 0.0243219332769611 0.951356133446078
32 0 0.0243219332769611 1
33 0 0.0486438665539222 0
34 0 0.0486438665539222 0.0243219332769611
35 0 0.0486438665539222 0.0486438665539222
36 0 0.0486438665539222 0.0849610292245153
37 0 0.0486438665539222 0.121278191895108
38 0 0.0486438665539222 0.172050499654874
39 0 0.0486438665539222 0.22282280741464
40 0 0.0486438665539222 0.287636105376869
41 0 0.0486438665539222 0.352449403339098
42 0 0.0486438665539222 0.426224701669549
43 0 0.0486438665539222 0.5
44 0 0.0486438665539222 0.573775298330451
45 0 0.0486438665539222 0.647550596660902
46 0 0.0486438665539222 0.712363894623131
47 0 0.0486438665539222 0.77717719258536
48 0 0.0486438665539222 0.827949500345126
49 0 0.0486438665539222 0.878721808104892
50 0 0.0486438665539222 0.915038970775485
51 0 0.0486438665539222 0.951356133446078
52 0 0.0486438665539222 0.975678066723039
53 0 0.0486438665539222 1
54 0 0.0849610292245153 0
55 0 0.0849610292245153 0.0486438665539222
56 0 0.0849610292245153 0.121278191895108
57 0 0.0849610292245153 0.22282280741464
58 0 0.0849610292245153 0.352449403339098
59 0 0.0849610292245153 0.5
60 0 0.0849610292245153 0.647550596660902
61 0 0.0849610292245153 0.77717719258536
62 0 0.0849610292245153 0.878721808104892
63 0 0.0849610292245153 0.951356133446078
64 0 0.0849610292245153 1
65 0 0.121278191895108 0
66 0 0.121278191895108 0.0243219332769611
67 0 0.121278191895108 0.0486438665539222
68 0 0.121278191895108 0.0849610292245153
69 0 0.121278191895108 0.121278191895108
70 0 0.121278191895108 0.172050499654874
71 0 0.121278191895108 0.22282280741464
72 0 0.121278191895108 0.287636105376869
73 0 0.121278191895108 0.352449403339098
74 0 0.121278191895108 0.426224701669549
75 0 0.121278191895108 0.5
76 0 0.121278191895108 0.573775298330451
77 0 0.121278191895108 0.647550596660902
78 0 0.121278191895108 0.712363894623131
79 0 0.121278191895108 0.77717719258536
80 0 0.121278191895108 0.827949500345126
81 0 0.121278191895108 0.878721808104892
82 0 0.121278191895108 0.915038970775485
83 0 0.121278191895108 0.951356133446078
84 0 0.121278191895108 0.975678066723039
85 0 0.121278191895108 1
86 0 0.172050499654874 0
87 0 0.172050499654874 0.0486438665539222
88 0 0.172050499654874 0.121278191895108
89 0 0.172050499654874 0.22282280741464
90 0 0.172050499654874 0.352449403339098
91 0 0.172050499654874 0.5
92 0 0.172050499654874 0.647550596660902
93 0 0.172050499654874 0.77717719258536
94 0 0.172050499654874 0.878721808104892
95 0 0.172050499654874 0.951356133446078
96 0 0.172050499654874 1
97 0 0.22282280741464 0
98 0 0.22282280741464 0.0243219332769611
99 0 0.22282280741464 0.0486438665539222
100 0 0.22282280741464 0.0849610292245153
101 0 0.22282280741464 0.121278191895108
102 0 0.22282280741464 0.172050499654874
103 0 0.22282280741464 0.22282280741464
104 0 0.22282280741464 0.287636105376869
105 0 0.22282280741464 0.352449403339098
106 0 0.22282280741464 0.426224701669549
107 0 0.22282280741464 0.5
108 0 0.22282280741464 0.573775298330451
109 0 0.22282280741464 0.647550596660902
110 0 0.22282280741464 0.712363894623131
111 0 0.22282280741464 0.77717719258536
112 0 0.22282280741464 0.827949500345126
113 0 0.22282280741464 0.878721808104892
114 0 0.22282280741464 0.915038970775485
115 0 0.22282280741464 0.951356133446078
116 0 0.22282280741464 0.975678066723039
117 0 0.22282280741464 1
118 0 0.287636105376869 0
119 0 0.287636105376869 0.0486438665539222
120 0 0.287636105376869 0.121278191895108
121 0 0.287636105376869 0.22282280741464
122 0 0.287636105376869 0.352449403339098
123 0 0.287636105376869 0.5
124 0 0.287636105376869 0.647550596660902
125 0 0.287636105376869 0.77717719258536
126 0 0.287636105376869 0.878721808104892
127 0 0.287636105376869 0.951356133446078
128 0 0.287636105376869 1
129 0 0.352449403339098 0
130 0 0.352449403339098 0.0243219332769611
131 0 0.352449403339098 0.0486438665539222
132 0 0.352449403339098 0.0849610292245153
133 0 0.352449403339098 0.121278191895108
134 0 0.352449403339098 0.172050499654874
135 0 0.352449403339098 0.22282280741464
136 0 0.352449403339098 0.287636105376869
137 0 0.352449403339098 0.352449403339098
138 0 0.352449403339098 0.426224701669549
139 0 0.352449403339098 0.5
140 0 0.352449403339098 0.573775298330451
141 0 0.352449403339098 0.647550596660902
142 0 0.352449403339098 0.712363894623131
143 0 0.352449403339098 0.77717719258536
144 0 0.352449403339098 0.827949500345126
145 0 0.352449403339098 0.878721808104892
146 0 0.352449403339098 0.915038970775485
147 0 0.352449403339098 0.951356133446078
148 0 0.352449403339098 0.975678066723039
149 0 0.352449403339098 1
150 0 0.426224701669549 0
151 0 0.426224701669549 0.0486438665539222
152 0 0.426224701669549 0.121278191895108
153 0 0.426224701669549 0.22282280741464
154 0 0.426224701669549 0.352449403339098
155 0 0.426224701669549 0.5
156 0 0.426224701669549 0.647550596660902
157 0 0.426224701669549 0.77717719258536
158 0 0.426224701669549 0.878721808104892
159 0 0.426224701669549 0.951356133446078
160 0 0.426224701669549 1
161 0 0.5 0
162 0 0.5 0.0243219332769611
163 0 0.5 0.0486438665539222
164 0 0.5 0.0849610292245153
165 0 0.5 0.121278191895108
166 0 0.5 0.172050499654874
167 0 0.5 0.22282280741464
168 0 0.5 0.287636105376869
169 0 0.5 0.352449403339098
170 0 0.5 0.426224701669549
171 0 0.5 0.5
172 0 0.5 0.573775298330451
173 0 0.5 0.647550596660902
174 0 0.5 0.712363894623131
175 0 0.5 0.77717719258536
176 0 0.5 0.827949500345126
177 0 0.5 0.878721808104892
178 0 0.5 0.915038970775485
179 0 0.5 0.951356133446078
180 0 0.5 0.975678066723039
181 0 0.5 1
182 0 0.573775298330451 0
183 0 0.573775298330451 0.0486438665539222
184 0 0.573775298330451 0.121278191895108
185 0 0.573775298330451 0.22282280741464
186 0 0.573775298330451 0.352449403339098
187 0 0.573775298330451 0.5
188 0 0.573775298330451 0.647550596660902
189 0 0.573775298330451 0.77717719258536
190 0 0.573775298330451 0.878721808104892
191 0 0.573775298330451 0.951356133446078
192 0 0.573775298330451 1
193 0 0.647550596660902 0
194 0 0.647550596660902 0.0243219332769611
195 0 0.647550596660902 0.0486438665539222
196 0 0.647550596660902 0.0849610292245153
197 0 0.647550596660902 0.121278191895108
198 0 0.647550596660902 0.172050499654874
199 0 0.647550596660902 0.22282280741464
200 0 0.647550596660902 0.287636105376869
201 0 0.647550596660902 0.352449403339098
202 0 0.647550596660902 0.426224701669549
203 0 0.647550596660902 0.5
204 0 0.647550596660902 0.573775298330451
205 0 0.647550596660902 0.647550596660902
206 0 0.647550596660902 0.712363894623131
207 0 0.647550596660902 0.77717719258536
208 0 0.647550596660902 0.827949500345126
209 0 0.647550596660902 0.878721808104892
210 0 0.647550596660902 0.915038970775485
211 0 0.647550596660902 0.951356133446078
212 0 0.647550596660902 0.975678066723039
213 0 0.647550596660902 1
214 0 0.712363894623131 0
215 0 0.712363894623131 0.0486438665539222
216 0 0.712363894623131 0.121278191895108
217 0 0.712363894623131 0.22282280741464
218 0 0.712363894623131 0.352449403339098
219 0 0.712363894623131 0.5
220 0 0.712363894623131 0.647550596660902
221 0 0.712363894623131 0.77717719258536
222 0 0.712363894623131 0.878721808104892
223 0 0.712363894623131 0.951356133446078
224 0 0.712363894623131 1
225 0 0.77717719258536 0
226 0 0.77717719258536 0.0243219332769611
227 0 0.77717719258536 0.0486438665539222
228 0 0.77717719258536 0.0849610292245153
229 0 0.77717719258536 0.121278191895108
230 0 0.77717719258536 0.172050499654874
231 0 0.77717719258536 0.22282280741464
232 0 0.77717719258536 0.287636105376869
233 0 0.77717719258536 0.352449403339098
234 0 0.77717719258536 0.426224701669549
235 0 0.77717719258536 0.5
236 0 0.77717719258536 0.573775298330451
237 0 0.77717719258536 0.647550596660902
238 0 0.77717719258536 0.712363894623131
239 0 0.77717719258536 0.77717719258536
240 0 0.77717719258536 0.827949500345126
241 0 0.77717719258536 0.878721808104892
242 0 0.77717719258536 0.915038970775485
243 0 0.77717719258536 0.951356133446078
244 0 0.77717719258536 0.975678066723039
245 0 0.77717719258536 1
246 0 0.827949500345126 0
247 0 0.827949500345126 0.0486438665539222
248 0 0.827949500345126 0.121278191895108
249 0 0.827949500345126 0.22282280741464
250 0 0.827949500345126 0.352449403339098
251 0 0.827949500345126 0.5
252 0 0.827949500345126 0.647550596660902
253 0 0.827949500345126 0.77717719258536
254 0 0.827949500345126 0.878721808104892
255 0 0.827949500345126 0.951356133446078
256 0 0.827949500345126 1
257 0 0.878721808104892 0
258 0 0.878721808104892 0.0243219332769611
259 0 0.878721808104892 0.0486438665539222
260 0 0.878721808104892 0.0849610292245153
261 0 0.878721808104892 0.121278191895108
262 0 0.878721808104892 0.172050499654874
263 0 0.878721808104892 0.22282280741464
264 0 0.878721808104892 0.287636105376869
265 0 0.878721808104892 0.352449403339098
266 0 0.878721808104892 0.426224701669549
267 0 0.878721808104892 0.5
268 0 0.878721808104892 0.573775298330451
269 0 0.878721808104892 0.647550596660902
270 0 0.878721808104892 0.712363894623131
271 0 0.878721808104892 0.77717719258536
272 0 0.878721808104892 0.827949500345126
273 0 0.878721808104892 0.878721808104892
274 0 0.878721808104892 0.915038970775485
275 0 0.878721808104892 0.951356133446078
276 0 0.878721808104892 0.975678066723039
277 0 0.878721808104892 1
278 0 0.915038970775485 0
279 0 0.915038970775485 0.0486438665539222
280 0 0.915038970775485 0.121278191895108
281 0 0.915038970775485 0.22282280741464
282 0 0.915038970775485 0.352449403339098
283 0 0.915038970775485 0.5
284 0 0.915038970775485 0.647550596660902
285 0 0.915038970775485 0.77717719258536
286 0 0.915038970775485 0.878721808104892
287 0 0.915038970775485 0.951356133446078
288 0 0.915038970775485 1
289 0 0.951356133446078 0
290 0 0.951356133446078 0.0243219332769611
291 0 0.951356133446078 0.0486438665539222
292 0 0.951356133446078 0.0849610292245153
293 0 0.951356133446078 0.121278191895108
294 0 0.951356133446078 0.172050499654874
295 0 0.951356133446078 0.22282280741464
296 0 0.951356133446078 0.287636105376869
297 0 0.951356133446078 0.352449403339098
298 0 0.951356133446078 0.426224701669549
299 0 0.951356133446078 0.5
300 0 0.951356133446078 0.573775298330451
301 0 0.951356133446078 0.647550596660902
302 0 0.951356133446078 0.712363894623131
303 0 0.951356133446078 0.77717719258536
304 0 0.951356133446078 0.827949500345126
305 0 0.951356133446078 0.878721808104892
306 0 0.951356133446078 0.915038970775485
307 0 0.951356133446078 0.951356133446078
308 0 0.951356133446078 0.975678066723039
309 0 0.951356133446078 1
310 0 0.975678066723039 0
311 0 0.975678066723039 0.0486438665539222
312 0 0.975678066723039 0.121278191895108
313 0 0.975678066723039 0.22282280741464
314 0 0.975678066723039 0.352449403339098
315 0 0.975678066723039 0.5
316 0 0.975678066723039 0.647550596660902
317 0 0.975678066723039 0.77717719258536
318 0 0.975678066723039 0.878721808104892
319 0 0.975678066723039 0.951356133446078
320 0 0.975678066723039 1
321 0 1 0
322 0 1 0.0243219332769611
323 0 1 0.0486438665539222
324 0 1 0.0849610292245153
325 0 1 0.121278191895108
326 0 1 0.172050499654874
327 0 1 0.22282280741464
328 0 1 0.287636105376869
329 0 1 0.352449403339098
330 0 1 0.426224701669549
331 0 1 0.5
332 0 1 0.573775298330451
333 0 1 0.647550596660902
334 0 1 0.712363894623131
335 0 1 0.77717719258536
336 0 1 0.827949500345126
337 0 1 0.878721808104892
338 0 1 0.915038970775485
339 0 1 0.951356133446078
340 0 1 0.975678066723039
341 0 1 1
342 0.0243219332769611 0 0
343 0.0243219332769611 0 0.0486438665539222
344 0.0243219332769611 0 0.121278191895108
345 0.0243219332769611 0 0.22282280741464
346 0.0243219332769611 0 0.352449403339098
347 0.0243219332769611 0 0.5
348 0.0243219332769611 0 0.647550596660902
349 0.0243219332769611 0 0.77717719258536
350 0.0243219332769611 0 0.878721808104892
351 0.0243219332769611 0 0.951356133446078
352 0.0243219332769611 0 1
353 0.0243219332769611 0.0486438665539222 0
354 0.0243219332769611 0.0486438665539222 0.0486438665539222
355 0.0243219332769611 0.0486438665539222 0.121278191895108
356 0.0243219332769611 0.0486438665539222 0.22282280741464
357 0.0243219332769611 0.0486438665539222 0.352449403339098
358 0.0243219332769611 0.0486438665539222 0.5
359 0.0243219332769611 0.0486438665539222 0.647550596660902
360 0.0243219332769611 0.0486438665539222 0.77717719258536
361 0.0243219332769611 0.0486438665539222 0.878721808104892
362 0.0243219332769611 0.0486438665539222 0.951356133446078
363 0.0243219332769611 0.0486438665539222 1
364 0.0243219332769611 0.121278191895108 0
365 0.0243219332769611 0.121278191895108 0.0486438665539222
366 0.0243219332769611 0.121278191895108 0.121278191895108
367 0.0243219332769611 0.121278191895108 0.22282280741464
368 0.0243219332769611 0.121278191895108 0.352449403339098
369 0.0243219332769611 0.121278191895108 0.5
370 0.0243219332769611 0.121278191895108 0.647550596660902
371 0.0243219332769611 0.121278191895108 0.77717719258536
372 0.0243219332769611 0.121278191895108 0.878721808104892
373 0.0243219332769611 0.121278191895108 0.951356133446078
374 0.0243219332769611 0.121278191895108 1
375 0.0243219332769611 0.22282280741464 0
376 0.0243219332769611 0.22282280741464 0.0486438665539222
377 0.0243219332769611 0.22282280741464 0.121278191895108
378 0.0243219332769611 0.22282280741464 0.22282280741464
379 0.0243219332769611 0.22282280741464 0.352449403339098
380 0.0243219332769611 0.22282280741464 0.5
381 0.0243219332769611 0.22282280741464 0.647550596660902
382 0.0243219332769611 0.22282280741464 0.77717719258536
383 0.0243219332769611 0.22282280741464 0.878721808104892
384 0.0243219332769611 0.22282280741464 0.951356133446078
385 0.0243219332769611 0.22282280741464 1
386 0.0243219332769611 0.352449403339098 0
387 0.0243219332769611 0.352449403339098 0.0486438665539222
388 0.0243219332769611 0.352449403339098 0.121278191895108
389 0.0243219332769611 0.352449403339098 0.22282280741464
390 0.0243219332769611 0.352449403339098 0.352449403339098
391 0.0243219332769611 0.352449403339098 0.5
392 0.0243219332769611 0.352449403339098 0.647550596660902
393 0.0243219332769611 0.352449403339098 0.77717719258536
394 0.0243219332769611 0.352449403339098 0.878721808104892
395 0.0243219332769611 0.352449403339098 0.951356133446078
396 0.0243219332769611 0.352449403339098 1
397 0.0243219332769611 0.5 0
398 0.0243219332769611 0.5 0.0486438665539222
399 0.0243219332769611 0.5 0.121278191895108
400 0.0243219332769611 0.5 0.22282280741464
401 0.0243219332769611 0.5 0.352449403339098
402 0.0243219332769611 0.5 0.5
403 0.0243219332769611 0.5 0.647550596660902
404 0.0243219332769611 0.5 0.77717719258536
405 0.0243219332769611 0.5 0.878721808104892
406 0.0243219332769611 0.5 0.951356133446078
407 0.0243219332769611 0.5 1
408 0.0243219332769611 0.647550596660902 0
409 0.0243219332769611 0.647550596660902 0.0486438665539222
410 0.0243219332769611 0.647550596660902 0.121278191895108
411 0.0243219332769611 0.647550596660902 0.22282280741464
412 0.0243219332769611 0.647550596660902 0.352449403339098
413 0.0243219332769611 0.647550596660902 0.5
414 0.0243219332769611 0.647550596660902 0.647550596660902
415 0.0243219332769611 0.647550596660902 0.77717719258536
416 0.0243219332769611 0.647550596660902 0.878721808104892
417 0.0243219332769611 0.647550596660902 0.951356133446078
418 0.0243219332769611 0.647550596660902 1
419 0.0243219332769611 0.77717719258536 0
420 0.0243219332769611 0.77717719258536 0.0486438665539222
421 0.0243219332769611 0.77717719258536 0.121278191895108
422 0.0243219332769611 0.77717719258536 0.22282280741464
423 0.0243219332769611 0.77717719258536 0.352449403339098
424 0.0243219332769611 0.77717719258536 0.5
425 0.0243219332769611 0.77717719258536 0.647550596660902
426 0.0243219332769611 0.77717719258536 0.77717719258536
427 0.0243219332769611 0.77717719258536 0.878721808104892
428 0.0243219332769611 0.77717719258536 0.951356133446078
429 0.0243219332769611 0.77717719258536 1
430 0.0243219332769611 0.878721808104892 0
431 0.0243219332769611 0.878721808104892 0.0486438665539222
432 0.0243219332769611 0.878721808104892 0.121278191895108
433 0.0243219332769611 0.878721808104892 0.22282280741464
434 0.0243219332769611 0.878721808104892 0.352449403339098
435 0.0243219332769611 0.878721808104892 0.5
436 0.0243219332769611 0.878721808104892 0.647550596660902
437 0.0243219332769611 0.878721808104892 0.77717719258536
438 0.0243219332769611 0.878721808104892 0.878721808104892
439 0.0243219332769611 0.878721808104892 0.951356133446078
440 0.0243219332769611 0.878721808104892 1
441 0.0243219332769611 0.951356133446078 0
442 0.0243219332769611 0.951356133446078 0.0486438665539222
443 0.0243219332769611 0.951356133446078 0.121278191895108
444 0.0243219332769611 0.951356133446078 0.22282280741464
445 0.0243219332769611 0.951356133446078 0.352449403339098
446 0.0243219332769611 0.951356133446078 0.5
447 0.0243219332769611 0.951356133446078 0.647550596660902
448 0.0243219332769611 0.951356133446078 0.77717719258536
449 0.0243219332769611 0.951356133446078 0.878721808104892
450 0.0243219332769611 0.951356133446078 0.951356133446078
451 0.0243219332769611 0.951356133446078 1
452 0.0243219332769611 1 0
453 0.0243219332769611 1 0.0486438665539222
454 0.0243219332769611 1 0.121278191895108
455 0.0243219332769611 1 0.22282280741464
456 0.0243219332769611 1 0.352449403339098
457 0.0243219332769611 1 0.5
458 0.0243219332769611 1 0.647550596660902
459 0.0243219332769611 1 0.77717719258536
460 0.0243219332769611 1 0.878721808104892
461 0.0243219332769611 1 0.951356133446078
462 0.0243219332769611 1 1
463 0.0486438665539222 0 0
464 0.0486438665539222 0 0.0243219332769611
465 0.0486438665539222 0 0.0486438665539222
466 0.0486438665539222 0 0.0849610292245153
467 0.0486438665539222 0 0.121278191895108
468 0.0486438665539222 0 0.172050499654874
469 0.0486438665539222 0 0.22282280741464
470 0.0486438665539222 0 0.287636105376869
471 0.0486438665539222 0 0.352449403339098
472 0.0486438665539222 0 0.426224701669549
473 0.0486438665539222 0 0.5
474 0.0486438665539222 0 0.573775298330451
475 0.0486438665539222 0 0.647550596660902
476 0.0486438665539222 0 0.712363894623131
477 0.0486438665539222 0 0.77717719258536
478 0.0486438665539222 0 0.827949500345126
479 0.0486438665539222 0 0.878721808104892
480 0.0486438665539222 0 0.915038970775485
481 0.0486438665539222 0 0.951356133446078
482 0.0486438665539222 0 0.975678066723039
483 0.0486438665539222 0 1
484 0.0486438665539222 0.0243219332769611 0
485 0.0486438665539222 0.0243219332769611 0.0486438665539222
486 0.0486438665539222 0.0243219332769611 0.121278191895108
487 0.0486438665539222 0.0243219332769611 0.22282280741464
488 0.0486438665539222 0.0243219332769611 0.352449403339098
489 0.0486438665539222 0.0243219332769611 0.5
490 0.0486438665539222 0.0243219332769611 0.647550596660902
491 0.0486438665539222 0.0243219332769611 0.77717719258536
492 0.0486438665539222 0.0243219332769611 0.878721808104892
493 0.0486438665539222 0.0243219332769611 0.951356133446078
494 0.0486438665539222 0.0243219332769611 1
495 0.0486438665539222 0.0486438665539222 0
496 0.0486438665539222 0.0486438665539222 0.0243219332769611
497 0.0486438665539222 0.0486438665539222 0.0486438665539222
498 0.0486438665539222 0.0486438665539222 0.0849610292245153
499 0.0486438665539222 0.0486438665539222 0.121278191895108
500 0.0486438665539222 0.0486438665539222 0.172050499654874
501 0.0486438665539222 0.0486438665539222 0.22282280741464
502 0.0486438665539222 0.0486438665539222 0.287636105376869
503 0.0486438665539222 0.0486438665539222 0.352449403339098
504 0.0486438665539222 0.0486438665539222 0.426224701669549
505 0.0486438665539222 0.0486438665539222 0.5
506 0.0486438665539222 0.0486438665539222 0.573775298330451
507 0.0486438665539222 0.0486438665539222 0.647550596660902
508 0.0486438665539222 0.0486438665539222 0.712363894623131
509 0.0486438665539222 0.0486438665539222 0.77717719258536
510 0.0486438665539222 0.0486438665539222 0.827949500345126
511 0.0486438665539222 0.0486438665539222 0.878721808104892
512 0.0486438665539222 0.0486438665539222 0.915038970775485
513 0.0486438665539222 0.0486438665539222 0.951356133446078
514 0.0486438665539222 0.0486438665539222 0.975678066723039
515 0.0486438665539222 0.0486438665539222 1
516 0.0486438665539222 0.0849610292245153 0
517 0.0486438665539222 0.0849610292245153 0.0486438665539222
518 0.0486438665539222 0.0849610292245153 0.121278191895108
519 0.0486438665539222 0.0849610292245153 0.22282280741464
520 0.0486438665539222 0.0849610292245153 0.352449403339098
521 0.0486438665539222 0.0849610292245153 0.5
522 0.0486438665539222 0.0849610292245153 0.647550596660902
523 0.0486438665539222 0.0849610292245153 0.77717719258536
524 0.0486438665539222 0.0849610292245153 0.878721808104892
525 0.0486438665539222 0.0849610292245153 0.951356133446078
526 0.0486438665539222 0.0849610292245153 1
527 0.0486438665539222 0.121278191895108 0
528 0.0486438665539222 0.121278191895108 0.0243219332769611
529 0.0486438665539222 0.121278191895108 0.0486438665539222
530 0.0486438665539222 0.121278191895108 0.0849610292245153
531 0.0486438665539222 0.121278191895108 0.121278191895108
532 0.0486438665539222 0.121278191895108 0.172050499654874
533 0.0486438665539222 0.121278191895108 0.22282280741464
534 0.0486438665539222 0.121278191895108 0.287636105376869
535 0.0486438665539222 0.121278191895108 0.352449403339098
536 0.0486438665539222 0.121278191895108 0.426224701669549
537 0.0486438665539222 0.121278191895108 0.5
538 0.0486438665539222 0.121278191895108 0.573775298330451
539 0.0486438665539222 0.121278191895108 0.647550596660902
540 0.0486438665539222 0.121278191895108 0.712363894623131
541 0.0486438665539222 0.121278191895108 0.77717719258536
542 0.0486438665539222 0.121278191895108 0.827949500345126
543 0.0486438665539222 0.121278191895108 0.878721808104892
544 0.0486438665539222 0.121278191895108 0.915038970775485
545 0.0486438665539222 0.121278191895108 0.951356133446078
546 0.0486438665539222 0.121278191895108 0.975678066723039
547 0.0486438665539222 0.121278191895108 1
548 0.0486438665539222 0.172050499654874 0
549 0.0486438665539222 0.172050499654874 0.0486438665539222
550 0.0486438665539222 0.172050499654874 0.121278191895108
551 0.0486438665539222 0.172050499654874 0.22282280741464
552 0.0486438665539222 0.172050499654874 0.352449403339098
553 0.0486438665539222 0.172050499654874 0.5
554 0.0486438665539222 0.172050499654874 0.647550596660902
555 0.0486438665539222 0.172050499654874 0.77717719258536
556 0.0486438665539222 0.172050499654874 0.878721808104892
557 0.0486438665539222 0.172050499654874 0.951356133446078
558 0.0486438665539222 0.172050499654874 1
559 0.0486438665539222 0.22282280741464 0
560 0.0486438665539222 0.22282280741464 0.0243219332769611
561 0.0486438665539222 0.22282280741464 0.0486438665539222
562 0.0486438665539222 0.22282280741464 0.0849610292245153
563 0.0486438665539222 0.22282280741464 0.121278191895108
564 0.0486438665539222 0.22282280741464 0.172050499654874
565 0.0486438665539222 0.22282280741464 0.22282280741464
566 0.0486438665539222 0.22282280741464 0.287636105376869
567 0.0486438665539222 0.22282280741464 0.352449403339098
568 0.0486438665539222 0.22282280741464 0.426224701669549
569 0.0486438665539222 0.22282280741464 0.5
570 0.0486438665539222 0.22282280741464 0.573775298330451
571 0.0486438665539222 0.22282280741464 0.647550596660902
572 0.0486438665539222 0.22282280741464 0.712363894623131
573 0.0486438665539222 0.22282280741464 0.77717719258536
574 0.0486438665539222 0.22282280741464 0.827949500345126
575 0.0486438665539222 0.22282280741464 0.878721808104892
576 0.0486438665539222 0.22282280741464 0.915038970775485
577 0.0486438665539222 0.22282280741464 0.951356133446078
578 0.0486438665539222 0.22282280741464 0.975678066723039
579 0.0486438665539222 0.22282280741464 1
580 0.0486438665539222 0.287636105376869 0
581 0.0486438665539222 0.287636105376869 0.0486438665539222
582 0.0486438665539222 0.287636105376869 0.121278191895108
583 0.0486438665539222 0.287636105376869 0.22282280741464
584 0.0486438665539222 0.287636105376869 0.352449403339098
585 0.0486438665539222 0.287636105376869 0.5
586 0.0486438665539222 0.287636105376869 0.647550596660902
587 0.0486438665539222 0.287636105376869 0.77717719258536
588 0.0486438665539222 0.287636105376869 0.878721808104892
589 0.0486438665539222 0.287636105376869 0.951356133446078
590 0.0486438665539222 0.287636105376869 1
591 0.0486438665539222 0.352449403339098 0
592 0.0486438665539222 0.352449403339098 0.0243219332769611
593 0.0486438665539222 0.352449403339098 0.0486438665539222
594 0.0486438665539222 0.352449403339098 0.0849610292245153
595 0.0486438665539222 0.352449403339098 0.121278191895108
596 0.0486438665539222 0.352449403339098 0.172050499654874
597 0.0486438665539222 0.352449403339098 0.22282280741464
598 0.0486438665539222 0.352449403339098 0.287636105376869
599 0.0486438665539222 0.352449403339098 0.352449403339098
600 0.0486438665539222 0.352449403339098 0.426224701669549
601 0.0486438665539222 0.352449403339098 0.5
602 0.0486438665539222 0.352449403339098 0.573775298330451
603 0.0486438665539222 0.352449403339098 0.647550596660902
604 0.0486438665539222 0.352449403339098 0.712363894623131
605 0.0486438665539222 0.352449403339098 0.77717719258536
606 0.0486438665539222 0.352449403339098 0.827949500345126
607 0.0486438665539222 0.352449403339098 0.878721808104892
608 0.0486438665539222 0.352449403339098 0.915038970775485
609 0.0486438665539222 0.352449403339098 0.951356133446078
610 0.0486438665539222 0.352449403339098 0.975678066723039
611 0.0486438665539222 0.352449403339098 1
612 0.0486438665539222 0.426224701669549 0
613 0.0486438665539222 0.426224701669549 0.0486438665539222
614 0.0486438665539222 0.426224701669549 0.121278191895108
615 0.0486438665539222 0.426224701669549 0.22282280741464
616 0.0486438665539222 0.426224701669549 0.352449403339098
617 0.0486438665539222 0.426224701669549 0.5
618 0.0486438665539222 0.426224701669549 0.647550596660902
619 0.0486438665539222 0.426224701669549 0.77717719258536
620 0.0486438665539222 0.426224701669549 0.878721808104892
621 0.0486438665539222 0.426224701669549 0.951356133446078
622 0.0486438665539222 0.426224701669549 1
623 0.0486438665539222 0.5 0
624 0.0486438665539222 0.5 0.0243219332769611
625 0.0486438665539222 0.5 0.0486438665539222
626 0.0486438665539222 0.5 0.0849610292245153
627 0.0486438665539222 0.5 0.121278191895108
628 0.0486438665539222 0.5 0.172050499654874
629 0.0486438665539222 0.5 0.22282280741464
630 0.0486438665539222 0.5 0.287636105376869
631 0.0486438665539222 0.5 0.352449403339098
632 0.0486438665539222 0.5 0.426224701669549
633 0.0486438665539222 0.5 0.5
634 0.0486438665539222 0.5 0.573775298330451
635 0.0486438665539222 0.5 0.647550596660902
636 0.0486438665539222 0.5 0.712363894623131
637 0.0486438665539222 0.5 0.77717719258536
638 0.0486438665539222 0.5 0.827949500345126
639 0.0486438665539222 0.5 0.878721808104892
640 0.0486438665539222 0.5 0.915038970775485
641 0.0486438665539222 0.5 0.951356133446078
642 0.0486438665539222 0.5 0.975678066723039
643 0.0486438665539222 0.5 1
644 0.0486438665539222 0.573775298330451 0
645 0.0486438665539222 0.573775298330451 0.0486438665539222
646 0.0486438665539222 0.573775298330451 0.121278191895108
647 0.0486438665539222 0.573775298330451 0.22282280741464
648 0.0486438665539222 0.573775298330451 0.352449403339098
649 0.0486438665539222 0.573775298330451 0.5
650 0.0486438665539222 0.573775298330451 0.647550596660902
651 0.0486438665539222 0.573775298330451 0.77717719258536
652 0.0486438665539222 0.573775298330451 0.878721808104892
653 0.0486438665539222 0.573775298330451 0.951356133446078
654 0.0486438665539222 0.573775298330451 1
655 0.0486438665539222 0.647550596660902 0
656 0.0486438665539222 0.647550596660902 0.0243219332769611
657 0.0486438665539222 0.647550596660902 0.0486438665539222
658 0.0486438665539222 0.647550596660902 0.0849610292245153
659 0.0486438665539222 0.647550596660902 0.121278191895108
660 0.0486438665539222 0.647550596660902 0.172050499654874
661 0.0486438665539222 0.647550596660902 0.22282280741464
662 0.0486438665539222 0.647550596660902 0.287636105376869
663 0.0486438665539222 0.647550596660902 0.352449403339098
664 0.0486438665539222 0.647550596660902 0.426224701669549
665 0.0486438665539222 0.647550596660902 0.5
666 0.0486438665539222 0.647550596660902 0.573775298330451
667 0.0486438665539222 0.647550596660902 0.647550596660902
668 0.0486438665539222 0.647550596660902 0.712363894623131
669 0.0486438665539222 0.647550596660902 0.77717719258536
670 0.0486438665539222 0.647550596660902 0.827949500345126
671 0.0486438665539222 0.647550596660902 0.878721808104892
672 0.0486438665539222 0.647550596660902 0.915038970775485
673 0.0486438665539222 0.647550596660902 0.951356133446078
674 0.0486438665539222 0.647550596660902 0.975678066723039
675 0.0486438665539222 0.647550596660902 1
676 0.0486438665539222 0.712363894623131 0
677 0.0486438665539222 0.712363894623131 0.0486438665539222
678 0.0486438665539222 0.712363894623131 0.121278191895108
679 0.0486438665539222 0.712363894623131 0.22282280741464
680 0.0486438665539222 0.712363894623131 0.352449403339098
681 0.0486438665539222 0.712363894623131 0.5
682 0.0486438665539222 0.712363894623131 0.647550596660902
683 0.0486438665539222 0.712363894623131 0.77717719258536
684 0.0486438665539222 0.712363894623131 0.878721808104892
685 0.0486438665539222 0.712363894623131 0.951356133446078
686 0.0486438665539222 0.712363894623131 1
687 0.0486438665539222 0.77717719258536 0
688 0.0486438665539222 0.77717719258536 0.0243219332769611
689 0.0486438665539222 0.77717719258536 0.0486438665539222
690 0.0486438665539222 0.77717719258536 0.0849610292245153
691 0.0486438665539222 0.77717719258536 0.121278191895108
692 0.0486438665539222 0.77717719258536 0.172050499654874
693 0.0486438665539222 0.77717719258536 0.22282280741464
694 0.0486438665539222 0.77717719258536 0.287636105376869
695 0.0486438665539222 0.77717719258536 0.352449403339098
696 0.0486438665539222 0.77717719258536 0.426224701669549
697 0.0486438665539222 0.77717719258536 0.5
698 0.0486438665539222 0.77717719258536 0.573775298330451
699 0.0486438665539222 0.77717719258536 0.647550596660902
700 0.0486438665539222 0.77717719258536 0.712363894623131
701 0.0486438665539222 0.77717719258536 0.77717719258536
702 0.0486438665539222 0.77717719258536 0.827949500345126
703 0.0486438665539222 0.77717719258536 0.878721808104892
704 0.0486438665539222 0.77717719258536 0.915038970775485
705 0.0486438665539222 0.77717719258536 0.951356133446078
706 0.0486438665539222 0.77717719258536 0.975678066723039
707 0.0486438665539222 0.77717719258536 1
708 0.0486438665539222 0.827949500345126 0
709 0.0486438665539222 0.827949500345126 0.0486438665539222
710 0.0486438665539222 0.827949500345126 0.121278191895108
711 0.0486438665539222 0.827949500345126 0.22282280741464
712 0.0486438665539222 0.827949500345126 0.352449403339098
713 0.0486438665539222 0.827949500345126 0.5
714 0.0486438665539222 0.827949500345126 0.647550596660902
715 0.0486438665539222 0.827949500345126 0.77717719258536
716 0.0486438665539222 0.827949500345126 0.878721808104892
717 0.0486438665539222 0.827949500345126 0.951356133446078
718 0.0486438665539222 0.827949500345126 1
719 0.0486438665539222 0.878721808104892 0
720 0.0486438665539222 0.878721808104892 0.0243219332769611
721 0.0486438665539222 0.878721808104892 0.0486438665539222
722 0.0486438665539222 0.878721808104892 0.0849610292245153
723 0.0486438665539222 0.878721808104892 0.121278191895108
724 0.0486438665539222 0.878721808104892 0.172050499654874
725 0.0486438665539222 0.878721808104892 0.22282280741464
726 0.0486438665539222 0.878721808104892 0.287636105376869
727 0.0486438665539222 0.878721808104892 0.352449403339098
728 0.0486438665539222 0.878721808104892 0.426224701669549
729 0.0486438665539222 0.878721808104892 0.5
730 0.0486438665539222 0.878721808104892 0.573775298330451
731 0.0486438665539222 0.878721808104892 0.647550596660902
732 0.0486438665539222 0.878721808104892 0.712363894623131
733 0.0486438665539222 0.878721808104892 0.77717719258536
734 0.0486438665539222 0.878721808104892 0.827949500345126
735 0.0486438665539222 0.878721808104892 0.878721808104892
736 0.0486438665539222 0.878721808104892 0.915038970775485
737 0.0486438665539222 0.878721808104892 0.951356133446078
738 0.0486438665539222 0.878721808104892 0.975678066723039
739 0.0486438665539222 0.878721808104892 1
740 0.0486438665539222 0.915038970775485 0
741 0.0486438665539222 0.915038970775485 0.0486438665539222
742 0.0486438665539222 0.915038970775485 0.121278191895108
743 0.0486438665539222 0.915038970775485 0.22282280741464
744 0.0486438665539222 0.915038970775485 0.352449403339098
745 0.0486438665539222 0.915038970775485 0.5
746 0.0486438665539222 0.915038970775485 0.647550596660902
747 0.0486438665539222 0.915038970775485 0.77717719258536
748 0.0486438665539222 0.915038970775485 0.878721808104892
749 0.0486438665539222 0.915038970775485 0.951356133446078
750 0.0486438665539222 0.915038970775485 1
751 0.0486438665539222 0.951356133446078 0
752 0.0486438665539222 0.951356133446078 0.0243219332769611
753 0.0486438665539222 0.951356133446078 0.0486438665539222
754 0.0486438665539222 0.951356133446078 0.0849610292245153
755 0.0486438665539222 0.951356133446078 0.121278191895108
756 0.0486438665539222 0.951356133446078 0.172050499654874
757 0.0486438665539222 0.951356133446078 0.22282280741464
758 0.0486438665539222 0.951356133446078 0.287636105376869
759 0.0486438665539222 0.951356133446078 0.352449403339098
760 0.0486438665539222 0.951356133446078 0.426224701669549
761 0.0486438665539222 0.951356133446078 0.5
762 0.0486438665539222 0.951356133446078 0.573775298330451
763 0.0486438665539222 0.951356133446078 0.647550596660902
764 0.0486438665539222 0.951356133446078 0.712363894623131
765 0.0486438665539222 0.951356133446078 0.77717719258536
766 0.0486438665539222 0.951356133446078 0.827949500345126
767 0.0486438665539222 0.951356133446078 0.878721808104892
768 0.0486438665539222 0.951356133446078 0.915038970775485
769 0.0486438665539222 0.951356133446078 0.951356133446078
770 0.0486438665539222 0.951356133446078 0.975678066723039
771 0.0486438665539222 0.951356133446078 1
772 0.0486438665539222 0.975678066723039 0
773 0.0486438665539222 0.975678066723039 0.0486438665539222
774 0.0486438665539222 0.975678066723039 0.121278191895108
775 0.0486438665539222 0.975678066723039 0.22282280741464
776 0.0486438665539222 0.975678066723039 0.352449403339098
777 0.0486438665539222 0.975678066723039 0.5
778 0.0486438665539222 0.975678066723039 0.647550596660902
779 0.0486438665539222 0.975678066723039 0.77717719258536
780 0.0486438665539222 0.975678066723039 0.878721808104892
781 0.0486438665539222 0.975678066723039 0.951356133446078
782 0.0486438665539222 0.975678066723039 1
783 0.0486438665539222 1 0
784 0.0486438665539222 1 0.0243219332769611
785 0.0486438665539222 1 0.0486438665539222
786 0.0486438665539222 1 0.0849610292245153
787 0.0486438665539222 1 0.121278191895108
788 0.0486438665539222 1 0.172050499654874
789 0.0486438665539222 1 0.22282280741464
790 0.0486438665539222 1 0.287636105376869
791 0.0486438665539222 1 0.352449403339098
792 0.0486438665539222 1 0.426224701669549
793 0.0486438665539222 1 0.5
794 0.0486438665539222 1 0.573775298330451
795 0.0486438665539222 1 0.647550596660902
796 0.0486438665539222 1 0.712363894623131
797 0.0486438665539222 1 0.77717719258536
798 0.0486438665539222 1 0.827949500345126
799 0.0486438665539222 1 0.878721808104892
800 0.0486438665539222 1 0.915038970775485
801 0.0486438665539222 1 0.951356133446078
802 0.0486438665539222 1 0.975678066723039
803 0.0486438665539222 1 1
804 0.0849610292245153 0 0
805 0.0849610292245153 0 0.0486438665539222
806 0.0849610292245153 0 0.121278191895108
807 0.0849610292245153 0 0.22282280741464
808 0.0849610292245153 0 0.352449403339098
809 0.0849610292245153 0 0.5
810 0.0849610292245153 0 0.647550596660902
811 0.0849610292245153 0 0.77717719258536
812 0.0849610292245153 0 0.878721808104892
813 0.0849610292245153 0 0.951356133446078
814 0.0849610292245153 0 1
815 0.0849610292245153 0.0486438665539222 0
816 0.0849610292245153 0.0486438665539222 0.0486438665539222
817 0.0849610292245153 0.0486438665539222 0.121278191895108
818 0.0849610292245153 0.0486438665539222 0.22282280741464
819 0.0849610292245153 0.0486438665539222 0.352449403339098
820 0.0849610292245153 0.0486438665539222 0.5
821 0.0849610292245153 0.0486438665539222 0.647550596660902
822 0.0849610292245153 0.0486438665539222 0.77717719258536
823 0.0849610292245153 0.0486438665539222 0.878721808104892
824 0.0849610292245153 0.0486438665539222 0.951356133446078
825 0.0849610292245153 0.0486438665539222 1
826 0.0849610292245153 0.121278191895108 0
827 0.0849610292245153 0.121278191895108 0.0486438665539222
828 0.0849610292245153 0.121278191895108 0.121278191895108
829 0.0849610292245153 0.121278191895108 0.22282280741464
830 0.0849610292245153 0.121278191895108 0.352449403339098
831 0.0849610292245153 0.121278191895108 0.5
832 0.0849610292245153 0.121278191895108 0.647550596660902
833 0.0849610292245153 0.121278191895108 0.77717719258536
834 0.0849610292245153 0.121278191895108 0.878721808104892
835 0.0849610292245153 0.121278191895108 0.951356133446078
836 0.0849610292245153 0.121278191895108 1
837 0.0849610292245153 0.22282280741464 0
838 0.0849610292245153 0.22282280741464 0.0486438665539222
839 0.0849610292245153 0.22282280741464 0.121278191895108
840 0.0849610292245153 0.22282280741464 0.22282280741464
841 0.0849610292245153 0.22282280741464 0.352449403339098
842 0.0849610292245153 0.22282280741464 0.5
843 0.0849610292245153 0.22282280741464 0.647550596660902
844 0.0849610292245153 0.22282280741464 0.77717719258536
845 0.0849610292245153 0.22282280741464 0.878721808104892
846 0.0849610292245153 0.22282280741464 0.951356133446078
847 0.0849610292245153 0.22282280741464 1
848 0.0849610292245153 0.352449403339098 0
849 0.0849610292245153 0.352449403339098 0.0486438665539222
850 0.0849610292245153 0.352449403339098 0.121278191895108
851 0.0849610292245153 0.352449403339098 0.22282280741464
852 0.0849610292245153 0.352449403339098 0.352449403339098
853 0.0849610292245153 0.352449403339098 0.5
854 0.0849610292245153 0.352449403339098 0.647550596660902
855 0.0849610292245153 0.352449403339098 0.77717719258536
856 0.0849610292245153 0.352449403339098 0.878721808104892
857 0.0849610292245153 0.352449403339098 0.951356133446078
858 0.0849610292245153 0.352449403339098 1
859 0.0849610292245153 0.5 0
860 0.0849610292245153 0.5 0.0486438665539222
861 0.0849610292245153 0.5 0.121278191895108
862 0.0849610292245153 0.5 0.22282280741464
863 0.0849610292245153 0.5 0.352449403339098
864 0.0849610292245153 0.5 0.5
865 0.0849610292245153 0.5 0.647550596660902
866 0.0849610292245153 0.5 0.77717719258536
867 0.0849610292245153 0.5 0.878721808104892
868 0.0849610292245153 0.5 0.951356133446078
869 0.0849610292245153 0.5 1
870 0.0849610292245153 0.647550596660902 0
871 0.0849610292245153 0.647550596660902 0.0486438665539222
872 0.0849610292245153 0.647550596660902 0.121278191895108
873 0.0849610292245153 0.647550596660902 0.22282280741464
874 0.0849610292245153 0.647550596660902 0.352449403339098
875 0.0849610292245153 0.647550596660902 0.5
876 0.0849610292245153 0.647550596660902 0.647550596660902
877 0.0849610292245153 0.647550596660902 0.77717719258536
878 0.0849610292245153 0.647550596660902 0.878721808104892
879 0.0849610292245153 0.647550596660902 0.951356133446078
880 0.0849610292245153 0.647550596660902 1
881 0.0849610292245153 0.77717719258536 0
882 0.0849610292245153 0.77717719258536 0.0486438665539222
883 0.0849610292245153 0.77717719258536 0.121278191895108
884 0.0849610292245153 0.77717719258536 0.22282280741464
885 0.0849610292245153 0.77717719258536 0.352449403339098
886 0.0849610292245153 0.77717719258536 0.5
887 0.0849610292245153 0.77717719258536 0.647550596660902
888 0.0849610292245153 0.77717719258536 0.77717719258536
889 0.0849610292245153 0.77717719258536 0.878721808104892
890 0.0849610292245153 0.77717719258536 0.951356133446078
891 0.0849610292245153 0.77717719258536 1
892 0.0849610292245153 0.878721808104892 0
893 0.0849610292245153 0.878721808104892 0.0486438665539222
894 0.0849610292245153 0.878721808104892 0.121278191895108
895 0.0849610292245153 0.878721808104892 0.22282280741464
896 0.0849610292245153 0.878721808104892 0.352449403339098
897 0.0849610292245153 0.878721808104892 0.5
898 0.0849610292245153 0.878721808104892 0.647550596660902
899 0.0849610292245153 0.878721808104892 0.77717719258536
900 0.0849610292245153 0.878721808104892 0.878721808104892
901 0.0849610292245153 0.878721808104892 0.951356133446078
902 0.0849610292245153 0.878721808104892 1
903 0.0849610292245153 0.951356133446078 0
904 0.0849610292245153 0.951356133446078 0.0486438665539222
905 0.0849610292245153 0.951356133446078 0.121278191895108
906 0.0849610292245153 0.951356133446078 0.22282280741464
907 0.0849610292245153 0.951356133446078 0.352449403339098
908 0.0849610292245153 0.951356133446078 0.5
909 0.0849610292245153 0.951356133446078 0.647550596660902
910 0.0849610292245153 0.951356133446078 0.77717719258536
911 0.0849610292245153 0.951356133446078 0.878721808104892
912 0.0849610292245153 0.951356133446078 0.951356133446078
913 0.0849610292245153 0.951356133446078 1
914 0.0849610292245153 1 0
915 0.0849610292245153 1 0.0486438665539222
916 0.0849610292245153 1 0.121278191895108
917 0.0849610292245153 1 0.22282280741464
918 0.0849610292245153 1 0.352449403339098
919 0.0849610292245153 1 0.5
920 0.0849610292245153 1 0.647550596660902
921 0.0849610292245153 1 0.77717719258536
922 0.0849610292245153 1 0.878721808104892
923 0.0849610292245153 1 0.951356133446078
924 0.0849610292245153 1 1
925 0.121278191895108 0 0
926 0.121278191895108 0 0.0243219332769611
927 0.121278191895108 0 0.0486438665539222
928 0.121278191895108 0 0.0849610292245153
929 0.121278191895108 0 0.121278191895108
930 0.121278191895108 0 0.172050499654874
931 0.121278191895108 0 0.22282280741464
932 0.121278191895108 0 0.287636105376869
933 0.121278191895108 0 0.352449403339098
934 0.121278191895108 0 0.426224701669549
935 0.121278191895108 0 0.5
936 0.121278191895108 0 0.573775298330451
937 0.121278191895108 0 0.647550596660902
938 0.121278191895108 0 0.712363894623131
939 0.121278191895108 0 0.77717719258536
940 0.121278191895108 0 0.827949500345126
941 0.121278191895108 0 0.878721808104892
942 0.121278191895108 0 0.915038970775485
943 0.121278191895108 0 0.951356133446078
944 0.121278191895108 0 0.975678066723039
945 0.121278191895108 0 1
946 0.121278191895108 0.0243219332769611 0
947 0.121278191895108 0.0243219332769611 0.0486438665539222
948 0.121278191895108 0.0243219332769611 0.121278191895108
949 0.121278191895108 0.0243219332769611 0.22282280741464
950 0.121278191895108 0.0243219332769611 0.352449403339098
951 0.121278191895108 0.0243219332769611 0.5
952 0.121278191895108 0.0243219332769611 0.647550596660902
953 0.121278191895108 0.0243219332769611 0.77717719258536
954 0.121278191895108 0.0243219332769611 0.878721808104892
955 0.121278191895108 0.0243219332769611 0.951356133446078
956 0.121278191895108 0.0243219332769611 1
957 0.121278191895108 0.0486438665539222 0
958 0.121278191895108 0.0486438665539222 0.0243219332769611
959 0.121278191895108 0.0486438665539222 0.0486438665539222
960 0.121278191895108 0.0486438665539222 0.0849610292245153
961 0.121278191895108 0.0486438665539222 0.121278191895108
962 0.121278191895108 0.0486438665539222 0.172050499654874
963 0.121278191895108 0.0486438665539222 0.22282280741464
964 0.121278191895108 0.0486438665539222 0.287636105376869
965 0.121278191895108 0.0486438665539222 0.352449403339098
966 0.121278191895108 0.0486438665539222 0.426224701669549
967 0.121278191895108 0.0486438665539222 0.5
968 0.121278191895108 0.0486438665539222 0.573775298330451
969 0.121278191895108 0.0486438665539222 0.647550596660902
970 0.121278191895108 0.0486438665539222 0.712363894623131
971 0.121278191895108 0.0486438665539222 0.77717719258536
972 0.121278191895108 0.0486438665539222 0.827949500345126
973 0.121278191895108 0.0486438665539222 0.878721808104892
974 0.121278191895108 0.0486438665539222 0.915038970775485
975 0.121278191895108 0.0486438665539222 0.951356133446078
976 0.121278191895108 0.0486438665539222 0.975678066723039
977 0.121278191895108 0.0486438665539222 1
978 0.121278191895108 0.0849610292245153 0
979 0.121278191895108 0.0849610292245153 0.0486438665539222
980 0.121278191895108 0.0849610292245153 0.121278191895108
981 0.121278191895108 0.0849610292245153 0.22282280741464
982 0.121278191895108 0.0849610292245153 0.352449403339098
983 0.121278191895108 0.0849610292245153 0.5
984 0.121278191895108 0.0849610292245153 0.647550596660902
985 0.121278191895108 0.0849610292245153 0.77717719258536
986 0.121278191895108 0.0849610292245153 0.878721808104892
987 0.121278191895108 0.0849610292245153 0.951356133446078
988 0.121278191895108 0.0849610292245153 1
989 0.121278191895108 0.121278191895108 0
990 0.121278191895108 0.121278191895108 0.0243219332769611
991 0.121278191895108 0.121278191895108 0.0486438665539222
992 0.121278191895108 0.121278191895108 0.0849610292245153
993 0.121278191895108 0.121278191895108 0.121278191895108
994 0.121278191895108 0.121278191895108 0.172050499654874
995 0.121278191895108 0.121278191895108 0.22282280741464
996 0.121278191895108 0.121278191895108 0.287636105376869
997 0.121278191895108 0.121278191895108 0.352449403339098
998 0.121278191895108 0.121278191895108 0.426224701669549
999 0.121278191895108 0.121278191895108 0.5
1000 0.121278191895108 0.121278191895108 0.573775298330451
1001 0.121278191895108 0.121278191895108 0.647550596660902
1002 0.121278191895108 0.121278191895108 0.712363894623131
1003 0.121278191895108 0.121278191895108 0.77717719258536
1004 0.121278191895108 0.121278191895108 0.827949500345126
1005 0.121278191895108 0.121278191895108 0.878721808104892
1006 0.121278191895108 0.121278191895108 0.915038970775485
1007 0.121278191895108 0.121278191895108 0.951356133446078
1008 0.121278191895108 0.121278191895108 0.975678066723039
1009 0.121278191895108 0.121278191895108 1
1010 0.121278191895108 0.172050499654874 0
1011 0.121278191895108 0.172050499654874 0.0486438665539222
1012 0.121278191895108 0.172050499654874 0.121278191895108
1013 0.121278191895108 0.172050499654874 0.22282280741464
1014 0.121278191895108 0.172050499654874 0.352449403339098
1015 0.121278191895108 0.172050499654874 0.5
1016 0.121278191895108 0.172050499654874 0.647550596660902
1017 0.121278191895108 0.172050499654874 0.77717719258536
1018 0.121278191895108 0.172050499654874 0.878721808104892
1019 0.121278191895108 0.172050499654874 0.951356133446078
1020 0.121278191895108 0.172050499654874 1
1021 0.121278191895108 0.22282280741464 0
1022 0.121278191895108 0.22282280741464 0.0243219332769611
1023 0.121278191895108 0.22282280741464 0.0486438665539222
1024 0.121278191895108 0.22282280741464 0.0849610292245153
1025 0.121278191895108 0.22282280741464 0.121278191895108
1026 0.121278191895108 0.22282280741464 0.172050499654874
1027 0.121278191895108 0.22282280741464 0.22282280741464
1028 0.121278191895108 0.22282280741464 0.287636105376869
1029 0.121278191895108 0.22282280741464 0.352449403339098
1030 0.121278191895108 0.22282280741464 0.426224701669549
1031 0.121278191895108 0.22282280741464 0.5
1032 0.121278191895108 0.22282280741464 0.573775298330451
1033 0.121278191895108 0.22282280741464 0.647550596660902
1034 0.121278191895108 0.22282280741464 0.712363894623131
1035 0.121278191895108 0.22282280741464 0.77717719258536
1036 0.121278191895108 0.22282280741464 0.827949500345126
1037 0.121278191895108 0.22282280741464 0.878721808104892
1038 0.121278191895108 0.22282280741464 0.915038970775485
1039 0.121278191895108 0.22282280741464 0.951356133446078
1040 0.121278191895108 0.22282280741464 0.975678066723039
1041 0.121278191895108 0.22282280741464 1
1042 0.121278191895108 0.287636105376869 0
1043 0.121278191895108 0.287636105376869 0.0486438665539222
1044 0.121278191895108 0.287636105376869 0.121278191895108
1045 0.121278191895108 0.287636105376869 0.22282280741464
1046 0.121278191895108 0.287636105376869 0.352449403339098
1047 0.121278191895108 0.287636105376869 0.5
1048 0.121278191895108 0.287636105376869 0.647550596660902
1049 0.121278191895108 0.287636105376869 0.77717719258536
1050 0.121278191895108 0.287636105376869 0.878721808104892
1051 0.121278191895108 0.287636105376869 0.951356133446078
1052 0.121278191895108 0.287636105376869 1
1053 0.121278191895108 0.352449403339098 0
1054 0.121278191895108 0.352449403339098 0.0243219332769611
1055 0.121278191895108 0.352449403339098 0.0486438665539222
1056 0.121278191895108 0.352449403339098 0.0849610292245153
1057 0.121278191895108 0.352449403339098 0.121278191895108
1058 0.121278191895108 0.352449403339098 0.172050499654874
1059 0.121278191895108 0.352449403339098 0.22282280741464
1060 0.121278191895108 0.352449403339098 0.287636105376869
1061 0.121278191895108 0.352449403339098 0.352449403339098
1062 0.121278191895108 0.352449403339098 0.426224701669549
1063 0.121278191895108 0.352449403339098 0.5
1064 0.121278191895108 0.352449403339098 0.573775298330451
1065 0.121278191895108 0.352449403339098 0.647550596660902
1066 0.121278191895108 0.352449403339098 0.712363894623131
1067 0.121278191895108 0.352449403339098 0.77717719258536
1068 0.121278191895108 0.352449403339098 0.827949500345126
1069 0.121278191895108 0.352449403339098 0.878721808104892
1070 0.121278191895108 0.352449403339098 0.915038970775485
1071 0.121278191895108 0.352449403339098 0.951356133446078
1072 0.121278191895108 0.352449403339098 0.975678066723039
1073 0.121278191895108 0.352449403339098 1
1074 0.121278191895108 0.426224701669549 0
1075 0.121278191895108 0.426224701669549 0.0486438665539222
1076 0.121278191895108 0.426224701669549 0.121278191895108
1077 0.121278191895108 0.426224701669549 0.22282280741464
1078 0.121278191895108 0.426224701669549 0.352449403339098
1079 0.121278191895108 0.426224701669549 0.5
1080 0.121278191895108 0.426224701669549 0.647550596660902
1081 0.121278191895108 0.426224701669549 0.77717719258536
1082 0.121278191895108 0.426224701669549 0.878721808104892
1083 0.121278191895108 0.426224701669549 0.951356133446078
1084 0.121278191895108 0.426224701669549 1
1085 0.121278191895108 0.5 0
1086 0.121278191895108 0.5 0.0243219332769611
1087 0.121278191895108 0.5 0.0486438665539222
1088 0.121278191895108 0.5 0.0849610292245153
1089 0.121278191895108 0.5 0.121278191895108
1090 0.121278191895108 0.5 0.172050499654874
1091 0.121278191895108 0.5 0.22282280741464
1092 0.121278191895108 0.5 0.287636105376869
1093 0.121278191895108 0.5 0.352449403339098
1094 0.121278191895108 0.5 0.426224701669549
1095 0.121278191895108 0.5 0.5
1096 0.121278191895108 0.5 0.573775298330451
1097 0.121278191895108 0.5 0.647550596660902
1098 0.121278191895108 0.5 0.712363894623131
1099 0.121278191895108 0.5 0.77717719258536
1100 0.121278191895108 0.5 0.827949500345126
1101 0.121278191895108 0.5 0.878721808104892
1102 0.121278191895108 0.5 0.915038970775485
1103 0.121278191895108 0.5 0.951356133446078
1104 0.121278191895108 0.5 0.975678066723039
1105 0.121278191895108 0.5 1
1106 0.121278191895108 0.573775298330451 0
1107 0.121278191895108 0.573775298330451 0.0486438665539222
1108 0.121278191895108 0.573775298330451 0.121278191895108
1109 0.121278191895108 0.573775298330451 0.22282280741464
1110 0.121278191895108 0.573775298330451 0.352449403339098
1111 0.121278191895108 0.573775298330451 0.5
1112 0.121278191895108 0.573775298330451 0.647550596660902
1113 0.121278191895108 0.573775298330451 0.77717719258536
1114 0.121278191895108 0.573775298330451 0.878721808104892
1115 0.121278191895108 0.573775298330451 0.951356133446078
1116 0.121278191895108 0.573775298330451 1
1117 0.121278191895108 0.647550596660902 0
1118 0.121278191895108 0.647550596660902 0.0243219332769611
1119 0.121278191895108 0.647550596660902 0.0486438665539222
1120 0.121278191895108 0.647550596660902 0.0849610292245153
1121 0.121278191895108 0.647550596660902 0.121278191895108
1122 0.121278191895108 0.647550596660902 0.172050499654874
1123 0.121278191895108 0.647550596660902 0.22282280741464
1124 0.121278191895108 0.647550596660902 0.287636105376869
1125 0.121278191895108 0.647550596660902 0.352449403339098
1126 0.121278191895108 0.647550596660902 0.426224701669549
1127 0.121278191895108 0.647550596660902 0.5
1128 0.121278191895108 0.647550596660902 0.573775298330451
1129 0.121278191895108 0.647550596660902 0.647550596660902
1130 0.121278191895108 0.647550596660902 0.712363894623131
1131 0.121278191895108 0.647550596660902 0.77717719258536
1132 0.121278191895108 0.647550596660902 0.827949500345126
1133 0.121278191895108 0.647550596660902 0.878721808104892
1134 0.121278191895108 0.647550596660902 0.915038970775485
1135 0.121278191895108 0.647550596660902 0.951356133446078
1136 0.121278191895108 0.647550596660902 0.975678066723039
1137 0.121278191895108 0.647550596660902 1
1138 0.121278191895108 0.712363894623131 0
1139 0.121278191895108 0.712363894623131 0.0486438665539222
1140 0.121278191895108 0.712363894623131 0.121278191895108
1141 0.121278191895108 0.712363894623131 0.22282280741464
1142 0.121278191895108 0.712363894623131 0.352449403339098
1143 0.121278191895108 0.712363894623131 0.5
1144 0.121278191895108 0.712363894623131 0.647550596660902
1145 0.121278191895108 0.712363894623131 0.77717719258536
1146 0.121278191895108 0.712363894623131 0.878721808104892
1147 0.121278191895108 0.712363894623131 0.951356133446078
1148 0.121278191895108 0.712363894623131 1
1149 0.121278191895108 0.77717719258536 0
1150 0.121278191895108 0.77717719258536 0.0243219332769611
1151 0.121278191895108 0.77717719258536 0.0486438665539222
1152 0.121278191895108 0.77717719258536 0.0849610292245153
1153 0.121278191895108 0.77717719258536 0.121278191895108
1154 0.121278191895108 0.77717719258536 0.172050499654874
1155 0.121278191895108 0.77717719258536 0.22282280741464
1156 0.121278191895108 0.77717719258536 0.287636105376869
1157 0.121278191895108 0.77717719258536 0.352449403339098
1158 0.121278191895108 0.77717719258536 0.426224701669549
1159 0.121278191895108 0.77717719258536 0.5
1160 0.121278191895108 0.77717719258536 0.573775298330451
1161 0.121278191895108 0.77717719258536 0.647550596660902
1162 0.121278191895108 0.77717719258536 0.712363894623131
1163 0.121278191895108 0.77717719258536 0.77717719258536
1164 0.121278191895108 0.77717719258536 0.827949500345126
1165 0.121278191895108 0.77717719258536 0.878721808104892
1166 0.121278191895108 0.77717719258536 0.915038970775485
1167 0.121278191895108 0.77717719258536 0.951356133446078
1168 0.121278191895108 0.77717719258536 0.975678066723039
1169 0.121278191895108 0.77717719258536 1
1170 0.121278191895108 0.827949500345126 0
1171 0.121278191895108 0.827949500345126 0.0486438665539222
1172 0.121278191895108 0.827949500345126 0.121278191895108
1173 0.121278191895108 0.827949500345126 0.22282280741464
1174 0.121278191895108 0.827949500345126 0.352449403339098
1175 0.121278191895108 0.827949500345126 0.5
1176 0.121278191895108 0.827949500345126 0.647550596660902
1177 0.121278191895108 0.827949500345126 0.77717719258536
1178 0.121278191895108 0.827949500345126 0.878721808104892
1179 0.121278191895108 0.827949500345126 0.951356133446078
1180 0.121278191895108 0.827949500345126 1
1181 0.121278191895108 0.878721808104892 0
1182 0.121278191895108 0.878721808104892 0.0243219332769611
1183 0.121278191895108 0.878721808104892 0.0486438665539222
1184 0.121278191895108 0.878721808104892 0.0849610292245153
1185 0.121278191895108 0.878721808104892 0.121278191895108
1186 0.121278191895108 0.878721808104892 0.172050499654874
1187 0.121278191895108 0.878721808104892 0.22282280741464
1188 0.121278191895108 0.878721808104892 0.287636105376869
1189 0.121278191895108 0.878721808104892 0.352449403339098
1190 0.121278191895108 0.878721808104892 0.426224701669549
1191 0.121278191895108 0.878721808104892 0.5
1192 0.121278191895108 0.878721808104892 0.573775298330451
1193 0.121278191895108 0.878721808104892 0.647550596660902
1194 0.121278191895108 0.878721808104892 0.712363894623131
1195 0.121278191895108 0.878721808104892 0.77717719258536
1196 0.121278191895108 0.878721808104892 0.827949500345126
1197 0.121278191895108 0.878721808104892 0.878721808104892
1198 0.121278191895108 0.878721808104892 0.915038970775485
1199 0.121278191895108 0.878721808104892 0.951356133446078
1200 0.121278191895108 0.878721808104892 0.975678066723039
1201 0.121278191895108 0.878721808104892 1
1202 0.121278191895108 0.915038970775485 0
1203 0.121278191895108 0.915038970775485 0.0486438665539222
1204 0.121278191895108 0.915038970775485 0.121278191895108
1205 0.121278191895108 0.915038970775485 0.22282280741464
1206 0.121278191895108 0.915038970775485 0.352449403339098
1207 0.121278191895108 0.915038970775485 0.5
1208 0.121278191895108 0.915038970775485 0.647550596660902
1209 0.121278191895108 0.915038970775485 0.77717719258536
1210 0.121278191895108 0.915038970775485 0.878721808104892
1211 0.121278191895108 0.915038970775485 0.951356133446078
1212 0.121278191895108 0.915038970775485 1
1213 0.121278191895108 0.951356133446078 0
1214 0.121278191895108 0.951356133446078 0.0243219332769611
1215 0.121278191895108 0.951356133446078 0.0486438665539222
1216 0.121278191895108 0.951356133446078 0.0849610292245153
1217 0.121278191895108 0.951356133446078 0.121278191895108
1218 0.121278191895108 0.951356133446078 0.172050499654874
1219 0.121278191895108 0.951356133446078 0.22282280741464
1220 0.121278191895108 0.951356133446078 0.287636105376869
1221 0.121278191895108 0.951356133446078 0.352449403339098
1222 0.121278191895108 0.951356133446078 0.426224701669549
1223 0.121278191895108 0.951356133446078 0.5
1224 0.121278191895108 0.951356133446078 0.573775298330451
1225 0.121278191895108 0.951356133446078 0.647550596660902
1226 0.121278191895108 0.951356133446078 0.712363894623131
1227 0.121278191895108 0.951356133446078 0.77717719258536
1228 0.121278191895108 0.951356133446078 0.827949500345126
1229 0.121278191895108 0.951356133446078 0.878721808104892
1230 0.121278191895108 0.951356133446078 0.915038970775485
1231 0.121278191895108 0.951356133446078 0.951356133446078
1232 0.121278191895108 0.951356133446078 0.975678066723039
1233 0.121278191895108 0.951356133446078 1
1234 0.121278191895108 0.975678066723039 0
1235 0.121278191895108 0.975678066723039 0.0486438665539222
1236 0.121278191895108 0.975678066723039 0.121278191895108
1237 0.121278191895108 0.975678066723039 0.22282280741464
1238 0.121278191895108 0.975678066723039 0.352449403339098
1239 0.121278191895108 0.975678066723039 0.5
1240 0.121278191895108 0.975678066723039 0.647550596660902
1241 0.121278191895108 0.975678066723039 0.77717719258536
1242 0.121278191895108 0.975678066723039 0.878721808104892
1243 0.121278191895108 0.975678066723039 0.951356133446078
1244 0.121278191895108 0.975678066723039 1
1245 0.121278191895108 1 0
1246 0.121278191895108 1 0.0243219332769611
1247 0.121278191895108 1 0.0486438665539222
1248 0.121278191895108 1 0.0849610292245153
1249 0.121278191895108 1 0.121278191895108
1250 0.121278191895108 1 0.172050499654874
1251 0.121278191895108 1 0.22282280741464
1252 0.121278191895108 1 0.287636105376869
1253 0.121278191895108 1 0.352449403339098
1254 0.121278191895108 1 0.426224701669549
1255 0.121278191895108 1 0.5
1256 0.121278191895108 1 0.573775298330451
1257 0.121278191895108 1 0.647550596660902
1258 0.121278191895108 1 0.712363894623131
1259 0.121278191895108 1 0.77717719258536
1260 0.121278191895108 1 0.827949500345126
1261 0.121278191895108 1 0.878721808104892
1262 0.121278191895108 1 0.915038970775485
1263 0.121278191895108 1 0.951356133446078
1264 0.121278191895108 1 0.975678066723039
1265 0.121278191895108 1 1
1266 0.172050499654874 0 0
1267 0.172050499654874 0 0.0486438665539222
1268 0.172050499654874 0 0.121278191895108
1269 0.172050499654874 0 0.22282280741464
1270 0.172050499654874 0 0.352449403339098
1271 0.172050499654874 0 0.5
1272 0.172050499654874 0 0.647550596660902
1273 0.172050499654874 0 0.77717719258536
1274 0.172050499654874 0 0.878721808104892
1275 0.172050499654874 0 0.951356133446078
1276 0.172050499654874 0 1
1277 0.172050499654874 0.0486438665539222 0
1278 0.172050499654874 0.0486438665539222 0.0486438665539222
1279 0.172050499654874 0.0486438665539222 0.121278191895108
1280 0.172050499654874 0.0486438665539222 0.22282280741464
1281 0.172050499654874 0.0486438665539222 0.352449403339098
1282 0.172050499654874 0.0486438665539222 0.5
1283 0.172050499654874 0.0486438665539222 0.647550596660902
1284 0.172050499654874 0.0486438665539222 0.77717719258536
1285 0.172050499654874 0.0486438665539222 0.878721808104892
1286 0.172050499654874 0.0486438665539222 0.951356133446078
1287 0.172050499654874 0.0486438665539222 1
1288 0.172050499654874 0.121278191895108 0
1289 0.172050499654874 0.121278191895108 0.0486438665539222
1290 0.172050499654874 0.121278191895108 0.121278191895108
1291 0.172050499654874 0.121278191895108 0.22282280741464
1292 0.172050499654874 0.121278191895108 0.352449403339098
1293 0.172050499654874 0.121278191895108 0.5
1294 0.172050499654874 0.121278191895108 0.647550596660902
1295 0.172050499654874 0.121278191895108 0.77717719258536
1296 0.172050499654874 0.121278191895108 0.878721808104892
1297 0.172050499654874 0.121278191895108 0.951356133446078
1298 0.172050499654874 0.121278191895108 1
1299 0.172050499654874 0.22282280741464 0
1300 0.172050499654874 0.22282280741464 0.0486438665539222
1301 0.172050499654874 0.22282280741464 0.121278191895108
1302 0.172050499654874 0.22282280741464 0.22282280741464
1303 0.172050499654874 0.22282280741464 0.352449403339098
1304 0.172050499654874 0.22282280741464 0.5
1305 0.172050499654874 0.22282280741464 0.647550596660902
1306 0.172050499654874 0.22282280741464 0.77717719258536
1307 0.172050499654874 0.22282280741464 0.878721808104892
1308 0.172050499654874 0.22282280741464 0.951356133446078
1309 0.172050499654874 0.22282280741464 1
1310 0.172050499654874 0.352449403339098 0
1311 0.172050499654874 0.352449403339098 0.0486438665539222
1312 0.172050499654874 0.352449403339098 0.121278191895108
1313 0.172050499654874 0.352449403339098 0.22282280741464
1314 0.172050499654874 0.352449403339098 0.352449403339098
1315 0.172050499654874 0.352449403339098 0.5
1316 0.172050499654874 0.352449403339098 0.647550596660902
1317 0.172050499654874 0.352449403339098 0.77717719258536
1318 0.172050499654874 0.352449403339098 0.878721808104892
1319 0.172050499654874 0.352449403339098 0.951356133446078
1320 0.172050499654874 0.352449403339098 1
1321 0.172050499654874 0.5 0
1322 0.172050499654874 0.5 0.0486438665539222
1323 0.172050499654874 0.5 0.121278191895108
1324 0.172050499654874 0.5 0.22282280741464
1325 0.172050499654874 0.5 0.352449403339098
1326 0.172050499654874 0.5 0.5
1327 0.172050499654874 0.5 0.647550596660902
1328 0.172050499654874 0.5 0.77717719258536
1329 0.172050499654874 0.5 0.878721808104892
1330 0.172050499654874 0.5 0.951356133446078
1331 0.172050499654874 0.5 1
1332 0.172050499654874 0.647550596660902 0
1333 0.172050499654874 0.647550596660902 0.0486438665539222
1334 0.172050499654874 0.647550596660902 0.121278191895108
1335 0.172050499654874 0.647550596660902 0.22282280741464
1336 0.172050499654874 0.647550596660902 0.352449403339098
1337 0.172050499654874 0.647550596660902 0.5
1338 0.172050499654874 0.647550596660902 0.647550596660902
1339 0.172050499654874 0.647550596660902 0.77717719258536
1340 0.172050499654874 0.647550596660902 0.878721808104892
1341 0.172050499654874 0.647550596660902 0.951356133446078
1342 0.172050499654874 0.647550596660902 1
1343 0.172050499654874 0.77717719258536 0
1344 0.172050499654874 0.77717719258536 0.0486438665539222
1345 0.172050499654874 0.77717719258536 0.121278191895108
1346 0.172050499654874 0.77717719258536 0.22282280741464
1347 0.172050499654874 0.77717719258536 0.352449403339098
1348 0.172050499654874 0.77717719258536 0.5
1349 0.172050499654874 0.77717719258536 0.647550596660902
1350 0.172050499654874 0.77717719258536 0.77717719258536
1351 0.172050499654874 0.77717719258536 0.878721808104892
1352 0.172050499654874 0.77717719258536 0.951356133446078
1353 0.172050499654874 0.77717719258536 1
1354 0.172050499654874 0.878721808104892 0
1355 0.172050499654874 0.878721808104892 0.0486438665539222
1356 0.172050499654874 0.878721808104892 0.121278191895108
1357 0.172050499654874 0.878721808104892 0.22282280741464
1358 0.172050499654874 0.878721808104892 0.352449403339098
1359 0.172050499654874 0.878721808104892 0.5
1360 0.172050499654874 0.878721808104892 0.647550596660902
1361 0.172050499654874 0.878721808104892 0.77717719258536
1362 0.172050499654874 0.878721808104892 0.878721808104892
1363 0.172050499654874 0.878721808104892 0.951356133446078
1364 0.172050499654874 0.878721808104892 1
1365 0.172050499654874 0.951356133446078 0
1366 0.172050499654874 0.951356133446078 0.0486438665539222
1367 0.172050499654874 0.951356133446078 0.121278191895108
1368 0.172050499654874 0.951356133446078 0.22282280741464
1369 0.172050499654874 0.951356133446078 0.352449403339098
1370 0.172050499654874 0.951356133446078 0.5
1371 0.172050499654874 0.951356133446078 0.647550596660902
1372 0.172050499654874 0.951356133446078 0.77717719258536
1373 0.172050499654874 0.951356133446078 0.878721808104892
1374 0.172050499654874 0.951356133446078 0.951356133446078
1375 0.172050499654874 0.951356133446078 1
1376 0.172050499654874 1 0
1377 0.172050499654874 1 0.0486438665539222
1378 0.172050499654874 1 0.121278191895108
1379 0.172050499654874 1 0.22282280741464
1380 0.172050499654874 1 0.352449403339098
1381 0.172050499654874 1 0.5
1382 0.172050499654874 1 0.647550596660902
1383 0.172050499654874 1 0.77717719258536
1384 0.172050499654874 1 0.878721808104892
1385 0.172050499654874 1 0.951356133446078
1386 0.172050499654874 1 1
1387 0.22282280741464 0 0
1388 0.22282280741464 0 0.0243219332769611
1389 0.22282280741464 0 0.0486438665539222
1390 0.22282280741464 0 0.0849610292245153
1391 0.22282280741464 0 0.121278191895108
1392 0.22282280741464 0 0.172050499654874
1393 0.22282280741464 0 0.22282280741464
1394 0.22282280741464 0 0.287636105376869
1395 0.22282280741464 0 0.352449403339098
1396 0.22282280741464 0 0.426224701669549
1397 0.22282280741464 0 0.5
1398 0.22282280741464 0 0.573775298330451
1399 0.22282280741464 0 0.647550596660902
1400 0.22282280741464 0 0.712363894623131
1401 0.22282280741464 0 0.77717719258536
1402 0.22282280741464 0 0.827949500345126
1403 0.22282280741464 0 0.878721808104892
1404 0.22282280741464 0 0.915038970775485
1405 0.22282280741464 0 0.951356133446078
1406 0.22282280741464 0 0.975678066723039
1407 0.22282280741464 0 1
1408 0.22282280741464 0.0243219332769611 0
1409 0.22282280741464 0.0243219332769611 0.0486438665539222
1410 0.22282280741464 0.0243219332769611 0.121278191895108
1411 0.22282280741464 0.0243219332769611 0.22282280741464
1412 0.22282280741464 0.0243219332769611 0.352449403339098
1413 0.22282280741464 0.0243219332769611 0.5
1414 0.22282280741464 0.0243219332769611 0.647550596660902
1415 0.22282280741464 0.0243219332769611 0.77717719258536
1416 0.22282280741464 0.0243219332769611 0.878721808104892
1417 0.22282280741464 0.0243219332769611 0.951356133446078
1418 0.22282280741464 0.0243219332769611 1
1419 0.22282280741464 0.0486438665539222 0
1420 0.22282280741464 0.0486438665539222 0.0243219332769611
1421 0.22282280741464 0.0486438665539222 0.0486438665539222
1422 0.22282280741464 0.0486438665539222 0.0849610292245153
1423 0.22282280741464 0.0486438665539222 0.121278191895108
1424 0.22282280741464 0.0486438665539222 0.172050499654874
1425 0.22282280741464 0.0486438665539222 0.22282280741464
1426 0.22282280741464 0.0486438665539222 0.287636105376869
1427 0.22282280741464 0.0486438665539222 0.352449403339098
1428 0.22282280741464 0.0486438665539222 0.426224701669549
1429 0.22282280741464 0.0486438665539222 0.5
1430 0.22282280741464 0.0486438665539222 0.573775298330451
1431 0.22282280741464 0.0486438665539222 0.647550596660902
1432 0.22282280741464 0.0486438665539222 0.712363894623131
1433 0.22282280741464 0.0486438665539222 0.77717719258536
1434 0.22282280741464 0.0486438665539222 0.827949500345126
1435 0.22282280741464 0.0486438665539222 0.878721808104892
1436 0.22282280741464 0.0486438665539222 0.915038970775485
1437 0.22282280741464 0.0486438665539222 0.951356133446078
1438 0.22282280741464 0.0486438665539222 0.975678066723039
1439 0.22282280741464 0.0486438665539222 1
1440 0.22282280741464 0.0849610292245153 0
1441 0.22282280741464 0.0849610292245153 0.0486438665539222
1442 0.22282280741464 0.0849610292245153 0.121278191895108
1443 0.22282280741464 0.0849610292245153 0.22282280741464
1444 0.22282280741464 0.0849610292245153 0.352449403339098
1445 0.22282280741464 0.0849610292245153 0.5
1446 0.22282280741464 0.0849610292245153 0.647550596660902
1447 0.22282280741464 0.0849610292245153 0.77717719258536
1448 0.22282280741464 0.0849610292245153 0.878721808104892
1449 0.22282280741464 0.0849610292245153 0.951356133446078
1450 0.22282280741464 0.0849610292245153 1
1451 0.22282280741464 0.121278191895108 0
1452 0.22282280741464 0.121278191895108 0.0243219332769611
1453 0.22282280741464 0.121278191895108 0.0486438665539222
1454 0.22282280741464 0.121278191895108 0.0849610292245153
1455 0.22282280741464 0.121278191895108 0.121278191895108
1456 0.22282280741464 0.121278191895108 0.172050499654874
1457 0.22282280741464 0.121278191895108 0.22282280741464
1458 0.22282280741464 0.121278191895108 0.287636105376869
1459 0.22282280741464 0.121278191895108 0.352449403339098
1460 0.22282280741464 0.121278191895108 0.426224701669549
1461 0.22282280741464 0.121278191895108 0.5
1462 0.22282280741464 0.121278191895108 0.573775298330451
1463 0.22282280741464 0.121278191895108 0.647550596660902
1464 0.22282280741464 0.121278191895108 0.712363894623131
1465 0.22282280741464 0.121278191895108 0.77717719258536
1466 0.22282280741464 0.121278191895108 0.827949500345126
1467 0.22282280741464 0.121278191895108 0.878721808104892
1468 0.22282280741464 0.121278191895108 0.915038970775485
1469 0.22282280741464 0.121278191895108 0.951356133446078
1470 0.22282280741464 0.121278191895108 0.975678066723039
1471 0.22282280741464 0.121278191895108 1
1472 0.22282280741464 0.172050499654874 0
1473 0.22282280741464 0.172050499654874 0.0486438665539222
1474 0.22282280741464 0.172050499654874 0.121278191895108
1475 0.22282280741464 0.172050499654874 0.22282280741464
1476 0.22282280741464 0.172050499654874 0.352449403339098
1477 0.22282280741464 0.172050499654874 0.5
1478 0.22282280741464 0.172050499654874 0.647550596660902
1479 0.22282280741464 0.172050499654874 0.77717719258536
1480 0.22282280741464 0.172050499654874 0.878721808104892
1481 0.22282280741464 0.172050499654874 0.951356133446078
1482 0.22282280741464 0.172050499654874 1
1483 0.22282280741464 0.22282280741464 0
1484 0.22282280741464 0.22282280741464 0.0243219332769611
1485 0.22282280741464 0.22282280741464 0.0486438665539222
1486 0.22282280741464 0.22282280741464 0.0849610292245153
1487 0.22282280741464 0.22282280741464 0.121278191895108
1488 0.22282280741464 0.22282280741464 0.172050499654874
1489 0.22282280741464 0.22282280741464 0.22282280741464
1490 0.22282280741464 0.22282280741464 0.287636105376869
1491 0.22282280741464 0.22282280741464 0.352449403339098
1492 0.22282280741464 0.22282280741464 0.426224701669549
1493 0.22282280741464 0.22282280741464 0.5
1494 0.22282280741464 0.22282280741464 0.573775298330451
1495 0.22282280741464 0.22282280741464 0.647550596660902
1496 0.22282280741464 0.22282280741464 0.712363894623131
1497 0.22282280741464 0.22282280741464 0.77717719258536
1498 0.22282280741464 0.22282280741464 0.827949500345126
1499 0.22282280741464 0.22282280741464 0.878721808104892
1500 0.22282280741464 0.22282280741464 0.915038970775485
1501 0.22282280741464 0.22282280741464 0.951356133446078
1502 0.22282280741464 0.22282280741464 0.975678066723039
1503 0.22282280741464 0.22282280741464 1
1504 0.22282280741464 0.287636105376869 0
1505 0.22282280741464 0.287636105376869 0.0486438665539222
1506 0.22282280741464 0.287636105376869 0.121278191895108
1507 0.22282280741464 0.287636105376869 0.22282280741464
1508 0.22282280741464 0.287636105376869 0.352449403339098
1509 0.22282280741464 0.287636105376869 0.5
1510 0.22282280741464 0.287636105376869 0.647550596660902
1511 0.22282280741464 0.287636105376869 0.77717719258536
1512 0.22282280741464 0.287636105376869 0.878721808104892
1513 0.22282280741464 0.287636105376869 0.951356133446078
1514 0.22282280741464 0.287636105376869 1
1515 0.22282280741464 0.352449403339098 0
1516 0.22282280741464 0.352449403339098 0.0243219332769611
1517 0.22282280741464 0.352449403339098 0.0486438665539222
1518 0.22282280741464 0.352449403339098 0.0849610292245153
1519 0.22282280741464 0.352449403339098 0.121278191895108
1520 0.22282280741464 0.352449403339098 0.172050499654874
1521 0.22282280741464 0.352449403339098 0.22282280741464
1522 0.22282280741464 0.352449403339098 0.287636105376869
1523 0.22282280741464 0.352449403339098 0.352449403339098
1524 0.22282280741464 0.352449403339098 0.426224701669549
1525 0.22282280741464 0.352449403339098 0.5
1526 0.22282280741464 0.352449403339098 0.573775298330451
1527 0.22282280741464 0.352449403339098 0.647550596660902
1528 0.22282280741464 0.352449403339098 0.712363894623131
1529 0.22282280741464 0.352449403339098 0.77717719258536
1530 0.22282280741464 0.352449403339098 0.827949500345126
1531 0.22282280741464 0.352449403339098 0.878721808104892
1532 0.22282280741464 0.352449403339098 0.915038970775485
1533 0.22282280741464 0.352449403339098 0.951356133446078
1534 0.22282280741464 0.352449403339098 0.975678066723039
1535 0.22282280741464 0.352449403339098 1
1536 0.22282280741464 0.426224701669549 0
1537 0.22282280741464 0.426224701669549 0.0486438665539222
1538 0.22282280741464 0.426224701669549 0.121278191895108
1539 0.22282280741464 0.426224701669549 0.22282280741464
1540 0.22282280741464 0.426224701669549 0.352449403339098
1541 0.22282280741464 0.426224701669549 0.5
1542 0.22282280741464 0.426224701669549 0.647550596660902
1543 0.22282280741464 0.426224701669549 0.77717719258536
1544 0.22282280741464 0.426224701669549 0.878721808104892
1545 0.22282280741464 0.426224701669549 0.951356133446078
1546 0.22282280741464 0.426224701669549 1
1547 0.22282280741464 0.5 0
1548 0.22282280741464 0.5 0.0243219332769611
1549 0.22282280741464 0.5 0.0486438665539222
1550 0.22282280741464 0.5 0.0849610292245153
1551 0.22282280741464 0.5 0.121278191895108
1552 0.22282280741464 0.5 0.172050499654874
1553 0.22282280741464 0.5 0.22282280741464
1554 0.22282280741464 0.5 0.287636105376869
1555 0.22282280741464 0.5 0.352449403339098
1556 0.22282280741464 0.5 0.426224701669549
1557 0.22282280741464 0.5 0.5
1558 0.22282280741464 0.5 0.573775298330451
1559 0.22282280741464 0.5 0.647550596660902
1560 0.22282280741464 0.5 0.712363894623131
1561 0.22282280741464 0.5 0.77717719258536
1562 0.22282280741464 0.5 0.827949500345126
1563 0.22282280741464 0.5 0.878721808104892
1564 0.22282280741464 0.5 0.915038970775485
1565 0.22282280741464 0.5 0.951356133446078
1566 0.22282280741464 0.5 0.975678066723039
1567 0.22282280741464 0.5 1
1568 0.22282280741464 0.573775298330451 0
1569 0.22282280741464 0.573775298330451 0.0486438665539222
1570 0.22282280741464 0.573775298330451 0.121278191895108
1571 0.22282280741464 0.573775298330451 0.22282280741464
1572 0.22282280741464 0.573775298330451 0.352449403339098
1573 0.22282280741464 0.573775298330451 0.5
1574 0.22282280741464 0.573775298330451 0.647550596660902
1575 0.22282280741464 0.573775298330451 0.77717719258536
1576 0.22282280741464 0.573775298330451 0.878721808104892
1577 0.22282280741464 0.573775298330451 0.951356133446078
1578 0.22282280741464 0.573775298330451 1
1579 0.22282280741464 0.647550596660902 0
1580 0.22282280741464 0.647550596660902 0.0243219332769611
1581 0.22282280741464 0.647550596660902 0.0486438665539222
1582 0.22282280741464 0.647550596660902 0.0849610292245153
1583 0.22282280741464 0.647550596660902 0.121278191895108
1584 0.22282280741464 0.647550596660902 0.172050499654874
1585 0.22282280741464 0.647550596660902 0.22282280741464
1586 0.22282280741464 0.647550596660902 0.287636105376869
1587 0.22282280741464 0.647550596660902 0.352449403339098
1588 0.22282280741464 0.647550596660902 0.426224701669549
1589 0.22282280741464 0.647550596660902 0.5
1590 0.22282280741464 0.647550596660902 0.573775298330451
1591 0.22282280741464 0.647550596660902 0.647550596660902
1592 0.22282280741464 0.647550596660902 0.712363894623131
1593 0.22282280741464 0.647550596660902 0.77717719258536
1594 0.22282280741464 0.647550596660902 0.827949500345126
1595 0.22282280741464 0.647550596660902 0.878721808104892
1596 0.22282280741464 0.647550596660902 0.915038970775485
1597 0.22282280741464 0.647550596660902 0.951356133446078
1598 0.22282280741464 0.647550596660902 0.975678066723039
1599 0.22282280741464 0.647550596660902 1
1600 0.22282280741464 0.712363894623131 0
1601 0.22282280741464 0.712363894623131 0.0486438665539222
1602 0.22282280741464 0.712363894623131 0.121278191895108
1603 0.22282280741464 0.712363894623131 0.22282280741464
1604 0.22282280741464 0.712363894623131 0.352449403339098
1605 0.22282280741464 0.712363894623131 0.5
1606 0.22282280741464 0.712363894623131 0.647550596660902
1607 0.22282280741464 0.712363894623131 0.77717719258536
1608 0.22282280741464 0.712363894623131 0.878721808104892
1609 0.22282280741464 0.712363894623131 0.951356133446078
1610 0.22282280741464 0.712363894623131 1
1611 0.22282280741464 0.77717719258536 0
1612 0.22282280741464 0.77717719258536 0.0243219332769611
1613 0.22282280741464 0.77717719258536 0.0486438665539222
1614 0.22282280741464 0.77717719258536 0.0849610292245153
1615 0.22282280741464 0.77717719258536 0.121278191895108
1616 0.22282280741464 0.77717719258536 0.172050499654874
1617 0.22282280741464 0.77717719258536 0.22282280741464
1618 0.22282280741464 0.77717719258536 0.287636105376869
1619 0.22282280741464 0.77717719258536 0.352449403339098
1620 0.22282280741464 0.77717719258536 0.426224701669549
1621 0.22282280741464 0.77717719258536 0.5
1622 0.22282280741464 0.77717719258536 0.573775298330451
1623 0.22282280741464 0.77717719258536 0.647550596660902
1624 0.22282280741464 0.77717719258536 0.712363894623131
1625 0.22282280741464 0.77717719258536 0.77717719258536
1626 0.22282280741464 0.77717719258536 0.827949500345126
1627 0.22282280741464 0.77717719258536 0.878721808104892
1628 0.22282280741464 0.77717719258536 0.915038970775485
1629 0.22282280741464 0.77717719258536 0.951356133446078
1630 0.22282280741464 0.77717719258536 0.975678066723039
1631 0.22282280741464 0.77717719258536 1
1632 0.22282280741464 0.827949500345126 0
1633 0.22282280741464 0.827949500345126 0.0486438665539222
1634 0.22282280741464 0.827949500345126 0.121278191895108
1635 0.22282280741464 0.827949500345126 0.22282280741464
1636 0.22282280741464 0.827949500345126 0.352449403339098
1637 0.22282280741464 0.827949500345126 0.5
1638 0.22282280741464 0.827949500345126 0.647550596660902
1639 0.22282280741464 0.827949500345126 0.77717719258536
1640 0.22282280741464 0.827949500345126 0.878721808104892
1641 0.22282280741464 0.827949500345126 0.951356133446078
1642 0.22282280741464 0.827949500345126 1
1643 0.22282280741464 0.878721808104892 0
1644 0.22282280741464 0.878721808104892 0.0243219332769611
1645 0.22282280741464 0.878721808104892 0.0486438665539222
1646 0.22282280741464 0.878721808104892 0.0849610292245153
1647 0.22282280741464 0.878721808104892 0.121278191895108
1648 0.22282280741464 0.878721808104892 0.172050499654874
1649 0.22282280741464 0.878721808104892 0.22282280741464
1650 0.22282280741464 0.878721808104892 0.287636105376869
1651 0.22282280741464 0.878721808104892 0.352449403339098
1652 0.22282280741464 0.878721808104892 0.426224701669549
1653 0.22282280741464 0.878721808104892 0.5
1654 0.22282280741464 0.878721808104892 0.573775298330451
1655 0.22282280741464 0.878721808104892 0.647550596660902
1656 0.22282280741464 0.878721808104892 0.712363894623131
1657 0.22282280741464 0.878721808104892 0.77717719258536
1658 0.22282280741464 0.878721808104892 0.827949500345126
1659 0.22282280741464 0.878721808104892 0.878721808104892
1660 0.22282280741464 0.878721808104892 0.915038970775485
1661 0.22282280741464 0.878721808104892 0.951356133446078
1662 0.22282280741464 0.878721808104892 0.975678066723039
1663 0.22282280741464 0.878721808104892 1
1664 0.22282280741464 0.915038970775485 0
1665 0.22282280741464 0.915038970775485 0.0486438665539222
1666 0.22282280741464 0.915038970775485 0.121278191895108
1667 0.22282280741464 0.915038970775485 0.22282280741464
1668 0.22282280741464 0.915038970775485 0.352449403339098
1669 0.22282280741464 0.915038970775485 0.5
1670 0.22282280741464 0.915038970775485 0.647550596660902
1671 0.22282280741464 0.915038970775485 0.77717719258536
1672 0.22282280741464 0.915038970775485 0.878721808104892
1673 0.22282280741464 0.915038970775485 0.951356133446078
1674 0.22282280741464 0.915038970775485 1
1675 0.22282280741464 0.951356133446078 0
1676 0.22282280741464 0.951356133446078 0.0243219332769611
1677 0.22282280741464 0.951356133446078 0.0486438665539222
1678 0.22282280741464 0.951356133446078 0.0849610292245153
1679 0.22282280741464 0.951356133446078 0.121278191895108
1680 0.22282280741464 0.951356133446078 0.172050499654874
1681 0.22282280741464 0.951356133446078 0.22282280741464
1682 0.22282280741464 0.951356133446078 0.287636105376869
1683 0.22282280741464 0.951356133446078 0.352449403339098
1684 0.22282280741464 0.951356133446078 0.426224701669549
1685 0.22282280741464 0.951356133446078 0.5
1686 0.22282280741464 0.951356133446078 0.573775298330451
1687 0.22282280741464 0.951356133446078 0.647550596660902
1688 0.22282280741464 0.951356133446078 0.712363894623131
1689 0.22282280741464 0.951356133446078 0.77717719258536
1690 0.22282280741464 0.951356133446078 0.827949500345126
1691 0.22282280741464 0.951356133446078 0.878721808104892
1692 0.22282280741464 0.951356133446078 0.915038970775485
1693 0.22282280741464 0.951356133446078 0.951356133446078
1694 0.22282280741464 0.951356133446078 0.975678066723039
1695 0.22282280741464 0.951356133446078 1
1696 0.22282280741464 0.975678066723039 0
1697 0.22282280741464 0.975678066723039 0.0486438665539222
1698 0.22282280741464 0.975678066723039 0.121278191895108
1699 0.22282280741464 0.975678066723039 0.22282280741464
1700 0.22282280741464 0.975678066723039 0.352449403339098
1701 0.22282280741464 0.975678066723039 0.5
1702 0.22282280741464 0.975678066723039 0.647550596660902
1703 0.22282280741464 0.975678066723039 0.77717719258536
1704 0.22282280741464 0.975678066723039 0.878721808104892
1705 0.22282280741464 0.975678066723039 0.951356133446078
1706 0.22282280741464 0.975678066723039 1
1707 0.22282280741464 1 0
1708 0.22282280741464 1 0.0243219332769611
1709 0.22282280741464 1 0.0486438665539222
1710 0.22282280741464 1 0.0849610292245153
1711 0.22282280741464 1 0.121278191895108
1712 0.22282280741464 1 0.172050499654874
1713 0.22282280741464 1 0.22282280741464
1714 0.22282280741464 1 0.287636105376869
1715 0.22282280741464 1 0.352449403339098
1716 0.22282280741464 1 0.426224701669549
1717 0.22282280741464 1 0.5
1718 0.22282280741464 1 0.573775298330451
1719 0.22282280741464 1 0.647550596660902
1720 0.22282280741464 1 0.712363894623131
1721 0.22282280741464 1 0.77717719258536
1722 0.22282280741464 1 0.827949500345126
1723 0.22282280741464 1 0.878721808104892
1724 0.22282280741464 1 0.915038970775485
1725 0.22282280741464 1 0.951356133446078
1726 0.22282280741464 1 0.975678066723039
1727 0.22282280741464 1 1
1728 0.287636105376869 0 0
1729 0.287636105376869 0 0.0486438665539222
1730 0.287636105376869 0 0.121278191895108
1731 0.287636105376869 0 0.22282280741464
1732 0.287636105376869 0 0.352449403339098
1733 0.287636105376869 0 0.5
1734 0.287636105376869 0 0.647550596660902
1735 0.287636105376869 0 0.77717719258536
1736 0.287636105376869 0 0.878721808104892
1737 0.287636105376869 0 0.951356133446078
1738 0.287636105376869 0 1
1739 0.287636105376869 0.0486438665539222 0
1740 0.287636105376869 0.0486438665539222 0.0486438665539222
1741 0.287636105376869 0.0486438665539222 0.121278191895108
1742 0.287636105376869 0.0486438665539222 0.22282280741464
1743 0.287636105376869 0.0486438665539222 0.352449403339098
1744 0.287636105376869 0.0486438665539222 0.5
1745 0.287636105376869 0.0486438665539222 0.647550596660902
1746 0.287636105376869 0.0486438665539222 0.77717719258536
1747 0.287636105376869 0.0486438665539222 0.878721808104892
1748 0.287636105376869 0.0486438665539222 0.951356133446078
1749 0.287636105376869 0.0486438665539222 1
1750 0.287636105376869 0.121278191895108 0
1751 0.287636105376869 0.121278191895108 0.0486438665539222
1752 0.287636105376869 0.121278191895108 0.121278191895108
1753 0.287636105376869 0.121278191895108 0.22282280741464
1754 0.287636105376869 0.121278191895108 0.352449403339098
1755 0.287636105376869 0.121278191895108 0.5
1756 0.287636105376869 0.121278191895108 0.647550596660902
1757 0.287636105376869 0.121278191895108 0.77717719258536
1758 0.287636105376869 0.121278191895108 0.878721808104892
1759 0.287636105376869 0.121278191895108 0.951356133446078
1760 0.287636105376869 0.121278191895108 1
1761 0.287636105376869 0.22282280741464 0
1762 0.287636105376869 0.22282280741464 0.0486438665539222
1763 0.287636105376869 0.22282280741464 0.121278191895108
1764 0.287636105376869 0.22282280741464 0.22282280741464
1765 0.287636105376869 0.22282280741464 0.352449403339098
1766 0.287636105376869 0.22282280741464 0.5
1767 0.287636105376869 0.22282280741464 0.647550596660902
1768 0.287636105376869 0.22282280741464 0.77717719258536
1769 0.287636105376869 0.22282280741464 0.878721808104892
1770 0.287636105376869 0.22282280741464 0.951356133446078
1771 0.287636105376869 0.22282280741464 1
1772 0.287636105376869 0.352449403339098 0
1773 0.287636105376869 0.352449403339098 0.0486438665539222
1774 0.287636105376869 0.352449403339098 0.121278191895108
1775 0.287636105376869 0.352449403339098 0.22282280741464
1776 0.287636105376869 0.352449403339098 0.352449403339098
1777 0.287636105376869 0.352449403339098 0.5
1778 0.287636105376869 0.352449403339098 0.647550596660902
1779 0.287636105376869 0.352449403339098 0.77717719258536
1780 0.287636105376869 0.352449403339098 0.878721808104892
1781 0.287636105376869 0.352449403339098 0.951356133446078
1782 0.287636105376869 0.352449403339098 1
1783 0.287636105376869 0.5 0
1784 0.287636105376869 0.5 0.0486438665539222
1785 0.287636105376869 0.5 0.121278191895108
1786 0.287636105376869 0.5 0.22282280741464
1787 0.287636105376869 0.5 0.352449403339098
1788 0.287636105376869 0.5 0.5
1789 0.287636105376869 0.5 0.647550596660902
1790 0.287636105376869 0.5 0.77717719258536
1791 0.287636105376869 0.5 0.878721808104892
1792 0.287636105376869 0.5 0.951356133446078
1793 0.287636105376869 0.5 1
1794 0.287636105376869 0.647550596660902 0
1795 0.287636105376869 0.647550596660902 0.0486438665539222
1796 0.287636105376869 0.647550596660902 0.121278191895108
1797 0.287636105376869 0.647550596660902 0.22282280741464
1798 0.287636105376869 0.647550596660902 0.352449403339098
1799 0.287636105376869 0.647550596660902 0.5
1800 0.287636105376869 0.647550596660902 0.647550596660902
1801 0.287636105376869 0.647550596660902 0.77717719258536
1802 0.287636105376869 0.647550596660902 0.878721808104892
1803 0.287636105376869 0.647550596660902 0.951356133446078
1804 0.287636105376869 0.647550596660902 1
1805 0.287636105376869 0.77717719258536 0
1806 0.287636105376869 0.77717719258536 0.0486438665539222
1807 0.287636105376869 0.77717719258536 0.121278191895108
1808 0.287636105376869 0.77717719258536 0.22282280741464
1809 0.287636105376869 0.77717719258536 0.352449403339098
1810 0.287636105376869 0.77717719258536 0.5
1811 0.287636105376869 0.77717719258536 0.647550596660902
1812 0.287636105376869 0.77717719258536 0.77717719258536
1813 0.287636105376869 0.77717719258536 0.878721808104892
1814 0.287636105376869 0.77717719258536 0.951356133446078
1815 0.287636105376869 0.77717719258536 1
1816 0.287636105376869 0.878721808104892 0
1817 0.287636105376869 0.878721808104892 0.0486438665539222
1818 0.287636105376869 0.878721808104892 0.121278191895108
1819 0.287636105376869 0.878721808104892 0.22282280741464
1820 0.287636105376869 0.878721808104892 0.352449403339098
1821 0.287636105376869 0.878721808104892 0.5
1822 0.287636105376869 0.878721808104892 0.647550596660902
1823 0.287636105376869 0.878721808104892 0.77717719258536
1824 0.287636105376869 0.878721808104892 0.878721808104892
1825 0.287636105376869 0.878721808104892 0.951356133446078
1826 0.287636105376869 0.878721808104892 1
1827 0.287636105376869 0.951356133446078 0
1828 0.287636105376869 0.951356133446078 0.0486438665539222
1829 0.287636105376869 0.951356133446078 0.121278191895108
1830 0.287636105376869 0.951356133446078 0.22282280741464
1831 0.287636105376869 0.951356133446078 0.352449403339098
1832 0.287636105376869 0.951356133446078 0.5
1833 0.287636105376869 0.951356133446078 0.647550596660902
1834 0.287636105376869 0.951356133446078 0.77717719258536
1835 0.287636105376869 0.951356133446078 0.878721808104892
1836 0.287636105376869 0.951356133446078 0.951356133446078
1837 0.287636105376869 0.951356133446078 1
1838 0.287636105376869 1 0
1839 0.287636105376869 1 0.0486438665539222
1840 0.287636105376869 1 0.121278191895108
1841 0.287636105376869 1 0.22282280741464
1842 0.287636105376869 1 0.352449403339098
1843 0.287636105376869 1 0.5
1844 0.287636105376869 1 0.647550596660902
1845 0.287636105376869 1 0.77717719258536
1846 0.287636105376869 1 0.878721808104892
1847 0.287636105376869 1 0.951356133446078
1848 0.287636105376869 1 1
1849 0.352449403339098 0 0
1850 0.352449403339098 0 0.0243219332769611
1851 0.352449403339098 0 0.0486438665539222
1852 0.352449403339098 0 0.0849610292245153
1853 0.352449403339098 0 0.121278191895108
1854 0.352449403339098 0 0.172050499654874
1855 0.352449403339098 0 0.22282280741464
1856 0.352449403339098 0 0.287636105376869
1857 0.352449403339098 0 0.352449403339098
1858 0.352449403339098 0 0.426224701669549
1859 0.352449403339098 0 0.5
1860 0.352449403339098 0 0.573775298330451
1861 0.352449403339098 0 0.647550596660902
1862 0.352449403339098 0 0.712363894623131
1863 0.352449403339098 0 0.77717719258536
1864 0.352449403339098 0 0.827949500345126
1865 0.352449403339098 0 0.878721808104892
1866 0.352449403339098 0 0.915038970775485
1867 0.352449403339098 0 0.951356133446078
1868 0.352449403339098 0 0.975678066723039
1869 0.352449403339098 0 1
1870 0.352449403339098 0.0243219332769611 0
1871 0.352449403339098 0.0243219332769611 0.0486438665539222
1872 0.352449403339098 0.0243219332769611 0.121278191895108
1873 0.352449403339098 0.0243219332769611 0.22282280741464
1874 0.352449403339098 0.0243219332769611 0.352449403339098
1875 0.352449403339098 0.0243219332769611 0.5
1876 0.352449403339098 0.0243219332769611 0.647550596660902
1877 0.352449403339098 0.0243219332769611 0.77717719258536
1878 0.352449403339098 0.0243219332769611 0.878721808104892
1879 0.352449403339098 0.0243219332769611 0.951356133446078
1880 0.352449403339098 0.0243219332769611 1
1881 0.352449403339098 0.0486438665539222 0
1882 0.352449403339098 0.0486438665539222 0.0243219332769611
1883 0.352449403339098 0.0486438665539222 0.0486438665539222
1884 0.352449403339098 0.0486438665539222 0.0849610292245153
1885 0.352449403339098 0.0486438665539222 0.121278191895108
1886 0.352449403339098 0.0486438665539222 0.172050499654874
1887 0.352449403339098 0.0486438665539222 0.22282280741464
1888 0.352449403339098 0.0486438665539222 0.287636105376869
1889 0.352449403339098 0.0486438665539222 0.352449403339098
1890 0.352449403339098 0.0486438665539222 0.426224701669549
1891 0.352449403339098 0.0486438665539222 0.5
1892 0.352449403339098 0.0486438665539222 0.573775298330451
1893 0.352449403339098 0.0486438665539222 0.647550596660902
1894 0.352449403339098 0.0486438665539222 0.712363894623131
1895 0.352449403339098 0.0486438665539222 0.77717719258536
1896 0.352449403339098 0.0486438665539222 0.827949500345126
1897 0.352449403339098 0.0486438665539222 0.878721808104892
1898 0.352449403339098 0.0486438665539222 0.915038970775485
1899 0.352449403339098 0.0486438665539222 0.951356133446078
1900 0.352449403339098 0.0486438665539222 0.975678066723039
1901 0.352449403339098 0.0486438665539222 1
1902 0.352449403339098 0.0849610292245153 0
1903 0.352449403339098 0.0849610292245153 0.0486438665539222
1904 0.352449403339098 0.0849610292245153 0.121278191895108
1905 0.352449403339098 0.0849610292245153 0.22282280741464
1906 0.352449403339098 0.0849610292245153 0.352449403339098
1907 0.352449403339098 0.0849610292245153 0.5
1908 0.352449403339098 0.0849610292245153 0.647550596660902
1909 0.352449403339098 0.0849610292245153 0.77717719258536
1910 0.352449403339098 0.0849610292245153 0.878721808104892
1911 0.352449403339098 0.0849610292245153 0.951356133446078
1912 0.352449403339098 0.0849610292245153 1
1913 0.352449403339098 0.121278191895108 0
1914 0.352449403339098 0.121278191895108 0.0243219332769611
1915 0.352449403339098 0.121278191895108 0.0486438665539222
1916 0.352449403339098 0.121278191895108 0.0849610292245153
1917 0.352449403339098 0.121278191895108 0.121278191895108
1918 0.352449403339098 0.121278191895108 0.172050499654874
1919 0.352449403339098 0.121278191895108 0.22282280741464
1920 0.352449403339098 0.121278191895108 0.287636105376869
1921 0.352449403339098 0.121278191895108 0.352449403339098
1922 0.352449403339098 0.121278191895108 0.426224701669549
1923 0.352449403339098 0.121278191895108 0.5
1924 0.352449403339098 0.121278191895108 0.573775298330451
1925 0.352449403339098 0.121278191895108 0.647550596660902
1926 0.352449403339098 0.121278191895108 0.712363894623131
1927 0.352449403339098 0.121278191895108 0.77717719258536
1928 0.352449403339098 0.121278191895108 0.827949500345126
1929 0.352449403339098 0.121278191895108 0.878721808104892
1930 0.352449403339098 0.121278191895108 0.915038970775485
1931 0.352449403339098 0.121278191895108 0.951356133446078
1932 0.352449403339098 0.121278191895108 0.975678066723039
1933 0.352449403339098 0.121278191895108 1
1934 0.352449403339098 0.172050499654874 0
1935 0.352449403339098 0.172050499654874 0.0486438665539222
1936 0.352449403339098 0.172050499654874 0.121278191895108
1937 0.352449403339098 0.172050499654874 0.22282280741464
1938 0.352449403339098 0.172050499654874 0.352449403339098
1939 0.352449403339098 0.172050499654874 0.5
1940 0.352449403339098 0.172050499654874 0.647550596660902
1941 0.352449403339098 0.172050499654874 0.77717719258536
1942 0.352449403339098 0.172050499654874 0.878721808104892
1943 0.352449403339098 0.172050499654874 0.951356133446078
1944 0.352449403339098 0.172050499654874 1
1945 0.352449403339098 0.22282280741464 0
1946 0.352449403339098 0.22282280741464 0.0243219332769611
1947 0.352449403339098 0.22282280741464 0.0486438665539222
1948 0.352449403339098 0.22282280741464 0.0849610292245153
1949 0.352449403339098 0.22282280741464 0.121278191895108
1950 0.352449403339098 0.22282280741464 0.172050499654874
1951 0.352449403339098 0.22282280741464 0.22282280741464
1952 0.352449403339098 0.22282280741464 0.287636105376869
1953 0.352449403339098 0.22282280741464 0.352449403339098
1954 0.352449403339098 0.22282280741464 0.426224701669549
1955 0.352449403339098 0.22282280741464 0.5
1956 0.352449403339098 0.22282280741464 0.573775298330451
1957 0.352449403339098 0.22282280741464 0.647550596660902
1958 0.352449403339098 0.22282280741464 0.712363894623131
1959 0.352449403339098 0.22282280741464 0.77717719258536
1960 0.352449403339098 0.22282280741464 0.827949500345126
1961 0.352449403339098 0.22282280741464 0.878721808104892
1962 0.352449403339098 0.22282280741464 0.915038970775485
1963 0.352449403339098 0.22282280741464 0.951356133446078
1964 0.352449403339098 0.22282280741464 0.975678066723039
1965 0.352449403339098 0.22282280741464 1
1966 0.352449403339098 0.287636105376869 0
1967 0.352449403339098 0.287636105376869 0.0486438665539222
1968 0.352449403339098 0.287636105376869 0.121278191895108
1969 0.352449403339098 0.287636105376869 0.22282280741464
1970 0.352449403339098 0.287636105376869 0.352449403339098
1971 0.352449403339098 0.287636105376869 0.5
1972 0.352449403339098 0.287636105376869 0.647550596660902
1973 0.352449403339098 0.287636105376869 0.77717719258536
1974 0.352449403339098 0.287636105376869 0.878721808104892
1975 0.352449403339098 0.287636105376869 0.951356133446078
1976 0.352449403339098 0.287636105376869 1
1977 0.352449403339098 0.352449403339098 0
1978 0.352449403339098 0.352449403339098 0.0243219332769611
1979 0.352449403339098 0.352449403339098 0.0486438665539222
1980 0.352449403339098 0.352449403339098 0.0849610292245153
1981 0.352449403339098 0.352449403339098 0.121278191895108
1982 0.352449403339098 0.352449403339098 0.172050499654874
1983 0.352449403339098 0.352449403339098 0.22282280741464
1984 0.352449403339098 0.352449403339098 0.287636105376869
1985 0.352449403339098 0.352449403339098 0.352449403339098
1986 0.352449403339098 0.352449403339098 0.426224701669549
1987 0.352449403339098 0.352449403339098 0.5
1988 0.352449403339098 0.352449403339098 0.573775298330451
1989 0.352449403339098 0.352449403339098 0.647550596660902
1990 0.352449403339098 0.352449403339098 0.712363894623131
1991 0.352449403339098 0.352449403339098 0.77717719258536
1992 0.352449403339098 0.352449403339098 0.827949500345126
1993 0.352449403339098 0.352449403339098 0.878721808104892
1994 0.352449403339098 0.352449403339098 0.915038970775485
1995 0.352449403339098 0.352449403339098 0.951356133446078
1996 0.352449403339098 0.352449403339098 0.975678066723039
1997 0.352449403339098 0.352449403339098 1
1998 0.352449403339098 0.426224701669549 0
1999 0.352449403339098 0.426224701669549 0.0486438665539222
2000 0.352449403339098 0.426224701669549 0.121278191895108
2001 0.352449403339098 0.426224701669549 0.22282280741464
2002 0.352449403339098 0.426224701669549 0.352449403339098
2003 0.352449403339098 0.426224701669549 0.5
2004 0.352449403339098 0.426224701669549 0.647550596660902
2005 0.352449403339098 0.426224701669549 0.77717719258536
2006 0.352449403339098 0.426224701669549 0.878721808104892
2007 0.352449403339098 0.426224701669549 0.951356133446078
2008 0.352449403339098 0.426224701669549 1
2009 0.352449403339098 0.5 0
2010 0.352449403339098 0.5 0.0243219332769611
2011 0.352449403339098 0.5 0.0486438665539222
2012 0.352449403339098 0.5 0.0849610292245153
2013 0.352449403339098 0.5 0.121278191895108
2014 0.352449403339098 0.5 0.172050499654874
2015 0.352449403339098 0.5 0.22282280741464
2016 0.352449403339098 0.5 0.287636105376869
2017 0.352449403339098 0.5 0.352449403339098
2018 0.352449403339098 0.5 0.426224701669549
2019 0.352449403339098 0.5 0.5
2020 0.352449403339098 0.5 0.573775298330451
2021 0.352449403339098 0.5 0.647550596660902
2022 0.352449403339098 0.5 0.712363894623131
2023 0.352449403339098 0.5 0.77717719258536
2024 0.352449403339098 0.5 0.827949500345126
2025 0.352449403339098 0.5 0.878721808104892
2026 0.352449403339098 0.5 0.915038970775485
2027 0.352449403339098 0.5 0.951356133446078
2028 0.352449403339098 0.5 0.975678066723039
2029 0.352449403339098 0.5 1
2030 0.352449403339098 0.573775298330451 0
2031 0.352449403339098 0.573775298330451 0.0486438665539222
2032 0.352449403339098 0.573775298330451 0.121278191895108
2033 0.352449403339098 0.573775298330451 0.22282280741464
2034 0.352449403339098 0.573775298330451 0.352449403339098
2035 0.352449403339098 0.573775298330451 0.5
2036 0.352449403339098 0.573775298330451 0.647550596660902
2037 0.352449403339098 0.573775298330451 0.77717719258536
2038 0.352449403339098 0.573775298330451 0.878721808104892
2039 0.352449403339098 0.573775298330451 0.951356133446078
2040 0.352449403339098 0.573775298330451 1
2041 0.352449403339098 0.647550596660902 0
2042 0.352449403339098 0.647550596660902 0.0243219332769611
2043 0.352449403339098 0.647550596660902 0.0486438665539222
2044 0.352449403339098 0.647550596660902 0.0849610292245153
2045 0.352449403339098 0.647550596660902 0.121278191895108
2046 0.352449403339098 0.647550596660902 0.172050499654874
2047 0.352449403339098 0.647550596660902 0.22282280741464
2048 0.352449403339098 0.647550596660902 0.287636105376869
2049 0.352449403339098 0.647550596660902 0.352449403339098
2050 0.352449403339098 0.647550596660902 0.426224701669549
2051 0.352449403339098 0.647550596660902 0.5
2052 0.352449403339098 0.647550596660902 0.573775298330451
2053 0.352449403339098 0.647550596660902 0.647550596660902
2054 0.352449403339098 0.647550596660902 0.712363894623131
2055 0.352449403339098 0.647550596660902 0.77717719258536
2056 0.352449403339098 0.647550596660902 0.827949500345126
2057 0.352449403339098 0.647550596660902 0.878721808104892
2058 0.352449403339098 0.647550596660902 0.915038970775485
2059 0.352449403339098 0.647550596660902 0.951356133446078
2060 0.352449403339098 0.647550596660902 0.975678066723039
2061 0.352449403339098 0.647550596660902 1
2062 0.352449403339098 0.712363894623131 0
2063 0.352449403339098 0.712363894623131 0.0486438665539222
2064 0.352449403339098 0.712363894623131 0.121278191895108
2065 0.352449403339098 0.712363894623131 0.22282280741464
2066 0.352449403339098 0.712363894623131 0.352449403339098
2067 0.352449403339098 0.712363894623131 0.5
2068 0.352449403339098 0.712363894623131 0.647550596660902
2069 0.352449403339098 0.712363894623131 0.77717719258536
2070 0.352449403339098 0.712363894623131 0.878721808104892
2071 0.352449403339098 0.712363894623131 0.951356133446078
2072 0.352449403339098 0.712363894623131 1
2073 0.352449403339098 0.77717719258536 0
2074 0.352449403339098 0.77717719258536 0.0243219332769611
2075 0.352449403339098 0.77717719258536 0.0486438665539222
2076 0.352449403339098 0.77717719258536 0.0849610292245153
2077 0.352449403339098 0.77717719258536 0.121278191895108
2078 0.352449403339098 0.77717719258536 0.172050499654874
2079 0.352449403339098 0.77717719258536 0.22282280741464
2080 0.352449403339098 0.77717719258536 0.287636105376869
2081 0.352449403339098 0.77717719258536 0.352449403339098
2082 0.352449403339098 0.77717719258536 0.426224701669549
2083 0.352449403339098 0.77717719258536 0.5
2084 0.352449403339098 0.77717719258536 0.573775298330451
2085 0.352449403339098 0.77717719258536 0.647550596660902
2086 0.352449403339098 0.77717719258536 0.712363894623131
2087 0.352449403339098 0.77717719258536 0.77717719258536
2088 0.352449403339098 0.77717719258536 0.827949500345126
2089 0.352449403339098 0.77717719258536 0.878721808104892
2090 0.352449403339098 0.77717719258536 0.915038970775485
2091 0.352449403339098 0.77717719258536 0.951356133446078
2092 0.352449403339098 0.77717719258536 0.975678066723039
2093 0.352449403339098 0.77717719258536 1
2094 0.352449403339098 0.827949500345126 0
2095 0.352449403339098 0.827949500345126 0.0486438665539222
2096 0.352449403339098 0.827949500345126 0.121278191895108
2097 0.352449403339098 0.827949500345126 0.22282280741464
2098 0.352449403339098 0.827949500345126 0.352449403339098
2099 0.352449403339098 0.827949500345126 0.5
2100 0.352449403339098 0.827949500345126 0.647550596660902
2101 0.352449403339098 0.827949500345126 0.77717719258536
2102 0.352449403339098 0.827949500345126 0.878721808104892
2103 0.352449403339098 0.827949500345126 0.951356133446078
2104 0.352449403339098 0.827949500345126 1
2105 0.352449403339098 0.878721808104892 0
2106 0.352449403339098 0.878721808104892 0.0243219332769611
2107 0.352449403339098 0.878721808104892 0.0486438665539222
2108 0.352449403339098 0.878721808104892 0.0849610292245153
2109 0.352449403339098 0.878721808104892 0.121278191895108
2110 0.352449403339098 0.878721808104892 0.172050499654874
2111 0.352449403339098 0.878721808104892 0.22282280741464
2112 0.352449403339098 0.878721808104892 0.287636105376869
2113 0.352449403339098 0.878721808104892 0.352449403339098
2114 0.352449403339098 0.878721808104892 0.426224701669549
2115 0.352449403339098 0.878721808104892 0.5
2116 0.352449403339098 0.878721808104892 0.573775298330451
2117 0.352449403339098 0.878721808104892 0.647550596660902
2118 0.352449403339098 0.878721808104892 0.712363894623131
2119 0.352449403339098 0.878721808104892 0.77717719258536
2120 0.352449403339098 0.878721808104892 0.827949500345126
2121 0.352449403339098 0.878721808104892 0.878721808104892
2122 0.352449403339098 0.878721808104892 0.915038970775485
2123 0.352449403339098 0.878721808104892 0.951356133446078
2124 0.352449403339098 0.878721808104892 0.975678066723039
2125 0.352449403339098 0.878721808104892 1
2126 0.352449403339098 0.915038970775485 0
2127 0.352449403339098 0.915038970775485 0.0486438665539222
2128 0.352449403339098 0.915038970775485 0.121278191895108
2129 0.352449403339098 0.915038970775485 0.22282280741464
2130 0.352449403339098 0.915038970775485 0.352449403339098
2131 0.352449403339098 0.915038970775485 0.5
2132 0.352449403339098 0.915038970775485 0.647550596660902
2133 0.352449403339098 0.915038970775485 0.77717719258536
2134 0.352449403339098 0.915038970775485 0.878721808104892
2135 0.352449403339098 0.915038970775485 0.951356133446078
2136 0.352449403339098 0.915038970775485 1
2137 0.352449403339098 0.951356133446078 0
2138 0.352449403339098 0.951356133446078 0.0243219332769611
2139 0.352449403339098 0.951356133446078 0.0486438665539222
2140 0.352449403339098 0.951356133446078 0.0849610292245153
2141 0.352449403339098 0.951356133446078 0.121278191895108
2142 0.352449403339098 0.951356133446078 0.172050499654874
2143 0.352449403339098 0.951356133446078 0.22282280741464
2144 0.352449403339098 0.951356133446078 0.287636105376869
2145 0.352449403339098 0.951356133446078 0.352449403339098
2146 0.352449403339098 0.951356133446078 0.426224701669549
2147 0.352449403339098 0.951356133446078 0.5
2148 0.352449403339098 0.951356133446078 0.573775298330451
2149 0.352449403339098 0.951356133446078 0.647550596660902
2150 0.352449403339098 0.951356133446078 0.712363894623131
2151 0.352449403339098 0.951356133446078 0.77717719258536
2152 0.352449403339098 0.951356133446078 0.827949500345126
2153 0.352449403339098 0.951356133446078 0.878721808104892
2154 0.352449403339098 0.951356133446078 0.915038970775485
2155 0.352449403339098 0.951356133446078 0.951356133446078
2156 0.352449403339098 0.951356133446078 0.975678066723039
2157 0.352449403339098 0.951356133446078 1
2158 0.352449403339098 0.975678066723039 0
2159 0.352449403339098 0.975678066723039 0.0486438665539222
2160 0.352449403339098 0.975678066723039 0.121278191895108
2161 0.352449403339098 0.975678066723039 0.22282280741464
2162 0.352449403339098 0.975678066723039 0.352449403339098
2163 0.352449403339098 0.975678066723039 0.5
2164 0.352449403339098 0.975678066723039 0.647550596660902
2165 0.352449403339098 0.975678066723039 0.77717719258536
2166 0.352449403339098 0.975678066723039 0.878721808104892
2167 0.352449403339098 0.975678066723039 0.951356133446078
2168 0.352449403339098 0.975678066723039 1
2169 0.352449403339098 1 0
2170 0.352449403339098 1 0.0243219332769611
2171 0.352449403339098 1 0.0486438665539222
2172 0.352449403339098 1 0.0849610292245153
2173 0.352449403339098 1 0.121278191895108
2174 0.352449403339098 1 0.172050499654874
2175 0.352449403339098 1 0.22282280741464
2176 0.352449403339098 1 0.287636105376869
2177 0.352449403339098 1 0.352449403339098
2178 0.352449403339098 1 0.426224701669549
2179 0.352449403339098 1 0.5
2180 0.352449403339098 1 0.573775298330451
2181 0.352449403339098 1 0.647550596660902
2182 0.352449403339098 1 0.712363894623131
2183 0.352449403339098 1 0.77717719258536
2184 0.352449403339098 1 0.827949500345126
2185 0.352449403339098 1 0.878721808104892
2186 0.352449403339098 1 0.915038970775485
2187 0.352449403339098 1 0.951356133446078
2188 0.352449403339098 1 0.975678066723039
2189 0.352449403339098 1 1
2190 0.426224701669549 0 0
2191 0.426224701669549 0 0.0486438665539222
2192 0.426224701669549 0 0.121278191895108
2193 0.426224701669549 0 0.22282280741464
2194 0.426224701669549 0 0.352449403339098
2195 0.426224701669549 0 0.5
2196 0.426224701669549 0 0.647550596660902
2197 0.426224701669549 0 0.77717719258536
2198 0.426224701669549 0 0.878721808104892
2199 0.426224701669549 0 0.951356133446078
2200 0.426224701669549 0 1
2201 0.426224701669549 0.0486438665539222 0
2202 0.426224701669549 0.0486438665539222 0.0486438665539222
2203 0.426224701669549 0.0486438665539222 0.121278191895108
2204 0.426224701669549 0.0486438665539222 0.22282280741464
2205 0.426224701669549 0.0486438665539222 0.352449403339098
2206 0.426224701669549 0.0486438665539222 0.5
2207 0.426224701669549 0.0486438665539222 0.647550596660902
2208 0.426224701669549 0.0486438665539222 0.77717719258536
2209 0.426224701669549 0.0486438665539222 0.878721808104892
2210 0.426224701669549 0.0486438665539222 0.951356133446078
2211 0.426224701669549 0.0486438665539222 1
2212 0.426224701669549 0.121278191895108 0
2213 0.426224701669549 0.121278191895108 0.0486438665539222
2214 0.426224701669549 0.121278191895108 0.121278191895108
2215 0.426224701669549 0.121278191895108 0.22282280741464
2216 0.426224701669549 0.121278191895108 0.352449403339098
2217 0.426224701669549 0.121278191895108 0.5
2218 0.426224701669549 0.121278191895108 0.647550596660902
2219 0.426224701669549 0.121278191895108 0.77717719258536
2220 0.426224701669549 0.121278191895108 0.878721808104892
2221 0.426224701669549 0.121278191895108 0.951356133446078
2222 0.426224701669549 0.121278191895108 1
2223 0.426224701669549 0.22282280741464 0
2224 0.426224701669549 0.22282280741464 0.0486438665539222
2225 0.426224701669549 0.22282280741464 0.121278191895108
2226 0.426224701669549 0.22282280741464 0.22282280741464
2227 0.426224701669549 0.22282280741464 0.352449403339098
2228 0.426224701669549 0.22282280741464 0.5
2229 0.426224701669549 0.22282280741464 0.647550596660902
2230 0.426224701669549 0.22282280741464 0.77717719258536
2231 0.426224701669549 0.22282280741464 0.878721808104892
2232 0.426224701669549 0.22282280741464 0.951356133446078
2233 0.426224701669549 0.22282280741464 1
2234 0.426224701669549 0.352449403339098 0
2235 0.426224701669549 0.352449403339098 0.0486438665539222
2236 0.426224701669549 0.352449403339098 0.121278191895108
2237 0.426224701669549 0.352449403339098 0.22282280741464
2238 0.426224701669549 0.352449403339098 0.352449403339098
2239 0.426224701669549 0.352449403339098 0.5
2240 0.426224701669549 0.352449403339098 0.647550596660902
2241 0.426224701669549 0.352449403339098 0.77717719258536
2242 0.426224701669549 0.352449403339098 0.878721808104892
2243 0.426224701669549 0.352449403339098 0.951356133446078
2244 0.426224701669549 0.352449403339098 1
2245 0.426224701669549 0.5 0
2246 0.426224701669549 0.5 0.0486438665539222
2247 0.426224701669549 0.5 0.121278191895108
2248 0.426224701669549 0.5 0.22282280741464
2249 0.426224701669549 0.5 0.352449403339098
2250 0.426224701669549 0.5 0.5
2251 0.426224701669549 0.5 0.647550596660902
2252 0.426224701669549 0.5 0.77717719258536
2253 0.426224701669549 0.5 0.878721808104892
2254 0.426224701669549 0.5 0.951356133446078
2255 0.426224701669549 0.5 1
2256 0.426224701669549 0.647550596660902 0
2257 0.426224701669549 0.647550596660902 0.0486438665539222
2258 0.426224701669549 0.647550596660902 0.121278191895108
2259 0.426224701669549 0.647550596660902 0.22282280741464
2260 0.426224701669549 0.647550596660902 0.352449403339098
2261 0.426224701669549 0.647550596660902 0.5
2262 0.426224701669549 0.647550596660902 0.647550596660902
2263 0.426224701669549 0.647550596660902 0.77717719258536
2264 0.426224701669549 0.647550596660902 0.878721808104892
2265 0.426224701669549 0.647550596660902 0.951356133446078
2266 0.426224701669549 0.647550596660902 1
2267 0.426224701669549 0.77717719258536 0
2268 0.426224701669549 0.77717719258536 0.0486438665539222
2269 0.426224701669549 0.77717719258536 0.121278191895108
2270 0.426224701669549 0.77717719258536 0.22282280741464
2271 0.426224701669549 0.77717719258536 0.352449403339098
2272 0.426224701669549 0.77717719258536 0.5
2273 0.426224701669549 0.77717719258536 0.647550596660902
2274 0.426224701669549 0.77717719258536 0.77717719258536
2275 0.426224701669549 0.77717719258536 0.878721808104892
2276 0.426224701669549 0.77717719258536 0.951356133446078
2277 0.426224701669549 0.77717719258536 1
2278 0.426224701669549 0.878721808104892 0
2279 0.426224701669549 0.878721808104892 0.0486438665539222
2280 0.426224701669549 0.878721808104892 0.121278191895108
2281 0.426224701669549 0.878721808104892 0.22282280741464
2282 0.426224701669549 0.878721808104892 0.352449403339098
2283 0.426224701669549 0.878721808104892 0.5
2284 0.426224701669549 0.878721808104892 0.647550596660902
2285 0.426224701669549 0.878721808104892 0.77717719258536
2286 0.426224701669549 0.878721808104892 0.878721808104892
2287 0.426224701669549 0.878721808104892 0.951356133446078
2288 0.426224701669549 0.878721808104892 1
2289 0.426224701669549 0.951356133446078 0
2290 0.426224701669549 0.951356133446078 0.0486438665539222
2291 0.426224701669549 0.951356133446078 0.121278191895108
2292 0.426224701669549 0.951356133446078 0.22282280741464
2293 0.426224701669549 0.951356133446078 0.352449403339098
2294 0.426224701669549 0.951356133446078 0.5
2295 0.426224701669549 0.951356133446078 0.647550596660902
2296 0.426224701669549 0.951356133446078 0.77717719258536
2297 0.426224701669549 0.951356133446078 0.878721808104892
2298 0.426224701669549 0.951356133446078 0.951356133446078
2299 0.426224701669549 0.951356133446078 1
2300 0.426224701669549 1 0
2301 0.426224701669549 1 0.0486438665539222
2302 0.426224701669549 1 0.121278191895108
2303 0.426224701669549 1 0.22282280741464
2304 0.426224701669549 1 0.352449403339098
2305 0.426224701669549 1 0.5
2306 0.426224701669549 1 0.647550596660902
2307 0.426224701669549 1 0.77717719258536
2308 0.426224701669549 1 0.878721808104892
2309 0.426224701669549 1 0.951356133446078
2310 0.426224701669549 1 1
2311 0.5 0 0
2312 0.5 0 0.0243219332769611
2313 0.5 0 0.0486438665539222
2314 0.5 0 0.0849610292245153
2315 0.5 0 0.121278191895108
2316 0.5 0 0.172050499654874
2317 0.5 0 0.22282280741464
2318 0.5 0 0.287636105376869
2319 0.5 0 0.352449403339098
2320 0.5 0 0.426224701669549
2321 0.5 0 0.5
2322 0.5 0 0.573775298330451
2323 0.5 0 0.647550596660902
2324 0.5 0 0.712363894623131
2325 0.5 0 0.77717719258536
2326 0.5 0 0.827949500345126
2327 0.5 0 0.878721808104892
2328 0.5 0 0.915038970775485
2329 0.5 0 0.951356133446078
2330 0.5 0 0.975678066723039
2331 0.5 0 1
2332 0.5 0.0243219332769611 0
2333 0.5 0.0243219332769611 0.0486438665539222
2334 0.5 0.0243219332769611 0.121278191895108
2335 0.5 0.0243219332769611 0.22282280741464
2336 0.5 0.0243219332769611 0.352449403339098
2337 0.5 0.0243219332769611 0.5
2338 0.5 0.0243219332769611 0.647550596660902
2339 0.5 0.0243219332769611 0.77717719258536
2340 0.5 0.0243219332769611 0.878721808104892
2341 0.5 0.0243219332769611 0.951356133446078
2342 0.5 0.0243219332769611 1
2343 0.5 0.0486438665539222 0
2344 0.5 0.0486438665539222 0.0243219332769611
2345 0.5 0.0486438665539222 0.0486438665539222
2346 0.5 0.0486438665539222 0.0849610292245153
2347 0.5 0.0486438665539222 0.121278191895108
2348 0.5 0.0486438665539222 0.172050499654874
2349 0.5 0.0486438665539222 0.22282280741464
2350 0.5 0.0486438665539222 0.287636105376869
2351 0.5 0.0486438665539222 0.352449403339098
2352 0.5 0.0486438665539222 0.426224701669549
2353 0.5 0.0486438665539222 0.5
2354 0.5 0.0486438665539222 0.573775298330451
2355 0.5 0.0486438665539222 0.647550596660902
2356 0.5 0.0486438665539222 0.712363894623131
2357 0.5 0.0486438665539222 0.77717719258536
2358 0.5 0.0486438665539222 0.827949500345126
2359 0.5 0.0486438665539222 0.878721808104892
2360 0.5 0.0486438665539222 0.915038970775485
2361 0.5 0.0486438665539222 0.951356133446078
2362 0.5 0.0486438665539222 0.975678066723039
2363 0.5 0.0486438665539222 1
2364 0.5 0.0849610292245153 0
2365 0.5 0.0849610292245153 0.0486438665539222
2366 0.5 0.0849610292245153 0.121278191895108
2367 0.5 0.0849610292245153 0.22282280741464
2368 0.5 0.0849610292245153 0.352449403339098
2369 0.5 0.0849610292245153 0.5
2370 0.5 0.0849610292245153 0.647550596660902
2371 0.5 0.0849610292245153 0.77717719258536
2372 0.5 0.0849610292245153 0.878721808104892
2373 0.5 0.0849610292245153 0.951356133446078
2374 0.5 0.0849610292245153 1
2375 0.5 0.121278191895108 0
2376 0.5 0.121278191895108 0.0243219332769611
2377 0.5 0.121278191895108 0.0486438665539222
2378 0.5 0.121278191895108 0.0849610292245153
2379 0.5 0.121278191895108 0.121278191895108
2380 0.5 0.121278191895108 0.172050499654874
2381 0.5 0.121278191895108 0.22282280741464
2382 0.5 0.121278191895108 0.287636105376869
2383 0.5 0.121278191895108 0.352449403339098
2384 0.5 0.121278191895108 0.426224701669549
2385 0.5 0.121278191895108 0.5
2386 0.5 0.121278191895108 0.573775298330451
2387 0.5 0.121278191895108 0.647550596660902
2388 0.5 0.121278191895108 0.712363894623131
2389 0.5 0.121278191895108 0.77717719258536
2390 0.5 0.121278191895108 0.827949500345126
2391 0.5 0.121278191895108 0.878721808104892
2392 0.5 0.121278191895108 0.915038970775485
2393 0.5 0.121278191895108 0.951356133446078
2394 0.5 0.121278191895108 0.975678066723039
2395 0.5 0.121278191895108 1
2396 0.5 0.172050499654874 0
2397 0.5 0.172050499654874 0.0486438665539222
2398 0.5 0.172050499654874 0.121278191895108
2399 0.5 0.172050499654874 0.22282280741464
2400 0.5 0.172050499654874 0.352449403339098
2401 0.5 0.172050499654874 0.5
2402 0.5 0.172050499654874 0.647550596660902
2403 0.5 0.172050499654874 0.77717719258536
2404 0.5 0.172050499654874 0.878721808104892
2405 0.5 0.172050499654874 0.951356133446078
2406 0.5 0.172050499654874 1
2407 0.5 0.22282280741464 0
2408 0.5 0.22282280741464 0.0243219332769611
2409 0.5 0.22282280741464 0.0486438665539222
2410 0.5 0.22282280741464 0.0849610292245153
2411 0.5 0.22282280741464 0.121278191895108
2412 0.5 0.22282280741464 0.172050499654874
2413 0.5 0.22282280741464 0.22282280741464
2414 0.5 0.22282280741464 0.287636105376869
2415 0.5 0.22282280741464 0.352449403339098
2416 0.5 0.22282280741464 0.426224701669549
2417 0.5 0.22282280741464 0.5
2418 0.5 0.22282280741464 0.573775298330451
2419 0.5 0.22282280741464 0.647550596660902
2420 0.5 0.22282280741464 0.712363894623131
2421 0.5 0.22282280741464 0.77717719258536
2422 0.5 0.22282280741464 0.827949500345126
2423 0.5 0.22282280741464 0.878721808104892
2424 0.5 0.22282280741464 0.915038970775485
2425 0.5 0.22282280741464 0.951356133446078
2426 0.5 0.22282280741464 0.975678066723039
2427 0.5 0.22282280741464 1
2428 0.5 0.287636105376869 0
2429 0.5 0.287636105376869 0.0486438665539222
2430 0.5 0.287636105376869 0.121278191895108
2431 0.5 0.287636105376869 0.22282280741464
2432 0.5 0.287636105376869 0.352449403339098
2433 0.5 0.287636105376869 0.5
2434 0.5 0.287636105376869 0.647550596660902
2435 0.5 0.287636105376869 0.77717719258536
2436 0.5 0.287636105376869 0.878721808104892
2437 0.5 0.287636105376869 0.951356133446078
2438 0.5 0.287636105376869 1
2439 0.5 0.352449403339098 0
2440 0.5 0.352449403339098 0.0243219332769611
2441 0.5 0.352449403339098 0.0486438665539222
2442 0.5 0.352449403339098 0.0849610292245153
2443 0.5 0.352449403339098 0.121278191895108
2444 0.5 0.352449403339098 0.172050499654874
2445 0.5 0.352449403339098 0.22282280741464
2446 0.5 0.352449403339098 0.287636105376869
2447 0.5 0.352449403339098 0.352449403339098
2448 0.5 0.352449403339098 0.426224701669549
2449 0.5 0.352449403339098 0.5
2450 0.5 0.352449403339098 0.573775298330451
2451 0.5 0.352449403339098 0.647550596660902
2452 0.5 0.352449403339098 0.712363894623131
2453 0.5 0.352449403339098 0.77717719258536
2454 0.5 0.352449403339098 0.827949500345126
2455 0.5 0.352449403339098 0.878721808104892
2456 0.5 0.352449403339098 0.915038970775485
2457 0.5 0.352449403339098 0.951356133446078
2458 0.5 0.352449403339098 0.975678066723039
2459 0.5 0.352449403339098 1
2460 0.5 0.426224701669549 0
2461 0.5 0.426224701669549 0.0486438665539222
2462 0.5 0.426224701669549 0.121278191895108
2463 0.5 0.426224701669549 0.22282280741464
2464 0.5 0.426224701669549 0.352449403339098
2465 0.5 0.426224701669549 0.5
2466 0.5 0.426224701669549 0.647550596660902
2467 0.5 0.426224701669549 0.77717719258536
2468 0.5 0.426224701669549 0.878721808104892
2469 0.5 0.426224701669549 0.951356133446078
2470 0.5 0.426224701669549 1
2471 0.5 0.5 0
2472 0.5 0.5 0.0243219332769611
2473 0.5 0.5 0.0486438665539222
2474 0.5 0.5 0.0849610292245153
2475 0.5 0.5 0.121278191895108
2476 0.5 0.5 0.172050499654874
2477 0.5 0.5 0.22282280741464
2478 0.5 0.5 0.287636105376869
2479 0.5 0.5 0.352449403339098
2480 0.5 0.5 0.426224701669549
2481 0.5 0.5 0.5
2482 0.5 0.5 0.573775298330451
2483 0.5 0.5 0.647550596660902
2484 0.5 0.5 0.712363894623131
2485 0.5 0.5 0.77717719258536
2486 0.5 0.5 0.827949500345126
2487 0.5 0.5 0.878721808104892
2488 0.5 0.5 0.915038970775485
2489 0.5 0.5 0.951356133446078
2490 0.5 0.5 0.975678066723039
2491 0.5 0.5 1
2492 0.5 0.573775298330451 0
2493 0.5 0.573775298330451 0.0486438665539222
2494 0.5 0.573775298330451 0.121278191895108
2495 0.5 0.573775298330451 0.22282280741464
2496 0.5 0.573775298330451 0.352449403339098
2497 0.5 0.573775298330451 0.5
2498 0.5 0.573775298330451 0.647550596660902
2499 0.5 0.573775298330451 0.77717719258536
2500 0.5 0.573775298330451 0.878721808104892
2501 0.5 0.573775298330451 0.951356133446078
2502 0.5 0.573775298330451 1
2503 0.5 0.647550596660902 0
2504 0.5 0.647550596660902 0.0243219332769611
2505 0.5 0.647550596660902 0.0486438665539222
2506 0.5 0.647550596660902 0.0849610292245153
2507 0.5 0.647550596660902 0.121278191895108
2508 0.5 0.647550596660902 0.172050499654874
2509 0.5 0.647550596660902 0.22282280741464
2510 0.5 0.647550596660902 0.287636105376869
2511 0.5 0.647550596660902 0.352449403339098
2512 0.5 0.647550596660902 0.426224701669549
2513 0.5 0.647550596660902 0.5
2514 0.5 0.647550596660902 0.573775298330451
2515 0.5 0.647550596660902 0.647550596660902
2516 0.5 0.647550596660902 0.712363894623131
2517 0.5 0.647550596660902 0.77717719258536
2518 0.5 0.647550596660902 0.827949500345126
2519 0.5 0.647550596660902 0.878721808104892
2520 0.5 0.647550596660902 0.915038970775485
2521 0.5 0.647550596660902 0.951356133446078
2522 0.5 0.647550596660902 0.975678066723039
2523 0.5 0.647550596660902 1
2524 0.5 0.712363894623131 0
2525 0.5 0.712363894623131 0.0486438665539222
2526 0.5 0.712363894623131 0.121278191895108
2527 0.5 0.712363894623131 0.22282280741464
2528 0.5 0.712363894623131 0.352449403339098
2529 0.5 0.712363894623131 0.5
2530 0.5 0.712363894623131 0.647550596660902
2531 0.5 0.712363894623131 0.77717719258536
2532 0.5 0.712363894623131 0.878721808104892
2533 0.5 0.712363894623131 0.951356133446078
2534 0.5 0.712363894623131 1
2535 0.5 0.77717719258536 0
2536 0.5 0.77717719258536 0.0243219332769611
2537 0.5 0.77717719258536 0.0486438665539222
2538 0.5 0.77717719258536 0.0849610292245153
2539 0.5 0.77717719258536 0.121278191895108
2540 0.5 0.77717719258536 0.172050499654874
2541 0.5 0.77717719258536 0.22282280741464
2542 0.5 0.77717719258536 0.287636105376869
2543 0.5 0.77717719258536 0.352449403339098
2544 0.5 0.77717719258536 0.426224701669549
2545 0.5 0.77717719258536 0.5
2546 0.5 0.77717719258536 0.573775298330451
2547 0.5 0.77717719258536 0.647550596660902
2548 0.5 0.77717719258536 0.712363894623131
2549 0.5 0.77717719258536 0.77717719258536
2550 0.5 0.77717719258536 0.827949500345126
2551 0.5 0.77717719258536 0.878721808104892
2552 0.5 0.77717719258536 0.915038970775485
2553 0.5 0.77717719258536 0.951356133446078
2554 0.5 0.77717719258536 0.975678066723039
2555 0.5 0.77717719258536 1
2556 0.5 0.827949500345126 0
2557 0.5 0.827949500345126 0.0486438665539222
2558 0.5 0.827949500345126 0.121278191895108
2559 0.5 0.827949500345126 0.22282280741464
2560 0.5 0.827949500345126 0.352449403339098
2561 0.5 0.827949500345126 0.5
2562 0.5 0.827949500345126 0.647550596660902
2563 0.5 0.827949500345126 0.77717719258536
2564 0.5 0.827949500345126 0.878721808104892
2565 0.5 0.827949500345126 0.951356133446078
2566 0.5 0.827949500345126 1
2567 0.5 0.878721808104892 0
2568 0.5 0.878721808104892 0.0243219332769611
2569 0.5 0.878721808104892 0.0486438665539222
2570 0.5 0.878721808104892 0.0849610292245153
2571 0.5 0.878721808104892 0.121278191895108
2572 0.5 0.878721808104892 0.172050499654874
2573 0.5 0.878721808104892 0.22282280741464
2574 0.5 0.878721808104892 0.287636105376869
2575 0.5 0.878721808104892 0.352449403339098
2576 0.5 0.878721808104892 0.426224701669549
2577 0.5 0.878721808104892 0.5
2578 0.5 0.878721808104892 0.573775298330451
2579 0.5 0.878721808104892 0.647550596660902
2580 0.5 0.878721808104892 0.712363894623131
2581 0.5 0.878721808104892 0.77717719258536
2582 0.5 0.878721808104892 0.827949500345126
2583 0.5 0.878721808104892 0.878721808104892
2584 0.5 0.878721808104892 0.915038970775485
2585 0.5 0.878721808104892 0.951356133446078
2586 0.5 0.878721808104892 0.975678066723039
2587 0.5 0.878721808104892 1
2588 0.5 0.915038970775485 0
2589 0.5 0.915038970775485 0.0486438665539222
2590 0.5 0.915038970775485 0.121278191895108
2591 0.5 0.915038970775485 0.22282280741464
2592 0.5 0.915038970775485 0.352449403339098
2593 0.5 0.915038970775485 0.5
2594 0.5 0.915038970775485 0.647550596660902
2595 0.5 0.915038970775485 0.77717719258536
2596 0.5 0.915038970775485 0.878721808104892
2597 0.5 0.915038970775485 0.951356133446078
2598 0.5 0.915038970775485 1
2599 0.5 0.951356133446078 0
2600 0.5 0.951356133446078 0.0243219332769611
2601 0.5 0.951356133446078 0.0486438665539222
2602 0.5 0.951356133446078 0.0849610292245153
2603 0.5 0.951356133446078 0.121278191895108
2604 0.5 0.951356133446078 0.172050499654874
2605 0.5 0.951356133446078 0.22282280741464
2606 0.5 0.951356133446078 0.287636105376869
2607 0.5 0.951356133446078 0.352449403339098
2608 0.5 0.951356133446078 0.426224701669549
2609 0.5 0.951356133446078 0.5
2610 0.5 0.951356133446078 0.573775298330451
2611 0.5 0.951356133446078 0.647550596660902
2612 0.5 0.951356133446078 0.712363894623131
2613 0.5 0.951356133446078 0.77717719258536
2614 0.5 0.951356133446078 0.827949500345126
2615 0.5 0.951356133446078 0.878721808104892
2616 0.5 0.951356133446078 0.915038970775485
2617 0.5 0.951356133446078 0.951356133446078
2618 0.5 0.951356133446078 0.975678066723039
2619 0.5 0.951356133446078 1
2620 0.5 0.975678066723039 0
2621 0.5 0.975678066723039 0.0486438665539222
2622 0.5 0.975678066723039 0.121278191895108
2623 0.5 0.975678066723039 0.22282280741464
2624 0.5 0.975678066723039 0.352449403339098
2625 0.5 0.975678066723039 0.5
2626 0.5 0.975678066723039 0.647550596660902
2627 0.5 0.975678066723039 0.77717719258536
2628 0.5 0.975678066723039 0.878721808104892
2629 0.5 0.975678066723039 0.951356133446078
2630 0.5 0.975678066723039 1
2631 0.5 1 0
2632 0.5 1 0.0243219332769611
2633 0.5 1 0.0486438665539222
2634 0.5 1 0.0849610292245153
2635 0.5 1 0.121278191895108
2636 0.5 1 0.172050499654874
2637 0.5 1 0.22282280741464
2638 0.5 1 0.287636105376869
2639 0.5 1 0.352449403339098
2640 0.5 1 0.426224701669549
2641 0.5 1 0.5
2642 0.5 1 0.573775298330451
2643 0.5 1 0.647550596660902
2644 0.5 1 0.712363894623131
2645 0.5 1 0.77717719258536
2646 0.5 1 0.827949500345126
2647 0.5 1 0.878721808104892
2648 0.5 1 0.915038970775485
2649 0.5 1 0.951356133446078
2650 0.5 1 0.975678066723039
2651 0.5 1 1
2652 0.573775298330451 0 0
2653 0.573775298330451 0 0.0486438665539222
2654 0.573775298330451 0 0.121278191895108
2655 0.573775298330451 0 0.22282280741464
2656 0.573775298330451 0 0.352449403339098
2657 0.573775298330451 0 0.5
2658 0.573775298330451 0 0.647550596660902
2659 0.573775298330451 0 0.77717719258536
2660 0.573775298330451 0 0.878721808104892
2661 0.573775298330451 0 0.951356133446078
2662 0.573775298330451 0 1
2663 0.573775298330451 0.0486438665539222 0
2664 0.573775298330451 0.0486438665539222 0.0486438665539222
2665 0.573775298330451 0.0486438665539222 0.121278191895108
2666 0.573775298330451 0.0486438665539222 0.22282280741464
2667 0.573775298330451 0.0486438665539222 0.352449403339098
2668 0.573775298330451 0.0486438665539222 0.5
2669 0.573775298330451 0.0486438665539222 0.647550596660902
2670 0.573775298330451 0.0486438665539222 0.77717719258536
2671 0.573775298330451 0.0486438665539222 0.878721808104892
2672 0.573775298330451 0.0486438665539222 0.951356133446078
2673 0.573775298330451 0.0486438665539222 1
2674 0.573775298330451 0.121278191895108 0
2675 0.573775298330451 0.121278191895108 0.0486438665539222
2676 0.573775298330451 0.121278191895108 0.121278191895108
2677 0.573775298330451 0.121278191895108 0.22282280741464
2678 0.573775298330451 0.121278191895108 0.352449403339098
2679 0.573775298330451 0.121278191895108 0.5
2680 0.573775298330451 0.121278191895108 0.647550596660902
2681 0.573775298330451 0.121278191895108 0.77717719258536
2682 0.573775298330451 0.121278191895108 0.878721808104892
2683 0.573775298330451 0.121278191895108 0.951356133446078
2684 0.573775298330451 0.121278191895108 1
2685 0.573775298330451 0.22282280741464 0
2686 0.573775298330451 0.22282280741464 0.0486438665539222
2687 0.573775298330451 0.22282280741464 0.121278191895108
2688 0.573775298330451 0.22282280741464 0.22282280741464
2689 0.573775298330451 0.22282280741464 0.352449403339098
2690 0.573775298330451 0.22282280741464 0.5
2691 0.573775298330451 0.22282280741464 0.647550596660902
2692 0.573775298330451 0.22282280741464 0.77717719258536
2693 0.573775298330451 0.22282280741464 0.878721808104892
2694 0.573775298330451 0.22282280741464 0.951356133446078
2695 0.573775298330451 0.22282280741464 1
2696 0.573775298330451 0.352449403339098 0
2697 0.573775298330451 0.352449403339098 0.0486438665539222
2698 0.573775298330451 0.352449403339098 0.121278191895108
2699 0.573775298330451 0.352449403339098 0.22282280741464
2700 0.573775298330451 0.352449403339098 0.352449403339098
2701 0.573775298330451 0.352449403339098 0.5
2702 0.573775298330451 0.352449403339098 0.647550596660902
2703 0.573775298330451 0.352449403339098 0.77717719258536
2704 0.573775298330451 0.352449403339098 0.878721808104892
2705 0.573775298330451 0.352449403339098 0.951356133446078
2706 0.573775298330451 0.352449403339098 1
2707 0.573775298330451 0.5 0
2708 0.573775298330451 0.5 0.0486438665539222
2709 0.573775298330451 0.5 0.121278191895108
2710 0.573775298330451 0.5 0.22282280741464
2711 0.573775298330451 0.5 0.352449403339098
2712 0.573775298330451 0.5 0.5
2713 0.573775298330451 0.5 0.647550596660902
2714 0.573775298330451 0.5 0.77717719258536
2715 0.573775298330451 0.5 0.878721808104892
2716 0.573775298330451 0.5 0.951356133446078
2717 0.573775298330451 0.5 1
2718 0.573775298330451 0.647550596660902 0
2719 0.573775298330451 0.647550596660902 0.0486438665539222
2720 0.573775298330451 0.647550596660902 0.121278191895108
2721 0.573775298330451 0.647550596660902 0.22282280741464
2722 0.573775298330451 0.647550596660902 0.352449403339098
2723 0.573775298330451 0.647550596660902 0.5
2724 0.573775298330451 0.647550596660902 0.647550596660902
2725 0.573775298330451 0.647550596660902 0.77717719258536
2726 0.573775298330451 0.647550596660902 0.878721808104892
2727 0.573775298330451 0.647550596660902 0.951356133446078
2728 0.573775298330451 0.647550596660902 1
2729 0.573775298330451 0.77717719258536 0
2730 0.573775298330451 0.77717719258536 0.0486438665539222
2731 0.573775298330451 0.77717719258536 0.121278191895108
2732 0.573775298330451 0.77717719258536 0.22282280741464
2733 0.573775298330451 0.77717719258536 0.352449403339098
2734 0.573775298330451 0.77717719258536 0.5
2735 0.573775298330451 0.77717719258536 0.647550596660902
2736 0.573775298330451 0.77717719258536 0.77717719258536
2737 0.573775298330451 0.77717719258536 0.878721808104892
2738 0.573775298330451 0.77717719258536 0.951356133446078
2739 0.573775298330451 0.77717719258536 1
2740 0.573775298330451 0.878721808104892 0
2741 0.573775298330451 0.878721808104892 0.0486438665539222
2742 0.573775298330451 0.878721808104892 0.121278191895108
2743 0.573775298330451 0.878721808104892 0.22282280741464
2744 0.573775298330451 0.878721808104892 0.352449403339098
2745 0.573775298330451 0.878721808104892 0.5
2746 0.573775298330451 0.878721808104892 0.647550596660902
2747 0.573775298330451 0.878721808104892 0.77717719258536
2748 0.573775298330451 0.878721808104892 0.878721808104892
2749 0.573775298330451 0.878721808104892 0.951356133446078
2750 0.573775298330451 0.878721808104892 1
2751 0.573775298330451 0.951356133446078 0
2752 0.573775298330451 0.951356133446078 0.0486438665539222
2753 0.573775298330451 0.951356133446078 0.121278191895108
2754 0.573775298330451 0.951356133446078 0.22282280741464
2755 0.573775298330451 0.951356133446078 0.352449403339098
2756 0.573775298330451 0.951356133446078 0.5
2757 0.573775298330451 0.951356133446078 0.647550596660902
2758 0.573775298330451 0.951356133446078 0.77717719258536
2759 0.573775298330451 0.951356133446078 0.878721808104892
2760 0.573775298330451 0.951356133446078 0.951356133446078
2761 0.573775298330451 0.951356133446078 1
2762 0.573775298330451 1 0
2763 0.573775298330451 1 0.0486438665539222
2764 0.573775298330451 1 0.121278191895108
2765 0.573775298330451 1 0.22282280741464
2766 0.573775298330451 1 0.352449403339098
2767 0.573775298330451 1 0.5
2768 0.573775298330451 1 0.647550596660902
2769 0.573775298330451 1 0.77717719258536
2770 0.573775298330451 1 0.878721808104892
2771 0.573775298330451 1 0.951356133446078
2772 0.573775298330451 1 1
2773 0.647550596660902 0 0
2774 0.647550596660902 0 0.0243219332769611
2775 0.647550596660902 0 0.0486438665539222
2776 0.647550596660902 0 0.0849610292245153
2777 0.647550596660902 0 0.121278191895108
2778 0.647550596660902 0 0.172050499654874
2779 0.647550596660902 0 0.22282280741464
2780 0.647550596660902 0 0.287636105376869
2781 0.647550596660902 0 0.352449403339098
2782 0.647550596660902 0 0.426224701669549
2783 0.647550596660902 0 0.5
2784 0.647550596660902 0 0.573775298330451
2785 0.647550596660902 0 0.647550596660902
2786 0.647550596660902 0 0.712363894623131
2787 0.647550596660902 0 0.77717719258536
2788 0.647550596660902 0 0.827949500345126
2789 0.647550596660902 0 0.878721808104892
2790 0.647550596660902 0 0.915038970775485
2791 0.647550596660902 0 0.951356133446078
2792 0.647550596660902 0 0.975678066723039
2793 0.647550596660902 0 1
2794 0.647550596660902 0.0243219332769611 0
2795 0.647550596660902 0.0243219332769611 0.0486438665539222
2796 0.647550596660902 0.0243219332769611 0.121278191895108
2797 0.647550596660902 0.0243219332769611 0.22282280741464
2798 0.647550596660902 0.0243219332769611 0.352449403339098
2799 0.647550596660902 0.0243219332769611 0.5
2800 0.647550596660902 0.0243219332769611 0.647550596660902
2801 0.647550596660902 0.0243219332769611 0.77717719258536
2802 0.647550596660902 0.0243219332769611 0.878721808104892
2803 0.647550596660902 0.0243219332769611 0.951356133446078
2804 0.647550596660902 0.0243219332769611 1
2805 0.647550596660902 0.0486438665539222 0
2806 0.647550596660902 0.0486438665539222 0.0243219332769611
2807 0.647550596660902 0.0486438665539222 0.0486438665539222
2808 0.647550596660902 0.0486438665539222 0.0849610292245153
2809 0.647550596660902 0.0486438665539222 0.121278191895108
2810 0.647550596660902 0.0486438665539222 0.172050499654874
2811 0.647550596660902 0.0486438665539222 0.22282280741464
2812 0.647550596660902 0.0486438665539222 0.287636105376869
2813 0.647550596660902 0.0486438665539222 0.352449403339098
2814 0.647550596660902 0.0486438665539222 0.426224701669549
2815 0.647550596660902 0.0486438665539222 0.5
2816 0.647550596660902 0.0486438665539222 0.573775298330451
2817 0.647550596660902 0.0486438665539222 0.647550596660902
2818 0.647550596660902 0.0486438665539222 0.712363894623131
2819 0.647550596660902 0.0486438665539222 0.77717719258536
2820 0.647550596660902 0.0486438665539222 0.827949500345126
2821 0.647550596660902 0.0486438665539222 0.878721808104892
2822 0.647550596660902 0.0486438665539222 0.915038970775485
2823 0.647550596660902 0.0486438665539222 0.951356133446078
2824 0.647550596660902 0.0486438665539222 0.975678066723039
2825 0.647550596660902 0.0486438665539222 1
2826 0.647550596660902 0.0849610292245153 0
2827 0.647550596660902 0.0849610292245153 0.0486438665539222
2828 0.647550596660902 0.0849610292245153 0.121278191895108
2829 0.647550596660902 0.0849610292245153 0.22282280741464
2830 0.647550596660902 0.0849610292245153 0.352449403339098
2831 0.647550596660902 0.0849610292245153 0.5
2832 0.647550596660902 0.0849610292245153 0.647550596660902
2833 0.647550596660902 0.0849610292245153 0.77717719258536
2834 0.647550596660902 0.0849610292245153 0.878721808104892
2835 0.647550596660902 0.0849610292245153 0.951356133446078
2836 0.647550596660902 0.0849610292245153 1
2837 0.647550596660902 0.121278191895108 0
2838 0.647550596660902 0.121278191895108 0.0243219332769611
2839 0.647550596660902 0.121278191895108 0.0486438665539222
2840 0.647550596660902 0.121278191895108 0.0849610292245153
2841 0.647550596660902 0.121278191895108 0.121278191895108
2842 0.647550596660902 0.121278191895108 0.172050499654874
2843 0.647550596660902 0.121278191895108 0.22282280741464
2844 0.647550596660902 0.121278191895108 0.287636105376869
2845 0.647550596660902 0.121278191895108 0.352449403339098
2846 0.647550596660902 0.121278191895108 0.426224701669549
2847 0.647550596660902 0.121278191895108 0.5
2848 0.647550596660902 0.121278191895108 0.573775298330451
2849 0.647550596660902 0.121278191895108 0.647550596660902
2850 0.647550596660902 0.121278191895108 0.712363894623131
2851 0.647550596660902 0.121278191895108 0.77717719258536
2852 0.647550596660902 0.121278191895108 0.827949500345126
2853 0.647550596660902 0.121278191895108 0.878721808104892
2854 0.647550596660902 0.121278191895108 0.915038970775485
2855 0.647550596660902 0.121278191895108 0.951356133446078
2856 0.647550596660902 0.121278191895108 0.975678066723039
2857 0.647550596660902 0.121278191895108 1
2858 0.647550596660902 0.172050499654874 0
2859 0.647550596660902 0.172050499654874 0.0486438665539222
2860 0.647550596660902 0.172050499654874 0.121278191895108
2861 0.647550596660902 0.172050499654874 0.22282280741464
2862 0.647550596660902 0.172050499654874 0.352449403339098
2863 0.647550596660902 0.172050499654874 0.5
2864 0.647550596660902 0.172050499654874 0.647550596660902
2865 0.647550596660902 0.172050499654874 0.77717719258536
2866 0.647550596660902 0.172050499654874 0.878721808104892
2867 0.647550596660902 0.172050499654874 0.951356133446078
2868 0.647550596660902 0.172050499654874 1
2869 0.647550596660902 0.22282280741464 0
2870 0.647550596660902 0.22282280741464 0.0243219332769611
2871 0.647550596660902 0.22282280741464 0.0486438665539222
2872 0.647550596660902 0.22282280741464 0.0849610292245153
2873 0.647550596660902 0.22282280741464 0.121278191895108
2874 0.647550596660902 0.22282280741464 0.172050499654874
2875 0.647550596660902 0.22282280741464 0.22282280741464
2876 0.647550596660902 0.22282280741464 0.287636105376869
2877 0.647550596660902 0.22282280741464 0.352449403339098
2878 0.647550596660902 0.22282280741464 0.426224701669549
2879 0.647550596660902 0.22282280741464 0.5
2880 0.647550596660902 0.22282280741464 0.573775298330451
2881 0.647550596660902 0.22282280741464 0.647550596660902
2882 0.647550596660902 0.22282280741464 0.712363894623131
2883 0.647550596660902 0.22282280741464 0.77717719258536
2884 0.647550596660902 0.22282280741464 0.827949500345126
2885 0.647550596660902 0.22282280741464 0.878721808104892
2886 0.647550596660902 0.22282280741464 0.915038970775485
2887 0.647550596660902 0.22282280741464 0.951356133446078
2888 0.647550596660902 0.22282280741464 0.975678066723039
2889 0.647550596660902 0.22282280741464 1
2890 0.647550596660902 0.287636105376869 0
2891 0.647550596660902 0.287636105376869 0.0486438665539222
2892 0.647550596660902 0.287636105376869 0.121278191895108
2893 0.647550596660902 0.287636105376869 0.22282280741464
2894 0.647550596660902 0.287636105376869 0.352449403339098
2895 0.647550596660902 0.287636105376869 0.5
2896 0.647550596660902 0.287636105376869 0.647550596660902
2897 0.647550596660902 0.287636105376869 0.77717719258536
2898 0.647550596660902 0.287636105376869 0.878721808104892
2899 0.647550596660902 0.287636105376869 0.951356133446078
2900 0.647550596660902 0.287636105376869 1
2901 0.647550596660902 0.352449403339098 0
2902 0.647550596660902 0.352449403339098 0.0243219332769611
2903 0.647550596660902 0.352449403339098 0.0486438665539222
2904 0.647550596660902 0.352449403339098 0.0849610292245153
2905 0.647550596660902 0.352449403339098 0.121278191895108
2906 0.647550596660902 0.352449403339098 0.172050499654874
2907 0.647550596660902 0.352449403339098 0.22282280741464
2908 0.647550596660902 0.352449403339098 0.287636105376869
2909 0.647550596660902 0.352449403339098 0.352449403339098
2910 0.647550596660902 0.352449403339098 0.426224701669549
2911 0.647550596660902 0.352449403339098 0.5
2912 0.647550596660902 0.352449403339098 0.573775298330451
2913 0.647550596660902 0.352449403339098 0.647550596660902
2914 0.647550596660902 0.352449403339098 0.712363894623131
2915 0.647550596660902 0.352449403339098 0.77717719258536
2916 0.647550596660902 0.352449403339098 0.827949500345126
2917 0.647550596660902 0.352449403339098 0.878721808104892
2918 0.647550596660902 0.352449403339098 0.915038970775485
2919 0.647550596660902 0.352449403339098 0.951356133446078
2920 0.647550596660902 0.352449403339098 0.975678066723039
2921 0.647550596660902 0.352449403339098 1
2922 0.647550596660902 0.426224701669549 0
2923 0.647550596660902 0.426224701669549 0.0486438665539222
2924 0.647550596660902 0.426224701669549 0.121278191895108
2925 0.647550596660902 0.426224701669549 0.22282280741464
2926 0.647550596660902 0.426224701669549 0.352449403339098
2927 0.647550596660902 0.426224701669549 0.5
2928 0.647550596660902 0.426224701669549 0.647550596660902
2929 0.647550596660902 0.426224701669549 0.77717719258536
2930 0.647550596660902 0.426224701669549 0.878721808104892
2931 0.647550596660902 0.426224701669549 0.951356133446078
2932 0.647550596660902 0.426224701669549 1
2933 0.647550596660902 0.5 0
2934 0.647550596660902 0.5 0.0243219332769611
2935 0.647550596660902 0.5 0.0486438665539222
2936 0.647550596660902 0.5 0.0849610292245153
2937 0.647550596660902 0.5 0.121278191895108
2938 0.647550596660902 0.5 0.172050499654874
2939 0.647550596660902 0.5 0.22282280741464
2940 0.647550596660902 0.5 0.287636105376869
2941 0.647550596660902 0.5 0.352449403339098
2942 0.647550596660902 0.5 0.426224701669549
2943 0.647550596660902 0.5 0.5
2944 0.647550596660902 0.5 0.573775298330451
2945 0.647550596660902 0.5 0.647550596660902
2946 0.647550596660902 0.5 0.712363894623131
2947 0.647550596660902 0.5 0.77717719258536
2948 0.647550596660902 0.5 0.827949500345126
2949 0.647550596660902 0.5 0.878721808104892
2950 0.647550596660902 0.5 0.915038970775485
2951 0.647550596660902 0.5 0.951356133446078
2952 0.647550596660902 0.5 0.975678066723039
2953 0.647550596660902 0.5 1
2954 0.647550596660902 0.573775298330451 0
2955 0.647550596660902 0.573775298330451 0.0486438665539222
2956 0.647550596660902 0.573775298330451 0.121278191895108
2957 0.647550596660902 0.573775298330451 0.22282280741464
2958 0.647550596660902 0.573775298330451 0.352449403339098
2959 0.647550596660902 0.573775298330451 0.5
2960 0.647550596660902 0.573775298330451 0.647550596660902
2961 0.647550596660902 0.573775298330451 0.77717719258536
2962 0.647550596660902 0.573775298330451 0.878721808104892
2963 0.647550596660902 0.573775298330451 0.951356133446078
2964 0.647550596660902 0.573775298330451 1
2965 0.647550596660902 0.647550596660902 0
2966 0.647550596660902 0.647550596660902 0.0243219332769611
2967 0.647550596660902 0.647550596660902 0.0486438665539222
2968 0.647550596660902 0.647550596660902 0.0849610292245153
2969 0.647550596660902 0.647550596660902 0.121278191895108
2970 0.647550596660902 0.647550596660902 0.172050499654874
2971 0.647550596660902 0.647550596660902 0.22282280741464
2972 0.647550596660902 0.647550596660902 0.287636105376869
2973 0.647550596660902 0.647550596660902 0.352449403339098
2974 0.647550596660902 0.647550596660902 0.426224701669549
2975 0.647550596660902 0.647550596660902 0.5
2976 0.647550596660902 0.647550596660902 0.573775298330451
2977 0.647550596660902 0.647550596660902 0.647550596660902
2978 0.647550596660902 0.647550596660902 0.712363894623131
2979 0.647550596660902 0.647550596660902 0.77717719258536
2980 0.647550596660902 0.647550596660902 0.827949500345126
2981 0.647550596660902 0.647550596660902 0.878721808104892
2982 0.647550596660902 0.647550596660902 0.915038970775485
2983 0.647550596660902 0.647550596660902 0.951356133446078
2984 0.647550596660902 0.647550596660902 0.975678066723039
2985 0.647550596660902 0.647550596660902 1
2986 0.647550596660902 0.712363894623131 0
2987 0.647550596660902 0.712363894623131 0.0486438665539222
2988 0.647550596660902 0.712363894623131 0.121278191895108
2989 0.647550596660902 0.712363894623131 0.22282280741464
2990 0.647550596660902 0.712363894623131 0.352449403339098
2991 0.647550596660902 0.712363894623131 0.5
2992 0.647550596660902 0.712363894623131 0.647550596660902
2993 0.647550596660902 0.712363894623131 0.77717719258536
2994 0.647550596660902 0.712363894623131 0.878721808104892
2995 0.647550596660902 0.712363894623131 0.951356133446078
2996 0.647550596660902 0.712363894623131 1
2997 0.647550596660902 0.77717719258536 0
2998 0.647550596660902 0.77717719258536 0.0243219332769611
2999 0.647550596660902 0.77717719258536 0.0486438665539222
3000 0.647550596660902 0.77717719258536 0.0849610292245153
3001 0.647550596660902 0.77717719258536 0.121278191895108
3002 0.647550596660902 0.77717719258536 0.172050499654874
3003 0.647550596660902 0.77717719258536 0.22282280741464
3004 0.647550596660902 0.77717719258536 0.287636105376869
3005 0.647550596660902 0.77717719258536 0.352449403339098
3006 0.647550596660902 0.77717719258536 0.426224701669549
3007 0.647550596660902 0.77717719258536 0.5
3008 0.647550596660902 0.77717719258536 0.573775298330451
3009 0.647550596660902 0.77717719258536 0.647550596660902
3010 0.647550596660902 0.77717719258536 0.712363894623131
3011 0.647550596660902 0.77717719258536 0.77717719258536
3012 0.647550596660902 0.77717719258536 0.827949500345126
3013 0.647550596660902 0.77717719258536 0.878721808104892
3014 0.647550596660902 0.77717719258536 0.915038970775485
3015 0.647550596660902 0.77717719258536 0.951356133446078
3016 0.647550596660902 0.77717719258536 0.975678066723039
3017 0.647550596660902 0.77717719258536 1
3018 0.647550596660902 0.827949500345126 0
3019 0.647550596660902 0.827949500345126 0.0486438665539222
3020 0.647550596660902 0.827949500345126 0.121278191895108
3021 0.647550596660902 0.827949500345126 0.22282280741464
3022 0.647550596660902 0.827949500345126 0.352449403339098
3023 0.647550596660902 0.827949500345126 0.5
3024 0.647550596660902 0.827949500345126 0.647550596660902
3025 0.647550596660902 0.827949500345126 0.77717719258536
3026 0.647550596660902 0.827949500345126 0.878721808104892
3027 0.647550596660902 0.827949500345126 0.951356133446078
3028 0.647550596660902 0.827949500345126 1
3029 0.647550596660902 0.878721808104892 0
3030 0.647550596660902 0.878721808104892 0.0243219332769611
3031 0.647550596660902 0.878721808104892 0.0486438665539222
3032 0.647550596660902 0.878721808104892 0.0849610292245153
3033 0.647550596660902 0.878721808104892 0.121278191895108
3034 0.647550596660902 0.878721808104892 0.172050499654874
3035 0.647550596660902 0.878721808104892 0.22282280741464
3036 0.647550596660902 0.878721808104892 0.287636105376869
3037 0.647550596660902 0.878721808104892 0.352449403339098
3038 0.647550596660902 0.878721808104892 0.426224701669549
3039 0.647550596660902 0.878721808104892 0.5
3040 0.647550596660902 0.878721808104892 0.573775298330451
3041 0.647550596660902 0.878721808104892 0.647550596660902
3042 0.647550596660902 0.878721808104892 0.712363894623131
3043 0.647550596660902 0.878721808104892 0.77717719258536
3044 0.647550596660902 0.878721808104892 0.827949500345126
3045 0.647550596660902 0.878721808104892 0.878721808104892
3046 0.647550596660902 0.878721808104892 0.915038970775485
3047 0.647550596660902 0.878721808104892 0.951356133446078
3048 0.647550596660902 0.878721808104892 0.975678066723039
3049 0.647550596660902 0.878721808104892 1
3050 0.647550596660902 0.915038970775485 0
3051 0.647550596660902 0.915038970775485 0.0486438665539222
3052 0.647550596660902 0.915038970775485 0.121278191895108
3053 0.647550596660902 0.915038970775485 0.22282280741464
3054 0.647550596660902 0.915038970775485 0.352449403339098
3055 0.647550596660902 0.915038970775485 0.5
3056 0.647550596660902 0.915038970775485 0.647550596660902
3057 0.647550596660902 0.915038970775485 0.77717719258536
3058 0.647550596660902 0.915038970775485 0.878721808104892
3059 0.647550596660902 0.915038970775485 0.951356133446078
3060 0.647550596660902 0.915038970775485 1
3061 0.647550596660902 0.951356133446078 0
3062 0.647550596660902 0.951356133446078 0.0243219332769611
3063 0.647550596660902 0.951356133446078 0.0486438665539222
3064 0.647550596660902 0.951356133446078 0.0849610292245153
3065 0.647550596660902 0.951356133446078 0.121278191895108
3066 0.647550596660902 0.951356133446078 0.172050499654874
3067 0.647550596660902 0.951356133446078 0.22282280741464
3068 0.647550596660902 0.951356133446078 0.287636105376869
3069 0.647550596660902 0.951356133446078 0.352449403339098
3070 0.647550596660902 0.951356133446078 0.426224701669549
3071 0.647550596660902 0.951356133446078 0.5
3072 0.647550596660902 0.951356133446078 0.573775298330451
3073 0.647550596660902 0.951356133446078 0.647550596660902
3074 0.647550596660902 0.951356133446078 0.712363894623131
3075 0.647550596660902 0.951356133446078 0.77717719258536
3076 0.647550596660902 0.951356133446078 0.827949500345126
3077 0.647550596660902 0.951356133446078 0.878721808104892
3078 0.647550596660902 0.951356133446078 0.915038970775485
3079 0.647550596660902 0.951356133446078 0.951356133446078
3080 0.647550596660902 0.951356133446078 0.975678066723039
3081 0.647550596660902 0.951356133446078 1
3082 0.647550596660902 0.975678066723039 0
3083 0.647550596660902 0.975678066723039 0.0486438665539222
3084 0.647550596660902 0.975678066723039 0.121278191895108
3085 0.647550596660902 0.975678066723039 0.22282280741464
3086 0.647550596660902 0.975678066723039 0.352449403339098
3087 0.647550596660902 0.975678066723039 0.5
3088 0.647550596660902 0.975678066723039 0.647550596660902
3089 0.647550596660902 0.975678066723039 0.77717719258536
3090 0.647550596660902 0.975678066723039 0.878721808104892
3091 0.647550596660902 0.975678066723039 0.951356133446078
3092 0.647550596660902 0.975678066723039 1
3093 0.647550596660902 1 0
3094 0.647550596660902 1 0.0243219332769611
3095 0.647550596660902 1 0.0486438665539222
3096 0.647550596660902 1 0.0849610292245153
3097 0.647550596660902 1 0.121278191895108
3098 0.647550596660902 1 0.172050499654874
3099 0.647550596660902 1 0.22282280741464
3100 0.647550596660902 1 0.287636105376869
3101 0.647550596660902 1 0.352449403339098
3102 0.647550596660902 1 0.426224701669549
3103 0.647550596660902 1 0.5
3104 0.647550596660902 1 0.573775298330451
3105 0.647550596660902 1 0.647550596660902
3106 0.647550596660902 1 0.712363894623131
3107 0.647550596660902 1 0.77717719258536
3108 0.647550596660902 1 0.827949500345126
3109 0.647550596660902 1 0.878721808104892
3110 0.647550596660902 1 0.915038970775485
3111 0.647550596660902 1 0.951356133446078
3112 0.647550596660902 1 0.975678066723039
3113 0.647550596660902 1 1
3114 0.712363894623131 0 0
3115 0.712363894623131 0 0.0486438665539222
3116 0.712363894623131 0 0.121278191895108
3117 0.712363894623131 0 0.22282280741464
3118 0.712363894623131 0 0.352449403339098
3119 0.712363894623131 0 0.5
3120 0.712363894623131 0 0.647550596660902
3121 0.712363894623131 0 0.77717719258536
3122 0.712363894623131 0 0.878721808104892
3123 0.712363894623131 0 0.951356133446078
3124 0.712363894623131 0 1
3125 0.712363894623131 0.0486438665539222 0
3126 0.712363894623131 0.0486438665539222 0.0486438665539222
3127 0.712363894623131 0.0486438665539222 0.121278191895108
3128 0.712363894623131 0.0486438665539222 0.22282280741464
3129 0.712363894623131 0.0486438665539222 0.352449403339098
3130 0.712363894623131 0.0486438665539222 0.5
3131 0.712363894623131 0.0486438665539222 0.647550596660902
3132 0.712363894623131 0.0486438665539222 0.77717719258536
3133 0.712363894623131 0.0486438665539222 0.878721808104892
3134 0.712363894623131 0.0486438665539222 0.951356133446078
3135 0.712363894623131 0.0486438665539222 1
3136 0.712363894623131 0.121278191895108 0
3137 0.712363894623131 0.121278191895108 0.0486438665539222
3138 0.712363894623131 0.121278191895108 0.121278191895108
3139 0.712363894623131 0.121278191895108 0.22282280741464
3140 0.712363894623131 0.121278191895108 0.352449403339098
3141 0.712363894623131 0.121278191895108 0.5
3142 0.712363894623131 0.121278191895108 0.647550596660902
3143 0.712363894623131 0.121278191895108 0.77717719258536
3144 0.712363894623131 0.121278191895108 0.878721808104892
3145 0.712363894623131 0.121278191895108 0.951356133446078
3146 0.712363894623131 0.121278191895108 1
3147 0.712363894623131 0.22282280741464 0
3148 0.712363894623131 0.22282280741464 0.0486438665539222
3149 0.712363894623131 0.22282280741464 0.121278191895108
3150 0.712363894623131 0.22282280741464 0.22282280741464
3151 0.712363894623131 0.22282280741464 0.352449403339098
3152 0.712363894623131 0.22282280741464 0.5
3153 0.712363894623131 0.22282280741464 0.647550596660902
3154 0.712363894623131 0.22282280741464 0.77717719258536
3155 0.712363894623131 0.22282280741464 0.878721808104892
3156 0.712363894623131 0.22282280741464 0.951356133446078
3157 0.712363894623131 0.22282280741464 1
3158 0.712363894623131 0.352449403339098 0
3159 0.712363894623131 0.352449403339098 0.0486438665539222
3160 0.712363894623131 0.352449403339098 0.121278191895108
3161 0.712363894623131 0.352449403339098 0.22282280741464
3162 0.712363894623131 0.352449403339098 0.352449403339098
3163 0.712363894623131 0.352449403339098 0.5
3164 0.712363894623131 0.352449403339098 0.647550596660902
3165 0.712363894623131 0.352449403339098 0.77717719258536
3166 0.712363894623131 0.352449403339098 0.878721808104892
3167 0.712363894623131 0.352449403339098 0.951356133446078
3168 0.712363894623131 0.352449403339098 1
3169 0.712363894623131 0.5 0
3170 0.712363894623131 0.5 0.0486438665539222
3171 0.712363894623131 0.5 0.121278191895108
3172 0.712363894623131 0.5 0.22282280741464
3173 0.712363894623131 0.5 0.352449403339098
3174 0.712363894623131 0.5 0.5
3175 0.712363894623131 0.5 0.647550596660902
3176 0.712363894623131 0.5 0.77717719258536
3177 0.712363894623131 0.5 0.878721808104892
3178 0.712363894623131 0.5 0.951356133446078
3179 0.712363894623131 0.5 1
3180 0.712363894623131 0.647550596660902 0
3181 0.712363894623131 0.647550596660902 0.0486438665539222
3182 0.712363894623131 0.647550596660902 0.121278191895108
3183 0.712363894623131 0.647550596660902 0.22282280741464
3184 0.712363894623131 0.647550596660902 0.352449403339098
3185 0.712363894623131 0.647550596660902 0.5
3186 0.712363894623131 0.647550596660902 0.647550596660902
3187 0.712363894623131 0.647550596660902 0.77717719258536
3188 0.712363894623131 0.647550596660902 0.878721808104892
3189 0.712363894623131 0.647550596660902 0.951356133446078
3190 0.712363894623131 0.647550596660902 1
3191 0.712363894623131 0.77717719258536 0
3192 0.712363894623131 0.77717719258536 0.0486438665539222
3193 0.712363894623131 0.77717719258536 0.121278191895108
3194 0.712363894623131 0.77717719258536 0.22282280741464
3195 0.712363894623131 0.77717719258536 0.352449403339098
3196 0.712363894623131 0.77717719258536 0.5
3197 0.712363894623131 0.77717719258536 0.647550596660902
3198 0.712363894623131 0.77717719258536 0.77717719258536
3199 0.712363894623131 0.77717719258536 0.878721808104892
3200 0.712363894623131 0.77717719258536 0.951356133446078
3201 0.712363894623131 0.77717719258536 1
3202 0.712363894623131 0.878721808104892 0
3203 0.712363894623131 0.878721808104892 0.0486438665539222
3204 0.712363894623131 0.878721808104892 0.121278191895108
3205 0.712363894623131 0.878721808104892 0.22282280741464
3206 0.712363894623131 0.878721808104892 0.352449403339098
3207 0.712363894623131 0.878721808104892 0.5
3208 0.712363894623131 0.878721808104892 0.647550596660902
3209 0.712363894623131 0.878721808104892 0.77717719258536
3210 0.712363894623131 0.878721808104892 0.878721808104892
3211 0.712363894623131 0.878721808104892 0.951356133446078
3212 0.712363894623131 0.878721808104892 1
3213 0.712363894623131 0.951356133446078 0
3214 0.712363894623131 0.951356133446078 0.0486438665539222
3215 0.712363894623131 0.951356133446078 0.121278191895108
3216 0.712363894623131 0.951356133446078 0.22282280741464
3217 0.712363894623131 0.951356133446078 0.352449403339098
3218 0.712363894623131 0.951356133446078 0.5
3219 0.712363894623131 0.951356133446078 0.647550596660902
3220 0.712363894623131 0.951356133446078 0.77717719258536
3221 0.712363894623131 0.951356133446078 0.878721808104892
3222 0.712363894623131 0.951356133446078 0.951356133446078
3223 0.712363894623131 0.951356133446078 1
3224 0.712363894623131 1 0
3225 0.712363894623131 1 0.0486438665539222
3226 0.712363894623131 1 0.121278191895108
3227 0.712363894623131 1 0.22282280741464
3228 0.712363894623131 1 0.352449403339098
3229 0.712363894623131 1 0.5
3230 0.712363894623131 1 0.647550596660902
3231 0.712363894623131 1 0.77717719258536
3232 0.712363894623131 1 0.878721808104892
3233 0.712363894623131 1 0.951356133446078
3234 0.712363894623131 1 1
3235 0.77717719258536 0 0
3236 0.77717719258536 0 0.0243219332769611
3237 0.77717719258536 0 0.0486438665539222
3238 0.77717719258536 0 0.0849610292245153
3239 0.77717719258536 0 0.121278191895108
3240 0.77717719258536 0 0.172050499654874
3241 0.77717719258536 0 0.22282280741464
3242 0.77717719258536 0 0.287636105376869
3243 0.77717719258536 0 0.352449403339098
3244 0.77717719258536 0 0.426224701669549
3245 0.77717719258536 0 0.5
3246 0.77717719258536 0 0.573775298330451
3247 0.77717719258536 0 0.647550596660902
3248 0.77717719258536 0 0.712363894623131
3249 0.77717719258536 0 0.77717719258536
3250 0.77717719258536 0 0.827949500345126
3251 0.77717719258536 0 0.878721808104892
3252 0.77717719258536 0 0.915038970775485
3253 0.77717719258536 0 0.951356133446078
3254 0.77717719258536 0 0.975678066723039
3255 0.77717719258536 0 1
3256 0.77717719258536 0.0243219332769611 0
3257 0.77717719258536 0.0243219332769611 0.0486438665539222
3258 0.77717719258536 0.0243219332769611 0.121278191895108
3259 0.77717719258536 0.0243219332769611 0.22282280741464
3260 0.77717719258536 0.0243219332769611 0.352449403339098
3261 0.77717719258536 0.0243219332769611 0.5
3262 0.77717719258536 0.0243219332769611 0.647550596660902
3263 0.77717719258536 0.0243219332769611 0.77717719258536
3264 0.77717719258536 0.0243219332769611 0.878721808104892
3265 0.77717719258536 0.0243219332769611 0.951356133446078
3266 0.77717719258536 0.0243219332769611 1
3267 0.77717719258536 0.0486438665539222 0
3268 0.77717719258536 0.0486438665539222 0.0243219332769611
3269 0.77717719258536 0.0486438665539222 0.0486438665539222
3270 0.77717719258536 0.0486438665539222 0.0849610292245153
3271 0.77717719258536 0.0486438665539222 0.121278191895108
3272 0.77717719258536 0.0486438665539222 0.172050499654874
3273 0.77717719258536 0.0486438665539222 0.22282280741464
3274 0.77717719258536 0.0486438665539222 0.287636105376869
3275 0.77717719258536 0.0486438665539222 0.352449403339098
3276 0.77717719258536 0.0486438665539222 0.426224701669549
3277 0.77717719258536 0.0486438665539222 0.5
3278 0.77717719258536 0.0486438665539222 0.573775298330451
3279 0.77717719258536 0.0486438665539222 0.647550596660902
3280 0.77717719258536 0.0486438665539222 0.712363894623131
3281 0.77717719258536 0.0486438665539222 0.77717719258536
3282 0.77717719258536 0.0486438665539222 0.827949500345126
3283 0.77717719258536 0.0486438665539222 0.878721808104892
3284 0.77717719258536 0.0486438665539222 0.915038970775485
3285 0.77717719258536 0.0486438665539222 0.951356133446078
3286 0.77717719258536 0.0486438665539222 0.975678066723039
3287 0.77717719258536 0.0486438665539222 1
3288 0.77717719258536 0.0849610292245153 0
3289 0.77717719258536 0.0849610292245153 0.0486438665539222
3290 0.77717719258536 0.0849610292245153 0.121278191895108
3291 0.77717719258536 0.0849610292245153 0.22282280741464
3292 0.77717719258536 0.0849610292245153 0.352449403339098
3293 0.77717719258536 0.0849610292245153 0.5
3294 0.77717719258536 0.0849610292245153 0.647550596660902
3295 0.77717719258536 0.0849610292245153 0.77717719258536
3296 0.77717719258536 0.0849610292245153 0.878721808104892
3297 0.77717719258536 0.0849610292245153 0.951356133446078
3298 0.77717719258536 0.0849610292245153 1
3299 0.77717719258536 0.121278191895108 0
3300 0.77717719258536 0.121278191895108 0.0243219332769611
3301 0.77717719258536 0.121278191895108 0.0486438665539222
3302 0.77717719258536 0.121278191895108 0.0849610292245153
3303 0.77717719258536 0.121278191895108 0.121278191895108
3304 0.77717719258536 0.121278191895108 0.172050499654874
3305 0.77717719258536 0.121278191895108 0.22282280741464
3306 0.77717719258536 0.121278191895108 0.287636105376869
3307 0.77717719258536 0.121278191895108 0.352449403339098
3308 0.77717719258536 0.121278191895108 0.426224701669549
3309 0.77717719258536 0.121278191895108 0.5
3310 0.77717719258536 0.121278191895108 0.573775298330451
3311 0.77717719258536 0.121278191895108 0.647550596660902
3312 0.77717719258536 0.121278191895108 0.712363894623131
3313 0.77717719258536 0.121278191895108 0.77717719258536
3314 0.77717719258536 0.121278191895108 0.827949500345126
3315 0.77717719258536 0.121278191895108 0.878721808104892
3316 0.77717719258536 0.121278191895108 0.915038970775485
3317 0.77717719258536 0.121278191895108 0.951356133446078
3318 0.77717719258536 0.121278191895108 0.975678066723039
3319 0.77717719258536 0.121278191895108 1
3320 0.77717719258536 0.172050499654874 0
3321 0.77717719258536 0.172050499654874 0.0486438665539222
3322 0.77717719258536 0.172050499654874 0.121278191895108
3323 0.77717719258536 0.172050499654874 0.22282280741464
3324 0.77717719258536 0.172050499654874 0.352449403339098
3325 0.77717719258536 0.172050499654874 0.5
3326 0.77717719258536 0.172050499654874 0.647550596660902
3327 0.77717719258536 0.172050499654874 0.77717719258536
3328 0.77717719258536 0.172050499654874 0.878721808104892
3329 0.77717719258536 0.172050499654874 0.951356133446078
3330 0.77717719258536 0.172050499654874 1
3331 0.77717719258536 0.22282280741464 0
3332 0.77717719258536 0.22282280741464 0.0243219332769611
3333 0.77717719258536 0.22282280741464 0.0486438665539222
3334 0.77717719258536 0.22282280741464 0.0849610292245153
3335 0.77717719258536 0.22282280741464 0.121278191895108
3336 0.77717719258536 0.22282280741464 0.172050499654874
3337 0.77717719258536 0.22282280741464 0.22282280741464
3338 0.77717719258536 0.22282280741464 0.287636105376869
3339 0.77717719258536 0.22282280741464 0.352449403339098
3340 0.77717719258536 0.22282280741464 0.426224701669549
3341 0.77717719258536 0.22282280741464 0.5
3342 0.77717719258536 0.22282280741464 0.573775298330451
3343 0.77717719258536 0.22282280741464 0.647550596660902
3344 0.77717719258536 0.22282280741464 0.712363894623131
3345 0.77717719258536 0.22282280741464 0.77717719258536
3346 0.77717719258536 0.22282280741464 0.827949500345126
3347 0.77717719258536 0.22282280741464 0.878721808104892
3348 0.77717719258536 0.22282280741464 0.915038970775485
3349 0.77717719258536 0.22282280741464 0.951356133446078
3350 0.77717719258536 0.22282280741464 0.975678066723039
3351 0.77717719258536 0.22282280741464 1
3352 0.77717719258536 0.287636105376869 0
3353 0.77717719258536 0.287636105376869 0.0486438665539222
3354 0.77717719258536 0.287636105376869 0.121278191895108
3355 0.77717719258536 0.287636105376869 0.22282280741464
3356 0.77717719258536 0.287636105376869 0.352449403339098
3357 0.77717719258536 0.287636105376869 0.5
3358 0.77717719258536 0.287636105376869 0.647550596660902
3359 0.77717719258536 0.287636105376869 0.77717719258536
3360 0.77717719258536 0.287636105376869 0.878721808104892
3361 0.77717719258536 0.287636105376869 0.951356133446078
3362 0.77717719258536 0.287636105376869 1
3363 0.77717719258536 0.352449403339098 0
3364 0.77717719258536 0.352449403339098 0.0243219332769611
3365 0.77717719258536 0.352449403339098 0.0486438665539222
3366 0.77717719258536 0.352449403339098 0.0849610292245153
3367 0.77717719258536 0.352449403339098 0.121278191895108
3368 0.77717719258536 0.352449403339098 0.172050499654874
3369 0.77717719258536 0.352449403339098 0.22282280741464
3370 0.77717719258536 0.352449403339098 0.287636105376869
3371 0.77717719258536 0.352449403339098 0.352449403339098
3372 0.77717719258536 0.352449403339098 0.426224701669549
3373 0.77717719258536 0.352449403339098 0.5
3374 0.77717719258536 0.352449403339098 0.573775298330451
3375 0.77717719258536 0.352449403339098 0.647550596660902
3376 0.77717719258536 0.352449403339098 0.712363894623131
3377 0.77717719258536 0.352449403339098 0.77717719258536
3378 0.77717719258536 0.352449403339098 0.827949500345126
3379 0.77717719258536 0.352449403339098 0.878721808104892
3380 0.77717719258536 0.352449403339098 0.915038970775485
3381 0.77717719258536 0.352449403339098 0.951356133446078
3382 0.77717719258536 0.352449403339098 0.975678066723039
3383 0.77717719258536 0.352449403339098 1
3384 0.77717719258536 0.426224701669549 0
3385 0.77717719258536 0.426224701669549 0.0486438665539222
3386 0.77717719258536 0.426224701669549 0.121278191895108
3387 0.77717719258536 0.426224701669549 0.22282280741464
3388 0.77717719258536 0.426224701669549 0.352449403339098
3389 0.77717719258536 0.426224701669549 0.5
3390 0.77717719258536 0.426224701669549 0.647550596660902
3391 0.77717719258536 0.426224701669549 0.77717719258536
3392 0.77717719258536 0.426224701669549 0.878721808104892
3393 0.77717719258536 0.426224701669549 0.951356133446078
3394 0.77717719258536 0.426224701669549 1
3395 0.77717719258536 0.5 0
3396 0.77717719258536 0.5 0.0243219332769611
3397 0.77717719258536 0.5 0.0486438665539222
3398 0.77717719258536 0.5 0.0849610292245153
3399 0.77717719258536 0.5 0.121278191895108
3400 0.77717719258536 0.5 0.172050499654874
3401 0.77717719258536 0.5 0.22282280741464
3402 0.77717719258536 0.5 0.287636105376869
3403 0.77717719258536 0.5 0.352449403339098
3404 0.77717719258536 0.5 0.426224701669549
3405 0.77717719258536 0.5 0.5
3406 0.77717719258536 0.5 0.573775298330451
3407 0.77717719258536 0.5 0.647550596660902
3408 0.77717719258536 0.5 0.712363894623131
3409 0.77717719258536 0.5 0.77717719258536
3410 0.77717719258536 0.5 0.827949500345126
3411 0.77717719258536 0.5 0.878721808104892
3412 0.77717719258536 0.5 0.915038970775485
3413 0.77717719258536 0.5 0.951356133446078
3414 0.77717719258536 0.5 0.975678066723039
3415 0.77717719258536 0.5 1
3416 0.77717719258536 0.573775298330451 0
3417 0.77717719258536 0.573775298330451 0.0486438665539222
3418 0.77717719258536 0.573775298330451 0.121278191895108
3419 0.77717719258536 0.573775298330451 0.22282280741464
3420 0.77717719258536 0.573775298330451 0.352449403339098
3421 0.77717719258536 0.573775298330451 0.5
3422 0.77717719258536 0.573775298330451 0.647550596660902
3423 0.77717719258536 0.573775298330451 0.77717719258536
3424 0.77717719258536 0.573775298330451 0.878721808104892
3425 0.77717719258536 0.573775298330451 0.951356133446078
3426 0.77717719258536 0.573775298330451 1
3427 0.77717719258536 0.647550596660902 0
3428 0.77717719258536 0.647550596660902 0.0243219332769611
3429 0.77717719258536 0.647550596660902 0.0486438665539222
3430 0.77717719258536 0.647550596660902 0.0849610292245153
3431 0.77717719258536 0.647550596660902 0.121278191895108
3432 0.77717719258536 0.647550596660902 0.172050499654874
3433 0.77717719258536 0.647550596660902 0.22282280741464
3434 0.77717719258536 0.647550596660902 0.287636105376869
3435 0.77717719258536 0.647550596660902 0.352449403339098
3436 0.77717719258536 0.647550596660902 0.426224701669549
3437 0.77717719258536 0.647550596660902 0.5
3438 0.77717719258536 0.647550596660902 0.573775298330451
3439 0.77717719258536 0.647550596660902 0.647550596660902
3440 0.77717719258536 0.647550596660902 0.712363894623131
3441 0.77717719258536 0.647550596660902 0.77717719258536
3442 0.77717719258536 0.647550596660902 0.827949500345126
3443 0.77717719258536 0.647550596660902 0.878721808104892
3444 0.77717719258536 0.647550596660902 0.915038970775485
3445 0.77717719258536 0.647550596660902 0.951356133446078
3446 0.77717719258536 0.647550596660902 0.975678066723039
3447 0.77717719258536 0.647550596660902 1
3448 0.77717719258536 0.712363894623131 0
3449 0.77717719258536 0.712363894623131 0.0486438665539222
3450 0.77717719258536 0.712363894623131 0.121278191895108
3451 0.77717719258536 0.712363894623131 0.22282280741464
3452 0.77717719258536 0.712363894623131 0.352449403339098
3453 0.77717719258536 0.712363894623131 0.5
3454 0.77717719258536 0.712363894623131 0.647550596660902
3455 0.77717719258536 0.712363894623131 0.77717719258536
3456 0.77717719258536 0.712363894623131 0.878721808104892
3457 0.77717719258536 0.712363894623131 0.951356133446078
3458 0.77717719258536 0.712363894623131 1
3459 0.77717719258536 0.77717719258536 0
3460 0.77717719258536 0.77717719258536 0.0243219332769611
3461 0.77717719258536 0.77717719258536 0.0486438665539222
3462 0.77717719258536 0.77717719258536 0.0849610292245153
3463 0.77717719258536 0.77717719258536 0.121278191895108
3464 0.77717719258536 0.77717719258536 0.172050499654874
3465 0.77717719258536 0.77717719258536 0.22282280741464
3466 0.77717719258536 0.77717719258536 0.287636105376869
3467 0.77717719258536 0.77717719258536 0.352449403339098
3468 0.77717719258536 0.77717719258536 0.426224701669549
3469 0.77717719258536 0.77717719258536 0.5
3470 0.77717719258536 0.77717719258536 0.573775298330451
3471 0.77717719258536 0.77717719258536 0.647550596660902
3472 0.77717719258536 0.77717719258536 0.712363894623131
3473 0.77717719258536 0.77717719258536 0.77717719258536
3474 0.77717719258536 0.77717719258536 0.827949500345126
3475 0.77717719258536 0.77717719258536 0.878721808104892
3476 0.77717719258536 0.77717719258536 0.915038970775485
3477 0.77717719258536 0.77717719258536 0.951356133446078
3478 0.77717719258536 0.77717719258536 0.975678066723039
3479 0.77717719258536 0.77717719258536 1
3480 0.77717719258536 0.827949500345126 0
3481 0.77717719258536 0.827949500345126 0.0486438665539222
3482 0.77717719258536 0.827949500345126 0.121278191895108
3483 0.77717719258536 0.827949500345126 0.22282280741464
3484 0.77717719258536 0.827949500345126 0.352449403339098
3485 0.77717719258536 0.827949500345126 0.5
3486 0.77717719258536 0.827949500345126 0.647550596660902
3487 0.77717719258536 0.827949500345126 0.77717719258536
3488 0.77717719258536 0.827949500345126 0.878721808104892
3489 0.77717719258536 0.827949500345126 0.951356133446078
3490 0.77717719258536 0.827949500345126 1
3491 0.77717719258536 0.878721808104892 0
3492 0.77717719258536 0.878721808104892 0.0243219332769611
3493 0.77717719258536 0.878721808104892 0.0486438665539222
3494 0.77717719258536 0.878721808104892 0.0849610292245153
3495 0.77717719258536 0.878721808104892 0.121278191895108
3496 0.77717719258536 0.878721808104892 0.172050499654874
3497 0.77717719258536 0.878721808104892 0.22282280741464
3498 0.77717719258536 0.878721808104892 0.287636105376869
3499 0.77717719258536 0.878721808104892 0.352449403339098
3500 0.77717719258536 0.878721808104892 0.426224701669549
3501 0.77717719258536 0.878721808104892 0.5
3502 0.77717719258536 0.878721808104892 0.573775298330451
3503 0.77717719258536 0.878721808104892 0.647550596660902
3504 0.77717719258536 0.878721808104892 0.712363894623131
3505 0.77717719258536 0.878721808104892 0.77717719258536
3506 0.77717719258536 0.878721808104892 0.827949500345126
3507 0.77717719258536 0.878721808104892 0.878721808104892
3508 0.77717719258536 0.878721808104892 0.915038970775485
3509 0.77717719258536 0.878721808104892 0.951356133446078
3510 0.77717719258536 0.878721808104892 0.975678066723039
3511 0.77717719258536 0.878721808104892 1
3512 0.77717719258536 0.915038970775485 0
3513 0.77717719258536 0.915038970775485 0.0486438665539222
3514 0.77717719258536 0.915038970775485 0.121278191895108
3515 0.77717719258536 0.915038970775485 0.22282280741464
3516 0.77717719258536 0.915038970775485 0.352449403339098
3517 0.77717719258536 0.915038970775485 0.5
3518 0.77717719258536 0.915038970775485 0.647550596660902
3519 0.77717719258536 0.915038970775485 0.77717719258536
3520 0.77717719258536 0.915038970775485 0.878721808104892
3521 0.77717719258536 0.915038970775485 0.951356133446078
3522 0.77717719258536 0.915038970775485 1
3523 0.77717719258536 0.951356133446078 0
3524 0.77717719258536 0.951356133446078 0.0243219332769611
3525 0.77717719258536 0.951356133446078 0.0486438665539222
3526 0.77717719258536 0.951356133446078 0.0849610292245153
3527 0.77717719258536 0.951356133446078 0.121278191895108
3528 0.77717719258536 0.951356133446078 0.172050499654874
3529 0.77717719258536 0.951356133446078 0.22282280741464
3530 0.77717719258536 0.951356133446078 0.287636105376869
3531 0.77717719258536 0.951356133446078 0.352449403339098
3532 0.77717719258536 0.951356133446078 0.426224701669549
3533 0.77717719258536 0.951356133446078 0.5
3534 0.77717719258536 0.951356133446078 0.573775298330451
3535 0.77717719258536 0.951356133446078 0.647550596660902
3536 0.77717719258536 0.951356133446078 0.712363894623131
3537 0.77717719258536 0.951356133446078 0.77717719258536
3538 0.77717719258536 0.951356133446078 0.827949500345126
3539 0.77717719258536 0.951356133446078 0.878721808104892
3540 0.77717719258536 0.951356133446078 0.915038970775485
3541 0.77717719258536 0.951356133446078 0.951356133446078
3542 0.77717719258536 0.951356133446078 0.975678066723039
3543 0.77717719258536 0.951356133446078 1
3544 0.77717719258536 0.975678066723039 0
3545 0.77717719258536 0.975678066723039 0.0486438665539222
3546 0.77717719258536 0.975678066723039 0.121278191895108
3547 0.77717719258536 0.975678066723039 0.22282280741464
3548 0.77717719258536 0.975678066723039 0.352449403339098
3549 0.77717719258536 0.975678066723039 0.5
3550 0.77717719258536 0.975678066723039 0.647550596660902
3551 0.77717719258536 0.975678066723039 0.77717719258536
3552 0.77717719258536 0.975678066723039 0.878721808104892
3553 0.77717719258536 0.975678066723039 0.951356133446078
3554 0.77717719258536 0.975678066723039 1
3555 0.77717719258536 1 0
3556 0.77717719258536 1 0.0243219332769611
3557 0.77717719258536 1 0.0486438665539222
3558 0.77717719258536 1 0.0849610292245153
3559 0.77717719258536 1 0.121278191895108
3560 0.77717719258536 1 0.172050499654874
3561 0.77717719258536 1 0.22282280741464
3562 0.77717719258536 1 0.287636105376869
3563 0.77717719258536 1 0.352449403339098
3564 0.77717719258536 1 0.426224701669549
3565 0.77717719258536 1 0.5
3566 0.77717719258536 1 0.573775298330451
3567 0.77717719258536 1 0.647550596660902
3568 0.77717719258536 1 0.712363894623131
3569 0.77717719258536 1 0.77717719258536
3570 0.77717719258536 1 0.827949500345126
3571 0.77717719258536 1 0.878721808104892
3572 0.77717719258536 1 0.915038970775485
3573 0.77717719258536 1 0.951356133446078
3574 0.77717719258536 1 0.975678066723039
3575 0.77717719258536 1 1
3576 0.827949500345126 0 0
3577 0.827949500345126 0 0.0486438665539222
3578 0.827949500345126 0 0.121278191895108
3579 0.827949500345126 0 0.22282280741464
3580 0.827949500345126 0 0.352449403339098
3581 0.827949500345126 0 0.5
3582 0.827949500345126 0 0.647550596660902
3583 0.827949500345126 0 0.77717719258536
3584 0.827949500345126 0 0.878721808104892
3585 0.827949500345126 0 0.951356133446078
3586 0.827949500345126 0 1
3587 0.827949500345126 0.0486438665539222 0
3588 0.827949500345126 0.0486438665539222 0.0486438665539222
3589 0.827949500345126 0.0486438665539222 0.121278191895108
3590 0.827949500345126 0.0486438665539222 0.22282280741464
3591 0.827949500345126 0.0486438665539222 0.352449403339098
3592 0.827949500345126 0.0486438665539222 0.5
3593 0.827949500345126 0.0486438665539222 0.647550596660902
3594 0.827949500345126 0.0486438665539222 0.77717719258536
3595 0.827949500345126 0.0486438665539222 0.878721808104892
3596 0.827949500345126 0.0486438665539222 0.951356133446078
3597 0.827949500345126 0.0486438665539222 1
3598 0.827949500345126 0.121278191895108 0
3599 0.827949500345126 0.121278191895108 0.0486438665539222
3600 0.827949500345126 0.121278191895108 0.121278191895108
3601 0.827949500345126 0.121278191895108 0.22282280741464
3602 0.827949500345126 0.121278191895108 0.352449403339098
3603 0.827949500345126 0.121278191895108 0.5
3604 0.827949500345126 0.121278191895108 0.647550596660902
3605 0.827949500345126 0.121278191895108 0.77717719258536
3606 0.827949500345126 0.121278191895108 0.878721808104892
3607 0.827949500345126 0.121278191895108 0.951356133446078
3608 0.827949500345126 0.121278191895108 1
3609 0.827949500345126 0.22282280741464 0
3610 0.827949500345126 0.22282280741464 0.0486438665539222
3611 0.827949500345126 0.22282280741464 0.121278191895108
3612 0.827949500345126 0.22282280741464 0.22282280741464
3613 0.827949500345126 0.22282280741464 0.352449403339098
3614 0.827949500345126 0.22282280741464 0.5
3615 0.827949500345126 0.22282280741464 0.647550596660902
3616 0.827949500345126 0.22282280741464 0.77717719258536
3617 0.827949500345126 0.22282280741464 0.878721808104892
3618 0.827949500345126 0.22282280741464 0.951356133446078
3619 0.827949500345126 0.22282280741464 1
3620 0.827949500345126 0.352449403339098 0
3621 0.827949500345126 0.352449403339098 0.0486438665539222
3622 0.827949500345126 0.352449403339098 0.121278191895108
3623 0.827949500345126 0.352449403339098 0.22282280741464
3624 0.827949500345126 0.352449403339098 0.352449403339098
3625 0.827949500345126 0.352449403339098 0.5
3626 0.827949500345126 0.352449403339098 0.647550596660902
3627 0.827949500345126 0.352449403339098 0.77717719258536
3628 0.827949500345126 0.352449403339098 0.878721808104892
3629 0.827949500345126 0.352449403339098 0.951356133446078
3630 0.827949500345126 0.352449403339098 1
3631 0.827949500345126 0.5 0
3632 0.827949500345126 0.5 0.0486438665539222
3633 0.827949500345126 0.5 0.121278191895108
3634 0.827949500345126 0.5 0.22282280741464
3635 0.827949500345126 0.5 0.352449403339098
3636 0.827949500345126 0.5 0.5
3637 0.827949500345126 0.5 0.647550596660902
3638 0.827949500345126 0.5 0.77717719258536
3639 0.827949500345126 0.5 0.878721808104892
3640 0.827949500345126 0.5 0.951356133446078
3641 0.827949500345126 0.5 1
3642 0.827949500345126 0.647550596660902 0
3643 0.827949500345126 0.647550596660902 0.0486438665539222
3644 0.827949500345126 0.647550596660902 0.121278191895108
3645 0.827949500345126 0.647550596660902 0.22282280741464
3646 0.827949500345126 0.647550596660902 0.352449403339098
3647 0.827949500345126 0.647550596660902 0.5
3648 0.827949500345126 0.647550596660902 0.647550596660902
3649 0.827949500345126 0.647550596660902 0.77717719258536
3650 0.827949500345126 0.647550596660902 0.878721808104892
3651 0.827949500345126 0.647550596660902 0.951356133446078
3652 0.827949500345126 0.647550596660902 1
3653 0.827949500345126 0.77717719258536 0
3654 0.827949500345126 0.77717719258536 0.0486438665539222
3655 0.827949500345126 0.77717719258536 0.121278191895108
3656 0.827949500345126 0.77717719258536 0.22282280741464
3657 0.827949500345126 0.77717719258536 0.352449403339098
3658 0.827949500345126 0.77717719258536 0.5
3659 0.827949500345126 0.77717719258536 0.647550596660902
3660 0.827949500345126 0.77717719258536 0.77717719258536
3661 0.827949500345126 0.77717719258536 0.878721808104892
3662 0.827949500345126 0.77717719258536 0.951356133446078
3663 0.827949500345126 0.77717719258536 1
3664 0.827949500345126 0.878721808104892 0
3665 0.827949500345126 0.878721808104892 0.0486438665539222
3666 0.827949500345126 0.878721808104892 0.121278191895108
3667 0.827949500345126 0.878721808104892 0.22282280741464
3668 0.827949500345126 0.878721808104892 0.352449403339098
3669 0.827949500345126 0.878721808104892 0.5
3670 0.827949500345126 0.878721808104892 0.647550596660902
3671 0.827949500345126 0.878721808104892 0.77717719258536
3672 0.827949500345126 0.878721808104892 0.878721808104892
3673 0.827949500345126 0.878721808104892 0.951356133446078
3674 0.827949500345126 0.878721808104892 1
3675 0.827949500345126 0.951356133446078 0
3676 0.827949500345126 0.951356133446078 0.0486438665539222
3677 0.827949500345126 0.951356133446078 0.121278191895108
3678 0.827949500345126 0.951356133446078 0.22282280741464
3679 0.827949500345126 0.951356133446078 0.352449403339098
3680 0.827949500345126 0.951356133446078 0.5
3681 0.827949500345126 0.951356133446078 0.647550596660902
3682 0.827949500345126 0.951356133446078 0.77717719258536
3683 0.827949500345126 0.951356133446078 0.878721808104892
3684 0.827949500345126 0.951356133446078 0.951356133446078
3685 0.827949500345126 0.951356133446078 1
3686 0.827949500345126 1 0
3687 0.827949500345126 1 0.0486438665539222
3688 0.827949500345126 1 0.121278191895108
3689 0.827949500345126 1 0.22282280741464
3690 0.827949500345126 1 0.352449403339098
3691 0.827949500345126 1 0.5
3692 0.827949500345126 1 0.647550596660902
3693 0.827949500345126 1 0.77717719258536
3694 0.827949500345126 1 0.878721808104892
3695 0.827949500345126 1 0.951356133446078
3696 0.827949500345126 1 1
3697 0.878721808104892 0 0
3698 0.878721808104892 0 0.0243219332769611
3699 0.878721808104892 0 0.0486438665539222
3700 0.878721808104892 0 0.0849610292245153
3701 0.878721808104892 0 0.121278191895108
3702 0.878721808104892 0 0.172050499654874
3703 0.878721808104892 0 0.22282280741464
3704 0.878721808104892 0 0.287636105376869
3705 0.878721808104892 0 0.352449403339098
3706 0.878721808104892 0 0.426224701669549
3707 0.878721808104892 0 0.5
3708 0.878721808104892 0 0.573775298330451
3709 0.878721808104892 0 0.647550596660902
3710 0.878721808104892 0 0.712363894623131
3711 0.878721808104892 0 0.77717719258536
3712 0.878721808104892 0 0.827949500345126
3713 0.878721808104892 0 0.878721808104892
3714 0.878721808104892 0 0.915038970775485
3715 0.878721808104892 0 0.951356133446078
3716 0.878721808104892 0 0.975678066723039
3717 0.878721808104892 0 1
3718 0.878721808104892 0.0243219332769611 0
3719 0.878721808104892 0.0243219332769611 0.0486438665539222
3720 0.878721808104892 0.0243219332769611 0.121278191895108
3721 0.878721808104892 0.0243219332769611 0.22282280741464
3722 0.878721808104892 0.0243219332769611 0.352449403339098
3723 0.878721808104892 0.0243219332769611 0.5
3724 0.878721808104892 0.0243219332769611 0.647550596660902
3725 0.878721808104892 0.0243219332769611 0.77717719258536
3726 0.878721808104892 0.0243219332769611 0.878721808104892
3727 0.878721808104892 0.0243219332769611 0.951356133446078
3728 0.878721808104892 0.0243219332769611 1
3729 0.878721808104892 0.0486438665539222 0
3730 0.878721808104892 0.0486438665539222 0.0243219332769611
3731 0.878721808104892 0.0486438665539222 0.0486438665539222
3732 0.878721808104892 0.0486438665539222 0.0849610292245153
3733 0.878721808104892 0.0486438665539222 0.121278191895108
3734 0.878721808104892 0.0486438665539222 0.172050499654874
3735 0.878721808104892 0.0486438665539222 0.22282280741464
3736 0.878721808104892 0.0486438665539222 0.287636105376869
3737 0.878721808104892 0.0486438665539222 0.352449403339098
3738 0.878721808104892 0.0486438665539222 0.426224701669549
3739 0.878721808104892 0.0486438665539222 0.5
3740 0.878721808104892 0.0486438665539222 0.573775298330451
3741 0.878721808104892 0.0486438665539222 0.647550596660902
3742 0.878721808104892 0.0486438665539222 0.712363894623131
3743 0.878721808104892 0.0486438665539222 0.77717719258536
3744 0.878721808104892 0.0486438665539222 0.827949500345126
3745 0.878721808104892 0.0486438665539222 0.878721808104892
3746 0.878721808104892 0.0486438665539222 0.915038970775485
3747 0.878721808104892 0.0486438665539222 0.951356133446078
3748 0.878721808104892 0.0486438665539222 0.975678066723039
3749 0.878721808104892 0.0486438665539222 1
3750 0.878721808104892 0.0849610292245153 0
3751 0.878721808104892 0.0849610292245153 0.0486438665539222
3752 0.878721808104892 0.0849610292245153 0.121278191895108
3753 0.878721808104892 0.0849610292245153 0.22282280741464
3754 0.878721808104892 0.0849610292245153 0.352449403339098
3755 0.878721808104892 0.0849610292245153 0.5
3756 0.878721808104892 0.0849610292245153 0.647550596660902
3757 0.878721808104892 0.0849610292245153 0.77717719258536
3758 0.878721808104892 0.0849610292245153 0.878721808104892
3759 0.878721808104892 0.0849610292245153 0.951356133446078
3760 0.878721808104892 0.0849610292245153 1
3761 0.878721808104892 0.121278191895108 0
3762 0.878721808104892 0.121278191895108 0.0243219332769611
3763 0.878721808104892 0.121278191895108 0.0486438665539222
3764 0.878721808104892 0.121278191895108 0.0849610292245153
3765 0.878721808104892 0.121278191895108 0.121278191895108
3766 0.878721808104892 0.121278191895108 0.172050499654874
3767 0.878721808104892 0.121278191895108 0.22282280741464
3768 0.878721808104892 0.121278191895108 0.287636105376869
3769 0.878721808104892 0.121278191895108 0.352449403339098
3770 0.878721808104892 0.121278191895108 0.426224701669549
3771 0.878721808104892 0.121278191895108 0.5
3772 0.878721808104892 0.121278191895108 0.573775298330451
3773 0.878721808104892 0.121278191895108 0.647550596660902
3774 0.878721808104892 0.121278191895108 0.712363894623131
3775 0.878721808104892 0.121278191895108 0.77717719258536
3776 0.878721808104892 0.121278191895108 0.827949500345126
3777 0.878721808104892 0.121278191895108 0.878721808104892
3778 0.878721808104892 0.121278191895108 0.915038970775485
3779 0.878721808104892 0.121278191895108 0.951356133446078
3780 0.878721808104892 0.121278191895108 0.975678066723039
3781 0.878721808104892 0.121278191895108 1
3782 0.878721808104892 0.172050499654874 0
3783 0.878721808104892 0.172050499654874 0.0486438665539222
3784 0.878721808104892 0.172050499654874 0.121278191895108
3785 0.878721808104892 0.172050499654874 0.22282280741464
3786 0.878721808104892 0.172050499654874 0.352449403339098
3787 0.878721808104892 0.172050499654874 0.5
3788 0.878721808104892 0.172050499654874 0.647550596660902
3789 0.878721808104892 0.172050499654874 0.77717719258536
3790 0.878721808104892 0.172050499654874 0.878721808104892
3791 0.878721808104892 0.172050499654874 0.951356133446078
3792 0.878721808104892 0.172050499654874 1
3793 0.878721808104892 0.22282280741464 0
3794 0.878721808104892 0.22282280741464 0.0243219332769611
3795 0.878721808104892 0.22282280741464 0.0486438665539222
3796 0.878721808104892 0.22282280741464 0.0849610292245153
3797 0.878721808104892 0.22282280741464 0.121278191895108
3798 0.878721808104892 0.22282280741464 0.172050499654874
3799 0.878721808104892 0.22282280741464 0.22282280741464
3800 0.878721808104892 0.22282280741464 0.287636105376869
3801 0.878721808104892 0.22282280741464 0.352449403339098
3802 0.878721808104892 0.22282280741464 0.426224701669549
3803 0.878721808104892 0.22282280741464 0.5
3804 0.878721808104892 0.22282280741464 0.573775298330451
3805 0.878721808104892 0.22282280741464 0.647550596660902
3806 0.878721808104892 0.22282280741464 0.712363894623131
3807 0.878721808104892 0.22282280741464 0.77717719258536
3808 0.878721808104892 0.22282280741464 0.827949500345126
3809 0.878721808104892 0.22282280741464 0.878721808104892
3810 0.878721808104892 0.22282280741464 0.915038970775485
3811 0.878721808104892 0.22282280741464 0.951356133446078
3812 0.878721808104892 0.22282280741464 0.975678066723039
3813 0.878721808104892 0.22282280741464 1
3814 0.878721808104892 0.287636105376869 0
3815 0.878721808104892 0.287636105376869 0.0486438665539222
3816 0.878721808104892 0.287636105376869 0.121278191895108
3817 0.878721808104892 0.287636105376869 0.22282280741464
3818 0.878721808104892 0.287636105376869 0.352449403339098
3819 0.878721808104892 0.287636105376869 0.5
3820 0.878721808104892 0.287636105376869 0.647550596660902
3821 0.878721808104892 0.287636105376869 0.77717719258536
3822 0.878721808104892 0.287636105376869 0.878721808104892
3823 0.878721808104892 0.287636105376869 0.951356133446078
3824 0.878721808104892 0.287636105376869 1
3825 0.878721808104892 0.352449403339098 0
3826 0.878721808104892 0.352449403339098 0.0243219332769611
3827 0.878721808104892 0.352449403339098 0.0486438665539222
3828 0.878721808104892 0.352449403339098 0.0849610292245153
3829 0.878721808104892 0.352449403339098 0.121278191895108
3830 0.878721808104892 0.352449403339098 0.172050499654874
3831 0.878721808104892 0.352449403339098 0.22282280741464
3832 0.878721808104892 0.352449403339098 0.287636105376869
3833 0.878721808104892 0.352449403339098 0.352449403339098
3834 0.878721808104892 0.352449403339098 0.426224701669549
3835 0.878721808104892 0.352449403339098 0.5
3836 0.878721808104892 0.352449403339098 0.573775298330451
3837 0.878721808104892 0.352449403339098 0.647550596660902
3838 0.878721808104892 0.352449403339098 0.712363894623131
3839 0.878721808104892 0.352449403339098 0.77717719258536
3840 0.878721808104892 0.352449403339098 0.827949500345126
3841 0.878721808104892 0.352449403339098 0.878721808104892
3842 0.878721808104892 0.352449403339098 0.915038970775485
3843 0.878721808104892 0.352449403339098 0.951356133446078
3844 0.878721808104892 0.352449403339098 0.975678066723039
3845 0.878721808104892 0.352449403339098 1
3846 0.878721808104892 0.426224701669549 0
3847 0.878721808104892 0.426224701669549 0.0486438665539222
3848 0.878721808104892 0.426224701669549 0.121278191895108
3849 0.878721808104892 0.426224701669549 0.22282280741464
3850 0.878721808104892 0.426224701669549 0.352449403339098
3851 0.878721808104892 0.426224701669549 0.5
3852 0.878721808104892 0.426224701669549 0.647550596660902
3853 0.878721808104892 0.426224701669549 0.77717719258536
3854 0.878721808104892 0.426224701669549 0.878721808104892
3855 0.878721808104892 0.426224701669549 0.951356133446078
3856 0.878721808104892 0.426224701669549 1
3857 0.878721808104892 0.5 0
3858 0.878721808104892 0.5 0.0243219332769611
3859 0.878721808104892 0.5 0.0486438665539222
3860 0.878721808104892 0.5 0.0849610292245153
3861 0.878721808104892 0.5 0.121278191895108
3862 0.878721808104892 0.5 0.172050499654874
3863 0.878721808104892 0.5 0.22282280741464
3864 0.878721808104892 0.5 0.287636105376869
3865 0.878721808104892 0.5 0.352449403339098
3866 0.878721808104892 0.5 0.426224701669549
3867 0.878721808104892 0.5 0.5
3868 0.878721808104892 0.5 0.573775298330451
3869 0.878721808104892 0.5 0.647550596660902
3870 0.878721808104892 0.5 0.712363894623131
3871 0.878721808104892 0.5 0.77717719258536
3872 0.878721808104892 0.5 0.827949500345126
3873 0.878721808104892 0.5 0.878721808104892
3874 0.878721808104892 0.5 0.915038970775485
3875 0.878721808104892 0.5 0.951356133446078
3876 0.878721808104892 0.5 0.975678066723039
3877 0.878721808104892 0.5 1
3878 0.878721808104892 0.573775298330451 0
3879 0.878721808104892 0.573775298330451 0.0486438665539222
3880 0.878721808104892 0.573775298330451 0.121278191895108
3881 0.878721808104892 0.573775298330451 0.22282280741464
3882 0.878721808104892 0.573775298330451 0.352449403339098
3883 0.878721808104892 0.573775298330451 0.5
3884 0.878721808104892 0.573775298330451 0.647550596660902
3885 0.878721808104892 0.573775298330451 0.77717719258536
3886 0.878721808104892 0.573775298330451 0.878721808104892
3887 0.878721808104892 0.573775298330451 0.951356133446078
3888 0.878721808104892 0.573775298330451 1
3889 0.878721808104892 0.647550596660902 0
3890 0.878721808104892 0.647550596660902 0.0243219332769611
3891 0.878721808104892 0.647550596660902 0.0486438665539222
3892 0.878721808104892 0.647550596660902 0.0849610292245153
3893 0.878721808104892 0.647550596660902 0.121278191895108
3894 0.878721808104892 0.647550596660902 0.172050499654874
3895 0.878721808104892 0.647550596660902 0.22282280741464
3896 0.878721808104892 0.647550596660902 0.287636105376869
3897 0.878721808104892 0.647550596660902 0.352449403339098
3898 0.878721808104892 0.647550596660902 0.426224701669549
3899 0.878721808104892 0.647550596660902 0.5
3900 0.878721808104892 0.647550596660902 0.573775298330451
3901 0.878721808104892 0.647550596660902 0.647550596660902
3902 0.878721808104892 0.647550596660902 0.712363894623131
3903 0.878721808104892 0.647550596660902 0.77717719258536
3904 0.878721808104892 0.647550596660902 0.827949500345126
3905 0.878721808104892 0.647550596660902 0.878721808104892
3906 0.878721808104892 0.647550596660902 0.915038970775485
3907 0.878721808104892 0.647550596660902 0.951356133446078
3908 0.878721808104892 0.647550596660902 0.975678066723039
3909 0.878721808104892 0.647550596660902 1
3910 0.878721808104892 0.712363894623131 0
3911 0.878721808104892 0.712363894623131 0.0486438665539222
3912 0.878721808104892 0.712363894623131 0.121278191895108
3913 0.878721808104892 0.712363894623131 0.22282280741464
3914 0.878721808104892 0.712363894623131 0.352449403339098
3915 0.878721808104892 0.712363894623131 0.5
3916 0.878721808104892 0.712363894623131 0.647550596660902
3917 0.878721808104892 0.712363894623131 0.77717719258536
3918 0.878721808104892 0.712363894623131 0.878721808104892
3919 0.878721808104892 0.712363894623131 0.951356133446078
3920 0.878721808104892 0.712363894623131 1
3921 0.878721808104892 0.77717719258536 0
3922 0.878721808104892 0.77717719258536 0.0243219332769611
3923 0.878721808104892 0.77717719258536 0.0486438665539222
3924 0.878721808104892 0.77717719258536 0.0849610292245153
3925 0.878721808104892 0.77717719258536 0.121278191895108
3926 0.878721808104892 0.77717719258536 0.172050499654874
3927 0.878721808104892 0.77717719258536 0.22282280741464
3928 0.878721808104892 0.77717719258536 0.287636105376869
3929 0.878721808104892 0.77717719258536 0.352449403339098
3930 0.878721808104892 0.77717719258536 0.426224701669549
3931 0.878721808104892 0.77717719258536 0.5
3932 0.878721808104892 0.77717719258536 0.573775298330451
3933 0.878721808104892 0.77717719258536 0.647550596660902
3934 0.878721808104892 0.77717719258536 0.712363894623131
3935 0.878721808104892 0.77717719258536 0.77717719258536
3936 0.878721808104892 0.77717719258536 0.827949500345126
3937 0.878721808104892 0.77717719258536 0.878721808104892
3938 0.878721808104892 0.77717719258536 0.915038970775485
3939 0.878721808104892 0.77717719258536 0.951356133446078
3940 0.878721808104892 0.77717719258536 0.975678066723039
3941 0.878721808104892 0.77717719258536 1
3942 0.878721808104892 0.827949500345126 0
3943 0.878721808104892 0.827949500345126 0.0486438665539222
3944 0.878721808104892 0.827949500345126 0.121278191895108
3945 0.878721808104892 0.827949500345126 0.22282280741464
3946 0.878721808104892 0.827949500345126 0.352449403339098
3947 0.878721808104892 0.827949500345126 0.5
3948 0.878721808104892 0.827949500345126 0.647550596660902
3949 0.878721808104892 0.827949500345126 0.77717719258536
3950 0.878721808104892 0.827949500345126 0.878721808104892
3951 0.878721808104892 0.827949500345126 0.951356133446078
3952 0.878721808104892 0.827949500345126 1
3953 0.878721808104892 0.878721808104892 0
3954 0.878721808104892 0.878721808104892 0.0243219332769611
3955 0.878721808104892 0.878721808104892 0.0486438665539222
3956 0.878721808104892 0.878721808104892 0.0849610292245153
3957 0.878721808104892 0.878721808104892 0.121278191895108
3958 0.878721808104892 0.878721808104892 0.172050499654874
3959 0.878721808104892 0.878721808104892 0.22282280741464
3960 0.878721808104892 0.878721808104892 0.287636105376869
3961 0.878721808104892 0.878721808104892 0.352449403339098
3962 0.878721808104892 0.878721808104892 0.426224701669549
3963 0.878721808104892 0.878721808104892 0.5
3964 0.878721808104892 0.878721808104892 0.573775298330451
3965 0.878721808104892 0.878721808104892 0.647550596660902
3966 0.878721808104892 0.878721808104892 0.712363894623131
3967 0.878721808104892 0.878721808104892 0.77717719258536
3968 0.878721808104892 0.878721808104892 0.827949500345126
3969 0.878721808104892 0.878721808104892 0.878721808104892
3970 0.878721808104892 0.878721808104892 0.915038970775485
3971 0.878721808104892 0.878721808104892 0.951356133446078
3972 0.878721808104892 0.878721808104892 0.975678066723039
3973 0.878721808104892 0.878721808104892 1
3974 0.878721808104892 0.915038970775485 0
3975 0.878721808104892 0.915038970775485 0.0486438665539222
3976 0.878721808104892 0.915038970775485 0.121278191895108
3977 0.878721808104892 0.915038970775485 0.22282280741464
3978 0.878721808104892 0.915038970775485 0.352449403339098
3979 0.878721808104892 0.915038970775485 0.5
3980 0.878721808104892 0.915038970775485 0.647550596660902
3981 0.878721808104892 0.915038970775485 0.77717719258536
3982 0.878721808104892 0.915038970775485 0.878721808104892
3983 0.878721808104892 0.915038970775485 0.951356133446078
3984 0.878721808104892 0.915038970775485 1
3985 0.878721808104892 0.951356133446078 0
3986 0.878721808104892 0.951356133446078 0.0243219332769611
3987 0.878721808104892 0.951356133446078 0.0486438665539222
3988 0.878721808104892 0.951356133446078 0.0849610292245153
3989 0.878721808104892 0.951356133446078 0.121278191895108
3990 0.878721808104892 0.951356133446078 0.172050499654874
3991 0.878721808104892 0.951356133446078 0.22282280741464
3992 0.878721808104892 0.951356133446078 0.287636105376869
3993 0.878721808104892 0.951356133446078 0.352449403339098
3994 0.878721808104892 0.951356133446078 0.426224701669549
3995 0.878721808104892 0.951356133446078 0.5
3996 0.878721808104892 0.951356133446078 0.573775298330451
3997 0.878721808104892 0.951356133446078 0.647550596660902
3998 0.878721808104892 0.951356133446078 0.712363894623131
3999 0.878721808104892 0.951356133446078 0.77717719258536
4000 0.878721808104892 0.951356133446078 0.827949500345126
4001 0.878721808104892 0.951356133446078 0.878721808104892
4002 0.878721808104892 0.951356133446078 0.915038970775485
4003 0.878721808104892 0.951356133446078 0.951356133446078
4004 0.878721808104892 0.951356133446078 0.975678066723039
4005 0.878721808104892 0.951356133446078 1
4006 0.878721808104892 0.975678066723039 0
4007 0.878721808104892 0.975678066723039 0.0486438665539222
4008 0.878721808104892 0.975678066723039 0.121278191895108
4009 0.878721808104892 0.975678066723039 0.22282280741464
4010 0.878721808104892 0.975678066723039 0.352449403339098
4011 0.878721808104892 0.975678066723039 0.5
4012 0.878721808104892 0.975678066723039 0.647550596660902
4013 0.878721808104892 0.975678066723039 0.77717719258536
4014 0.878721808104892 0.975678066723039 0.878721808104892
4015 0.878721808104892 0.975678066723039 0.951356133446078
4016 0.878721808104892 0.975678066723039 1
4017 0.878721808104892 1 0
4018 0.878721808104892 1 0.0243219332769611
4019 0.878721808104892 1 0.0486438665539222
4020 0.878721808104892 1 0.0849610292245153
4021 0.878721808104892 1 0.121278191895108
4022 0.878721808104892 1 0.172050499654874
4023 0.878721808104892 1 0.22282280741464
4024 0.878721808104892 1 0.287636105376869
4025 0.878721808104892 1 0.352449403339098
4026 0.878721808104892 1 0.426224701669549
4027 0.878721808104892 1 0.5
4028 0.878721808104892 1 0.573775298330451
4029 0.878721808104892 1 0.647550596660902
4030 0.878721808104892 1 0.712363894623131
4031 0.878721808104892 1 0.77717719258536
4032 0.878721808104892 1 0.827949500345126
4033 0.878721808104892 1 0.878721808104892
4034 0.878721808104892 1 0.915038970775485
4035 0.878721808104892 1 0.951356133446078
4036 0.878721808104892 1 0.975678066723039
4037 0.878721808104892 1 1
4038 0.915038970775485 0 0
4039 0.915038970775485 0 0.0486438665539222
4040 0.915038970775485 0 0.121278191895108
4041 0.915038970775485 0 0.22282280741464
4042 0.915038970775485 0 0.352449403339098
4043 0.915038970775485 0 0.5
4044 0.915038970775485 0 0.647550596660902
4045 0.915038970775485 0 0.77717719258536
4046 0.915038970775485 0 0.878721808104892
4047 0.915038970775485 0 0.951356133446078
4048 0.915038970775485 0 1
4049 0.915038970775485 0.0486438665539222 0
4050 0.915038970775485 0.0486438665539222 0.0486438665539222
4051 0.915038970775485 0.0486438665539222 0.121278191895108
4052 0.915038970775485 0.0486438665539222 0.22282280741464
4053 0.915038970775485 0.0486438665539222 0.352449403339098
4054 0.915038970775485 0.0486438665539222 0.5
4055 0.915038970775485 0.0486438665539222 0.647550596660902
4056 0.915038970775485 0.0486438665539222 0.77717719258536
4057 0.915038970775485 0.0486438665539222 0.878721808104892
4058 0.915038970775485 0.0486438665539222 0.951356133446078
4059 0.915038970775485 0.0486438665539222 1
4060 0.915038970775485 0.121278191895108 0
4061 0.915038970775485 0.121278191895108 0.0486438665539222
4062 0.915038970775485 0.121278191895108 0.121278191895108
4063 0.915038970775485 0.121278191895108 0.22282280741464
4064 0.915038970775485 0.121278191895108 0.352449403339098
4065 0.915038970775485 0.121278191895108 0.5
4066 0.915038970775485 0.121278191895108 0.647550596660902
4067 0.915038970775485 0.121278191895108 0.77717719258536
4068 0.915038970775485 0.121278191895108 0.878721808104892
4069 0.915038970775485 0.121278191895108 0.951356133446078
4070 0.915038970775485 0.121278191895108 1
4071 0.915038970775485 0.22282280741464 0
4072 0.915038970775485 0.22282280741464 0.0486438665539222
4073 0.915038970775485 0.22282280741464 0.121278191895108
4074 0.915038970775485 0.22282280741464 0.22282280741464
4075 0.915038970775485 0.22282280741464 0.352449403339098
4076 0.915038970775485 0.22282280741464 0.5
4077 0.915038970775485 0.22282280741464 0.647550596660902
4078 0.915038970775485 0.22282280741464 0.77717719258536
4079 0.915038970775485 0.22282280741464 0.878721808104892
4080 0.915038970775485 0.22282280741464 0.951356133446078
4081 0.915038970775485 0.22282280741464 1
4082 0.915038970775485 0.352449403339098 0
4083 0.915038970775485 0.352449403339098 0.0486438665539222
4084 0.915038970775485 0.352449403339098 0.121278191895108
4085 0.915038970775485 0.352449403339098 0.22282280741464
4086 0.915038970775485 0.352449403339098 0.352449403339098
4087 0.915038970775485 0.352449403339098 0.5
4088 0.915038970775485 0.352449403339098 0.647550596660902
4089 0.915038970775485 0.352449403339098 0.77717719258536
4090 0.915038970775485 0.352449403339098 0.878721808104892
4091 0.915038970775485 0.352449403339098 0.951356133446078
4092 0.915038970775485 0.352449403339098 1
4093 0.915038970775485 0.5 0
4094 0.915038970775485 0.5 0.0486438665539222
4095 0.915038970775485 0.5 0.121278191895108
4096 0.915038970775485 0.5 0.22282280741464
4097 0.915038970775485 0.5 0.352449403339098
4098 0.915038970775485 0.5 0.5
4099 0.915038970775485 0.5 0.647550596660902
4100 0.915038970775485 0.5 0.77717719258536
4101 0.915038970775485 0.5 0.878721808104892
4102 0.915038970775485 0.5 0.951356133446078
4103 0.915038970775485 0.5 1
4104 0.915038970775485 0.647550596660902 0
4105 0.915038970775485 0.647550596660902 0.0486438665539222
4106 0.915038970775485 0.647550596660902 0.121278191895108
4107 0.915038970775485 0.647550596660902 0.22282280741464
4108 0.915038970775485 0.647550596660902 0.352449403339098
4109 0.915038970775485 0.647550596660902 0.5
4110 0.915038970775485 0.647550596660902 0.647550596660902
4111 0.915038970775485 0.647550596660902 0.77717719258536
4112 0.915038970775485 0.647550596660902 0.878721808104892
4113 0.915038970775485 0.647550596660902 0.951356133446078
4114 0.915038970775485 0.647550596660902 1
4115 0.915038970775485 0.77717719258536 0
4116 0.915038970775485 0.77717719258536 0.0486438665539222
4117 0.915038970775485 0.77717719258536 0.121278191895108
4118 0.915038970775485 0.77717719258536 0.22282280741464
4119 0.915038970775485 0.77717719258536 0.352449403339098
4120 0.915038970775485 0.77717719258536 0.5
4121 0.915038970775485 0.77717719258536 0.647550596660902
4122 0.915038970775485 0.77717719258536 0.77717719258536
4123 0.915038970775485 0.77717719258536 0.878721808104892
4124 0.915038970775485 0.77717719258536 0.951356133446078
4125 0.915038970775485 0.77717719258536 1
4126 0.915038970775485 0.878721808104892 0
4127 0.915038970775485 0.878721808104892 0.0486438665539222
4128 0.915038970775485 0.878721808104892 0.121278191895108
4129 0.915038970775485 0.878721808104892 0.22282280741464
4130 0.915038970775485 0.878721808104892 0.352449403339098
4131 0.915038970775485 0.878721808104892 0.5
4132 0.915038970775485 0.878721808104892 0.647550596660902
4133 0.915038970775485 0.878721808104892 0.77717719258536
4134 0.915038970775485 0.878721808104892 0.878721808104892
4135 0.915038970775485 0.878721808104892 0.951356133446078
4136 0.915038970775485 0.878721808104892 1
4137 0.915038970775485 0.951356133446078 0
4138 0.915038970775485 0.951356133446078 0.0486438665539222
4139 0.915038970775485 0.951356133446078 0.121278191895108
4140 0.915038970775485 0.951356133446078 0.22282280741464
4141 0.915038970775485 0.951356133446078 0.352449403339098
4142 0.915038970775485 0.951356133446078 0.5
4143 0.915038970775485 0.951356133446078 0.647550596660902
4144 0.915038970775485 0.951356133446078 0.77717719258536
4145 0.915038970775485 0.951356133446078 0.878721808104892
4146 0.915038970775485 0.951356133446078 0.951356133446078
4147 0.915038970775485 0.951356133446078 1
4148 0.915038970775485 1 0
4149 0.915038970775485 1 0.0486438665539222
4150 0.915038970775485 1 0.121278191895108
4151 0.915038970775485 1 0.22282280741464
4152 0.915038970775485 1 0.352449403339098
4153 0.915038970775485 1 0.5
4154 0.915038970775485 1 0.647550596660902
4155 0.915038970775485 1 0.77717719258536
4156 0.915038970775485 1 0.878721808104892
4157 0.915038970775485 1 0.951356133446078
4158 0.915038970775485 1 1
4159 0.951356133446078 0 0
4160 0.951356133446078 0 0.0243219332769611
4161 0.951356133446078 0 0.0486438665539222
4162 0.951356133446078 0 0.0849610292245153
4163 0.951356133446078 0 0.121278191895108
4164 0.951356133446078 0 0.172050499654874
4165 0.951356133446078 0 0.22282280741464
4166 0.951356133446078 0 0.287636105376869
4167 0.951356133446078 0 0.352449403339098
4168 0.951356133446078 0 0.426224701669549
4169 0.951356133446078 0 0.5
4170 0.951356133446078 0 0.573775298330451
4171 0.951356133446078 0 0.647550596660902
4172 0.951356133446078 0 0.712363894623131
4173 0.951356133446078 0 0.77717719258536
4174 0.951356133446078 0 0.827949500345126
4175 0.951356133446078 0 0.878721808104892
4176 0.951356133446078 0 0.915038970775485
4177 0.951356133446078 0 0.951356133446078
4178 0.951356133446078 0 0.975678066723039
4179 0.951356133446078 0 1
4180 0.951356133446078 0.0243219332769611 0
4181 0.951356133446078 0.0243219332769611 0.0486438665539222
4182 0.951356133446078 0.0243219332769611 0.121278191895108
4183 0.951356133446078 0.0243219332769611 0.22282280741464
4184 0.951356133446078 0.0243219332769611 0.352449403339098
4185 0.951356133446078 0.0243219332769611 0.5
4186 0.951356133446078 0.0243219332769611 0.647550596660902
4187 0.951356133446078 0.0243219332769611 0.77717719258536
4188 0.951356133446078 0.0243219332769611 0.878721808104892
4189 0.951356133446078 0.0243219332769611 0.951356133446078
4190 0.951356133446078 0.0243219332769611 1
4191 0.951356133446078 0.0486438665539222 0
4192 0.951356133446078 0.0486438665539222 0.0243219332769611
4193 0.951356133446078 0.0486438665539222 0.0486438665539222
4194 0.951356133446078 0.0486438665539222 0.0849610292245153
4195 0.951356133446078 0.0486438665539222 0.121278191895108
4196 0.951356133446078 0.0486438665539222 0.172050499654874
4197 0.951356133446078 0.0486438665539222 0.22282280741464
4198 0.951356133446078 0.0486438665539222 0.287636105376869
4199 0.951356133446078 0.0486438665539222 0.352449403339098
4200 0.951356133446078 0.0486438665539222 0.426224701669549
4201 0.951356133446078 0.0486438665539222 0.5
4202 0.951356133446078 0.0486438665539222 0.573775298330451
4203 0.951356133446078 0.0486438665539222 0.647550596660902
4204 0.951356133446078 0.0486438665539222 0.712363894623131
4205 0.951356133446078 0.0486438665539222 0.77717719258536
4206 0.951356133446078 0.0486438665539222 0.827949500345126
4207 0.951356133446078 0.0486438665539222 0.878721808104892
4208 0.951356133446078 0.0486438665539222 0.915038970775485
4209 0.951356133446078 0.0486438665539222 0.951356133446078
4210 0.951356133446078 0.0486438665539222 0.975678066723039
4211 0.951356133446078 0.0486438665539222 1
4212 0.951356133446078 0.0849610292245153 0
4213 0.951356133446078 0.0849610292245153 0.0486438665539222
4214 0.951356133446078 0.0849610292245153 0.121278191895108
4215 0.951356133446078 0.0849610292245153 0.22282280741464
4216 0.951356133446078 0.0849610292245153 0.352449403339098
4217 0.951356133446078 0.0849610292245153 0.5
4218 0.951356133446078 0.0849610292245153 0.647550596660902
4219 0.951356133446078 0.0849610292245153 0.77717719258536
4220 0.951356133446078 0.0849610292245153 0.878721808104892
4221 0.951356133446078 0.0849610292245153 0.951356133446078
4222 0.951356133446078 0.0849610292245153 1
4223 0.951356133446078 0.121278191895108 0
4224 0.951356133446078 0.121278191895108 0.0243219332769611
4225 0.951356133446078 0.121278191895108 0.0486438665539222
4226 0.951356133446078 0.121278191895108 0.0849610292245153
4227 0.951356133446078 0.121278191895108 0.121278191895108
4228 0.951356133446078 0.121278191895108 0.172050499654874
4229 0.951356133446078 0.121278191895108 0.22282280741464
4230 0.951356133446078 0.121278191895108 0.287636105376869
4231 0.951356133446078 0.121278191895108 0.352449403339098
4232 0.951356133446078 0.121278191895108 0.426224701669549
4233 0.951356133446078 0.121278191895108 0.5
4234 0.951356133446078 0.121278191895108 0.573775298330451
4235 0.951356133446078 0.121278191895108 0.647550596660902
4236 0.951356133446078 0.121278191895108 0.712363894623131
4237 0.951356133446078 0.121278191895108 0.77717719258536
4238 0.951356133446078 0.121278191895108 0.827949500345126
4239 0.951356133446078 0.121278191895108 0.878721808104892
4240 0.951356133446078 0.121278191895108 0.915038970775485
4241 0.951356133446078 0.121278191895108 0.951356133446078
4242 0.951356133446078 0.121278191895108 0.975678066723039
4243 0.951356133446078 0.121278191895108 1
4244 0.951356133446078 0.172050499654874 0
4245 0.951356133446078 0.172050499654874 0.0486438665539222
4246 0.951356133446078 0.172050499654874 0.121278191895108
4247 0.951356133446078 0.172050499654874 0.22282280741464
4248 0.951356133446078 0.172050499654874 0.352449403339098
4249 0.951356133446078 0.172050499654874 0.5
4250 0.951356133446078 0.172050499654874 0.647550596660902
4251 0.951356133446078 0.172050499654874 0.77717719258536
4252 0.951356133446078 0.172050499654874 0.878721808104892
4253 0.951356133446078 0.172050499654874 0.951356133446078
4254 0.951356133446078 0.172050499654874 1
4255 0.951356133446078 0.22282280741464 0
4256 0.951356133446078 0.22282280741464 0.0243219332769611
4257 0.951356133446078 0.22282280741464 0.0486438665539222
4258 0.951356133446078 0.22282280741464 0.0849610292245153
4259 0.951356133446078 0.22282280741464 0.121278191895108
4260 0.951356133446078 0.22282280741464 0.172050499654874
4261 0.951356133446078 0.22282280741464 0.22282280741464
4262 0.951356133446078 0.22282280741464 0.287636105376869
4263 0.951356133446078 0.22282280741464 0.352449403339098
4264 0.951356133446078 0.22282280741464 0.426224701669549
4265 0.951356133446078 0.22282280741464 0.5
4266 0.951356133446078 0.22282280741464 0.573775298330451
4267 0.951356133446078 0.22282280741464 0.647550596660902
4268 0.951356133446078 0.22282280741464 0.712363894623131
4269 0.951356133446078 0.22282280741464 0.77717719258536
4270 0.951356133446078 0.22282280741464 0.827949500345126
4271 0.951356133446078 0.22282280741464 0.878721808104892
4272 0.951356133446078 0.22282280741464 0.915038970775485
4273 0.951356133446078 0.22282280741464 0.951356133446078
4274 0.951356133446078 0.22282280741464 0.975678066723039
4275 0.951356133446078 0.22282280741464 1
4276 0.951356133446078 0.287636105376869 0
4277 0.951356133446078 0.287636105376869 0.0486438665539222
4278 0.951356133446078 0.287636105376869 0.121278191895108
4279 0.951356133446078 0.287636105376869 0.22282280741464
4280 0.951356133446078 0.287636105376869 0.352449403339098
4281 0.951356133446078 0.287636105376869 0.5
4282 0.951356133446078 0.287636105376869 0.647550596660902
4283 0.951356133446078 0.287636105376869 0.77717719258536
4284 0.951356133446078 0.287636105376869 0.878721808104892
4285 0.951356133446078 0.287636105376869 0.951356133446078
4286 0.951356133446078 0.287636105376869 1
4287 0.951356133446078 0.352449403339098 0
4288 0.951356133446078 0.352449403339098 0.0243219332769611
4289 0.951356133446078 0.352449403339098 0.0486438665539222
4290 0.951356133446078 0.352449403339098 0.0849610292245153
4291 0.951356133446078 0.352449403339098 0.121278191895108
4292 0.951356133446078 0.352449403339098 0.172050499654874
4293 0.951356133446078 0.352449403339098 0.22282280741464
4294 0.951356133446078 0.352449403339098 0.287636105376869
4295 0.951356133446078 0.352449403339098 0.352449403339098
4296 0.951356133446078 0.352449403339098 0.426224701669549
4297 0.951356133446078 0.352449403339098 0.5
4298 0.951356133446078 0.352449403339098 0.573775298330451
4299 0.951356133446078 0.352449403339098 0.647550596660902
4300 0.951356133446078 0.352449403339098 0.712363894623131
4301 0.951356133446078 0.352449403339098 0.77717719258536
4302 0.951356133446078 0.352449403339098 0.827949500345126
4303 0.951356133446078 0.352449403339098 0.878721808104892
4304 0.951356133446078 0.352449403339098 0.915038970775485
4305 0.951356133446078 0.352449403339098 0.951356133446078
4306 0.951356133446078 0.352449403339098 0.975678066723039
4307 0.951356133446078 0.352449403339098 1
4308 0.951356133446078 0.426224701669549 0
4309 0.951356133446078 0.426224701669549 0.0486438665539222
4310 0.951356133446078 0.426224701669549 0.121278191895108
4311 0.951356133446078 0.426224701669549 0.22282280741464
4312 0.951356133446078 0.426224701669549 0.352449403339098
4313 0.951356133446078 0.426224701669549 0.5
4314 0.951356133446078 0.426224701669549 0.647550596660902
4315 0.951356133446078 0.426224701669549 0.77717719258536
4316 0.951356133446078 0.426224701669549 0.878721808104892
4317 0.951356133446078 0.426224701669549 0.951356133446078
4318 0.951356133446078 0.426224701669549 1
4319 0.951356133446078 0.5 0
4320 0.951356133446078 0.5 0.0243219332769611
4321 0.951356133446078 0.5 0.0486438665539222
4322 0.951356133446078 0.5 0.0849610292245153
4323 0.951356133446078 0.5 0.121278191895108
4324 0.951356133446078 0.5 0.172050499654874
4325 0.951356133446078 0.5 0.22282280741464
4326 0.951356133446078 0.5 0.287636105376869
4327 0.951356133446078 0.5 0.352449403339098
4328 0.951356133446078 0.5 0.426224701669549
4329 0.951356133446078 0.5 0.5
4330 0.951356133446078 0.5 0.573775298330451
4331 0.951356133446078 0.5 0.647550596660902
4332 0.951356133446078 0.5 0.712363894623131
4333 0.951356133446078 0.5 0.77717719258536
4334 0.951356133446078 0.5 0.827949500345126
4335 0.951356133446078 0.5 0.878721808104892
4336 0.951356133446078 0.5 0.915038970775485
4337 0.951356133446078 0.5 0.951356133446078
4338 0.951356133446078 0.5 0.975678066723039
4339 0.951356133446078 0.5 1
4340 0.951356133446078 0.573775298330451 0
4341 0.951356133446078 0.573775298330451 0.0486438665539222
4342 0.951356133446078 0.573775298330451 0.121278191895108
4343 0.951356133446078 0.573775298330451 0.22282280741464
4344 0.951356133446078 0.573775298330451 0.352449403339098
4345 0.951356133446078 0.573775298330451 0.5
4346 0.951356133446078 0.573775298330451 0.647550596660902
4347 0.951356133446078 0.573775298330451 0.77717719258536
4348 0.951356133446078 0.573775298330451 0.878721808104892
4349 0.951356133446078 0.573775298330451 0.951356133446078
4350 0.951356133446078 0.573775298330451 1
4351 0.951356133446078 0.647550596660902 0
4352 0.951356133446078 0.647550596660902 0.0243219332769611
4353 0.951356133446078 0.647550596660902 0.0486438665539222
4354 0.951356133446078 0.647550596660902 0.0849610292245153
4355 0.951356133446078 0.647550596660902 0.121278191895108
4356 0.951356133446078 0.647550596660902 0.172050499654874
4357 0.951356133446078 0.647550596660902 0.22282280741464
4358 0.951356133446078 0.647550596660902 0.287636105376869
4359 0.951356133446078 0.647550596660902 0.352449403339098
4360 0.951356133446078 0.647550596660902 0.426224701669549
4361 0.951356133446078 0.647550596660902 0.5
4362 0.951356133446078 0.647550596660902 0.573775298330451
4363 0.951356133446078 0.647550596660902 0.647550596660902
4364 0.951356133446078 0.647550596660902 0.712363894623131
4365 0.951356133446078 0.647550596660902 0.77717719258536
4366 0.951356133446078 0.647550596660902 0.827949500345126
4367 0.951356133446078 0.647550596660902 0.878721808104892
4368 0.951356133446078 0.647550596660902 0.915038970775485
4369 0.951356133446078 0.647550596660902 0.951356133446078
4370 0.951356133446078 0.647550596660902 0.975678066723039
4371 0.951356133446078 0.647550596660902 1
4372 0.951356133446078 0.712363894623131 0
4373 0.951356133446078 0.712363894623131 0.0486438665539222
4374 0.951356133446078 0.712363894623131 0.121278191895108
4375 0.951356133446078 0.712363894623131 0.22282280741464
4376 0.951356133446078 0.712363894623131 0.352449403339098
4377 0.951356133446078 0.712363894623131 0.5
4378 0.951356133446078 0.712363894623131 0.647550596660902
4379 0.951356133446078 0.712363894623131 0.77717719258536
4380 0.951356133446078 0.712363894623131 0.878721808104892
4381 0.951356133446078 0.712363894623131 0.951356133446078
4382 0.951356133446078 0.712363894623131 1
4383 0.951356133446078 0.77717719258536 0
4384 0.951356133446078 0.77717719258536 0.0243219332769611
4385 0.951356133446078 0.77717719258536 0.0486438665539222
4386 0.951356133446078 0.77717719258536 0.0849610292245153
4387 0.951356133446078 0.77717719258536 0.121278191895108
4388 0.951356133446078 0.77717719258536 0.172050499654874
4389 0.951356133446078 0.77717719258536 0.22282280741464
4390 0.951356133446078 0.77717719258536 0.287636105376869
4391 0.951356133446078 0.77717719258536 0.352449403339098
4392 0.951356133446078 0.77717719258536 0.426224701669549
4393 0.951356133446078 0.77717719258536 0.5
4394 0.951356133446078 0.77717719258536 0.573775298330451
4395 0.951356133446078 0.77717719258536 0.647550596660902
4396 0.951356133446078 0.77717719258536 0.712363894623131
4397 0.951356133446078 0.77717719258536 0.77717719258536
4398 0.951356133446078 0.77717719258536 0.827949500345126
4399 0.951356133446078 0.77717719258536 0.878721808104892
4400 0.951356133446078 0.77717719258536 0.915038970775485
4401 0.951356133446078 0.77717719258536 0.951356133446078
4402 0.951356133446078 0.77717719258536 0.975678066723039
4403 0.951356133446078 0.77717719258536 1
4404 0.951356133446078 0.827949500345126 0
4405 0.951356133446078 0.827949500345126 0.0486438665539222
4406 0.951356133446078 0.827949500345126 0.121278191895108
4407 0.951356133446078 0.827949500345126 0.22282280741464
4408 0.951356133446078 0.827949500345126 0.352449403339098
4409 0.951356133446078 0.827949500345126 0.5
4410 0.951356133446078 0.827949500345126 0.647550596660902
4411 0.951356133446078 0.827949500345126 0.77717719258536
4412 0.951356133446078 0.827949500345126 0.878721808104892
4413 0.951356133446078 0.827949500345126 0.951356133446078
4414 0.951356133446078 0.827949500345126 1
4415 0.951356133446078 0.878721808104892 0
4416 0.951356133446078 0.878721808104892 0.0243219332769611
4417 0.951356133446078 0.878721808104892 0.0486438665539222
4418 0.951356133446078 0.878721808104892 0.0849610292245153
4419 0.951356133446078 0.878721808104892 0.121278191895108
4420 0.951356133446078 0.878721808104892 0.172050499654874
4421 0.951356133446078 0.878721808104892 0.22282280741464
4422 0.951356133446078 0.878721808104892 0.287636105376869
4423 0.951356133446078 0.878721808104892 0.352449403339098
4424 0.951356133446078 0.878721808104892 0.426224701669549
4425 0.951356133446078 0.878721808104892 0.5
4426 0.951356133446078 0.878721808104892 0.573775298330451
4427 0.951356133446078 0.878721808104892 0.647550596660902
4428 0.951356133446078 0.878721808104892 0.712363894623131
4429 0.951356133446078 0.878721808104892 0.77717719258536
4430 0.951356133446078 0.878721808104892 0.827949500345126
4431 0.951356133446078 0.878721808104892 0.878721808104892
4432 0.951356133446078 0.878721808104892 0.915038970775485
4433 0.951356133446078 0.878721808104892 0.951356133446078
4434 0.951356133446078 0.878721808104892 0.975678066723039
4435 0.951356133446078 0.878721808104892 1
4436 0.951356133446078 0.915038970775485 0
4437 0.951356133446078 0.915038970775485 0.0486438665539222
4438 0.951356133446078 0.915038970775485 0.121278191895108
4439 0.951356133446078 0.915038970775485 0.22282280741464
4440 0.951356133446078 0.915038970775485 0.352449403339098
4441 0.951356133446078 0.915038970775485 0.5
4442 0.951356133446078 0.915038970775485 0.647550596660902
4443 0.951356133446078 0.915038970775485 0.77717719258536
4444 0.951356133446078 0.915038970775485 0.878721808104892
4445 0.951356133446078 0.915038970775485 0.951356133446078
4446 0.951356133446078 0.915038970775485 1
4447 0.951356133446078 0.951356133446078 0
4448 0.951356133446078 0.951356133446078 0.0243219332769611
4449 0.951356133446078 0.951356133446078 0.0486438665539222
4450 0.951356133446078 0.951356133446078 0.0849610292245153
4451 0.951356133446078 0.951356133446078 0.121278191895108
4452 0.951356133446078 0.951356133446078 0.172050499654874
4453 0.951356133446078 0.951356133446078 0.22282280741464
4454 0.951356133446078 0.951356133446078 0.287636105376869
4455 0.951356133446078 0.951356133446078 0.352449403339098
4456 0.951356133446078 0.951356133446078 0.426224701669549
4457 0.951356133446078 0.951356133446078 0.5
4458 0.951356133446078 0.951356133446078 0.573775298330451
4459 0.951356133446078 0.951356133446078 0.647550596660902
4460 0.951356133446078 0.951356133446078 0.712363894623131
4461 0.951356133446078 0.951356133446078 0.77717719258536
4462 0.951356133446078 0.951356133446078 0.827949500345126
4463 0.951356133446078 0.951356133446078 0.878721808104892
4464 0.951356133446078 0.951356133446078 0.915038970775485
4465 0.951356133446078 0.951356133446078 0.951356133446078
4466 0.951356133446078 0.951356133446078 0.975678066723039
4467 0.951356133446078 0.951356133446078 1
4468 0.951356133446078 0.975678066723039 0
4469 0.951356133446078 0.975678066723039 0.0486438665539222
4470 0.951356133446078 0.975678066723039 0.121278191895108
4471 0.951356133446078 0.975678066723039 0.22282280741464
4472 0.951356133446078 0.975678066723039 0.352449403339098
4473 0.951356133446078 0.975678066723039 0.5
4474 0.951356133446078 0.975678066723039 0.647550596660902
4475 0.951356133446078 0.975678066723039 0.77717719258536
4476 0.951356133446078 0.975678066723039 0.878721808104892
4477 0.951356133446078 0.975678066723039 0.951356133446078
4478 0.951356133446078 0.975678066723039 1
4479 0.951356133446078 1 0
4480 0.951356133446078 1 0.0243219332769611
4481 0.951356133446078 1 0.0486438665539222
4482 0.951356133446078 1 0.0849610292245153
4483 0.951356133446078 1 0.121278191895108
4484 0.951356133446078 1 0.172050499654874
4485 0.951356133446078 1 0.22282280741464
4486 0.951356133446078 1 0.287636105376869
4487 0.951356133446078 1 0.352449403339098
4488 0.951356133446078 1 0.426224701669549
4489 0.951356133446078 1 0.5
4490 0.951356133446078 1 0.573775298330451
4491 0.951356133446078 1 0.647550596660902
4492 0.951356133446078 1 0.712363894623131
4493 0.951356133446078 1 0.77717719258536
4494 0.951356133446078 1 0.827949500345126
4495 0.951356133446078 1 0.878721808104892
4496 0.951356133446078 1 0.915038970775485
4497 0.951356133446078 1 0.951356133446078
4498 0.951356133446078 1 0.975678066723039
4499 0.951356133446078 1 1
4500 0.975678066723039 0 0
4501 0.975678066723039 0 0.0486438665539222
4502 0.975678066723039 0 0.121278191895108
4503 0.975678066723039 0 0.22282280741464
4504 0.975678066723039 0 0.352449403339098
4505 0.975678066723039 0 0.5
4506 0.975678066723039 0 0.647550596660902
4507 0.975678066723039 0 0.77717719258536
4508 0.975678066723039 0 0.878721808104892
4509 0.975678066723039 0 0.951356133446078
4510 0.975678066723039 0 1
4511 0.975678066723039 0.0486438665539222 0
4512 0.975678066723039 0.0486438665539222 0.0486438665539222
4513 0.975678066723039 0.0486438665539222 0.121278191895108
4514 0.975678066723039 0.0486438665539222 0.22282280741464
4515 0.975678066723039 0.0486438665539222 0.352449403339098
4516 0.975678066723039 0.0486438665539222 0.5
4517 0.975678066723039 0.0486438665539222 0.647550596660902
4518 0.975678066723039 0.0486438665539222 0.77717719258536
4519 0.975678066723039 0.0486438665539222 0.878721808104892
4520 0.975678066723039 0.0486438665539222 0.951356133446078
4521 0.975678066723039 0.0486438665539222 1
4522 0.975678066723039 0.121278191895108 0
4523 0.975678066723039 0.121278191895108 0.0486438665539222
4524 0.975678066723039 0.121278191895108 0.121278191895108
4525 0.975678066723039 0.121278191895108 0.22282280741464
4526 0.975678066723039 0.121278191895108 0.352449403339098
4527 0.975678066723039 0.121278191895108 0.5
4528 0.975678066723039 0.121278191895108 0.647550596660902
4529 0.975678066723039 0.121278191895108 0.77717719258536
4530 0.975678066723039 0.121278191895108 0.878721808104892
4531 0.975678066723039 0.121278191895108 0.951356133446078
4532 0.975678066723039 0.121278191895108 1
4533 0.975678066723039 0.22282280741464 0
4534 0.975678066723039 0.22282280741464 0.0486438665539222
4535 0.975678066723039 0.22282280741464 0.121278191895108
4536 0.975678066723039 0.22282280741464 0.22282280741464
4537 0.975678066723039 0.22282280741464 0.352449403339098
4538 0.975678066723039 0.22282280741464 0.5
4539 0.975678066723039 0.22282280741464 0.647550596660902
4540 0.975678066723039 0.22282280741464 0.77717719258536
4541 0.975678066723039 0.22282280741464 0.878721808104892
4542 0.975678066723039 0.22282280741464 0.951356133446078
4543 0.975678066723039 0.22282280741464 1
4544 0.975678066723039 0.352449403339098 0
4545 0.975678066723039 0.352449403339098 0.0486438665539222
4546 0.975678066723039 0.352449403339098 0.121278191895108
4547 0.975678066723039 0.352449403339098 0.22282280741464
4548 0.975678066723039 0.352449403339098 0.352449403339098
4549 0.975678066723039 0.352449403339098 0.5
4550 0.975678066723039 0.352449403339098 0.647550596660902
4551 0.975678066723039 0.352449403339098 0.77717719258536
4552 0.975678066723039 0.352449403339098 0.878721808104892
4553 0.975678066723039 0.352449403339098 0.951356133446078
4554 0.975678066723039 0.352449403339098 1
4555 0.975678066723039 0.5 0
4556 0.975678066723039 0.5 0.0486438665539222
4557 0.975678066723039 0.5 0.121278191895108
4558 0.975678066723039 0.5 0.22282280741464
4559 0.975678066723039 0.5 0.352449403339098
4560 0.975678066723039 0.5 0.5
4561 0.975678066723039 0.5 0.647550596660902
4562 0.975678066723039 0.5 0.77717719258536
4563 0.975678066723039 0.5 0.878721808104892
4564 0.975678066723039 0.5 0.951356133446078
4565 0.975678066723039 0.5 1
4566 0.975678066723039 0.647550596660902 0
4567 0.975678066723039 0.647550596660902 0.0486438665539222
4568 0.975678066723039 0.647550596660902 0.121278191895108
4569 0.975678066723039 0.647550596660902 0.22282280741464
4570 0.975678066723039 0.647550596660902 0.352449403339098
4571 0.975678066723039 0.647550596660902 0.5
4572 0.975678066723039 0.647550596660902 0.647550596660902
4573 0.975678066723039 0.647550596660902 0.77717719258536
4574 0.975678066723039 0.647550596660902 0.878721808104892
4575 0.975678066723039 0.647550596660902 0.951356133446078
4576 0.975678066723039 0.647550596660902 1
4577 0.975678066723039 0.77717719258536 0
4578 0.975678066723039 0.77717719258536 0.0486438665539222
4579 0.975678066723039 0.77717719258536 0.121278191895108
4580 0.975678066723039 0.77717719258536 0.22282280741464
4581 0.975678066723039 0.77717719258536 0.352449403339098
4582 0.975678066723039 0.77717719258536 0.5
4583 0.975678066723039 0.77717719258536 0.647550596660902
4584 0.975678066723039 0.77717719258536 0.77717719258536
4585 0.975678066723039 0.77717719258536 0.878721808104892
4586 0.975678066723039 0.77717719258536 0.951356133446078
4587 0.975678066723039 0.77717719258536 1
4588 0.975678066723039 0.878721808104892 0
4589 0.975678066723039 0.878721808104892 0.0486438665539222
4590 0.975678066723039 0.878721808104892 0.121278191895108
4591 0.975678066723039 0.878721808104892 0.22282280741464
4592 0.975678066723039 0.878721808104892 0.352449403339098
4593 0.975678066723039 0.878721808104892 0.5
4594 0.975678066723039 0.878721808104892 0.647550596660902
4595 0.975678066723039 0.878721808104892 0.77717719258536
4596 0.975678066723039 0.878721808104892 0.878721808104892
4597 0.975678066723039 0.878721808104892 0.951356133446078
4598 0.975678066723039 0.878721808104892 1
4599 0.975678066723039 0.951356133446078 0
4600 0.975678066723039 0.951356133446078 0.0486438665539222
4601 0.975678066723039 0.951356133446078 0.121278191895108
4602 0.975678066723039 0.951356133446078 0.22282280741464
4603 0.975678066723039 0.951356133446078 0.352449403339098
4604 0.975678066723039 0.951356133446078 0.5
4605 0.975678066723039 0.951356133446078 0.647550596660902
4606 0.975678066723039 0.951356133446078 0.77717719258536
4607 0.975678066723039 0.951356133446078 0.878721808104892
4608 0.975678066723039 0.951356133446078 0.951356133446078
4609 0.975678066723039 0.951356133446078 1
4610 0.975678066723039 1 0
4611 0.975678066723039 1 0.0486438665539222
4612 0.975678066723039 1 0.121278191895108
4613 0.975678066723039 1 0.22282280741464
4614 0.975678066723039 1 0.352449403339098
4615 0.975678066723039 1 0.5
4616 0.975678066723039 1 0.647550596660902
4617 0.975678066723039 1 0.77717719258536
4618 0.975678066723039 1 0.878721808104892
4619 0.975678066723039 1 0.951356133446078
4620 0.975678066723039 1 1
4621 1 0 0
4622 1 0 0.0243219332769611
4623 1 0 0.0486438665539222
4624 1 0 0.0849610292245153
4625 1 0 0.121278191895108
4626 1 0 0.172050499654874
4627 1 0 0.22282280741464
4628 1 0 0.287636105376869
4629 1 0 0.352449403339098
4630 1 0 0.426224701669549
4631 1 0 0.5
4632 1 0 0.573775298330451
4633 1 0 0.647550596660902
4634 1 0 0.712363894623131
4635 1 0 0.77717719258536
4636 1 0 0.827949500345126
4637 1 0 0.878721808104892
4638 1 0 0.915038970775485
4639 1 0 0.951356133446078
4640 1 0 0.975678066723039
4641 1 0 1
4642 1 0.0243219332769611 0
4643 1 0.0243219332769611 0.0486438665539222
4644 1 0.0243219332769611 0.121278191895108
4645 1 0.0243219332769611 0.22282280741464
4646 1 0.0243219332769611 0.352449403339098
4647 1 0.0243219332769611 0.5
4648 1 0.0243219332769611 0.647550596660902
4649 1 0.0243219332769611 0.77717719258536
4650 1 0.0243219332769611 0.878721808104892
4651 1 0.0243219332769611 0.951356133446078
4652 1 0.0243219332769611 1
4653 1 0.0486438665539222 0
4654 1 0.0486438665539222 0.0243219332769611
4655 1 0.0486438665539222 0.0486438665539222
4656 1 0.0486438665539222 0.0849610292245153
4657 1 0.0486438665539222 0.121278191895108
4658 1 0.0486438665539222 0.172050499654874
4659 1 0.0486438665539222 0.22282280741464
4660 1 0.0486438665539222 0.287636105376869
4661 1 0.0486438665539222 0.352449403339098
4662 1 0.0486438665539222 0.426224701669549
4663 1 0.0486438665539222 0.5
4664 1 0.0486438665539222 0.573775298330451
4665 1 0.0486438665539222 0.647550596660902
4666 1 0.0486438665539222 0.712363894623131
4667 1 0.0486438665539222 0.77717719258536
4668 1 0.0486438665539222 0.827949500345126
4669 1 0.0486438665539222 0.878721808104892
4670 1 0.0486438665539222 0.915038970775485
4671 1 0.0486438665539222 0.951356133446078
4672 1 0.0486438665539222 0.975678066723039
4673 1 0.0486438665539222 1
4674 1 0.0849610292245153 0
4675 1 0.0849610292245153 0.0486438665539222
4676 1 0.0849610292245153 0.121278191895108
4677 1 0.0849610292245153 0.22282280741464
4678 1 0.0849610292245153 0.352449403339098
4679 1 0.0849610292245153 0.5
4680 1 0.0849610292245153 0.647550596660902
4681 1 0.0849610292245153 0.77717719258536
4682 1 0.0849610292245153 0.878721808104892
4683 1 0.0849610292245153 0.951356133446078
4684 1 0.0849610292245153 1
4685 1 0.121278191895108 0
4686 1 0.121278191895108 0.0243219332769611
4687 1 0.121278191895108 0.0486438665539222
4688 1 0.121278191895108 0.0849610292245153
4689 1 0.121278191895108 0.121278191895108
4690 1 0.121278191895108 0.172050499654874
4691 1 0.121278191895108 0.22282280741464
4692 1 0.121278191895108 0.287636105376869
4693 1 0.121278191895108 0.352449403339098
4694 1 0.121278191895108 0.426224701669549
4695 1 0.121278191895108 0.5
4696 1 0.121278191895108 0.573775298330451
4697 1 0.121278191895108 0.647550596660902
4698 1 0.121278191895108 0.712363894623131
4699 1 0.121278191895108 0.77717719258536
4700 1 0.121278191895108 0.827949500345126
4701 1 0.121278191895108 0.878721808104892
4702 1 0.121278191895108 0.915038970775485
4703 1 0.121278191895108 0.951356133446078
4704 1 0.121278191895108 0.975678066723039
4705 1 0.121278191895108 1
4706 1 0.172050499654874 0
4707 1 0.172050499654874 0.0486438665539222
4708 1 0.172050499654874 0.121278191895108
4709 1 0.172050499654874 0.22282280741464
4710 1 0.172050499654874 0.352449403339098
4711 1 0.172050499654874 0.5
4712 1 0.172050499654874 0.647550596660902
4713 1 0.172050499654874 0.77717719258536
4714 1 0.172050499654874 0.878721808104892
4715 1 0.172050499654874 0.951356133446078
4716 1 0.172050499654874 1
4717 1 0.22282280741464 0
4718 1 0.22282280741464 0.0243219332769611
4719 1 0.22282280741464 0.0486438665539222
4720 1 0.22282280741464 0.0849610292245153
4721 1 0.22282280741464 0.121278191895108
4722 1 0.22282280741464 0.172050499654874
4723 1 0.22282280741464 0.22282280741464
4724 1 0.22282280741464 0.287636105376869
4725 1 0.22282280741464 0.352449403339098
4726 1 0.22282280741464 0.426224701669549
4727 1 0.22282280741464 0.5
4728 1 0.22282280741464 0.573775298330451
4729 1 0.22282280741464 0.647550596660902
4730 1 0.22282280741464 0.712363894623131
4731 1 0.22282280741464 0.77717719258536
4732 1 0.22282280741464 0.827949500345126
4733 1 0.22282280741464 0.878721808104892
4734 1 0.22282280741464 0.915038970775485
4735 1 0.22282280741464 0.951356133446078
4736 1 0.22282280741464 0.975678066723039
4737 1 0.22282280741464 1
4738 1 0.287636105376869 0
4739 1 0.287636105376869 0.0486438665539222
4740 1 0.287636105376869 0.121278191895108
4741 1 0.287636105376869 0.22282280741464
4742 1 0.287636105376869 0.352449403339098
4743 1 0.287636105376869 0.5
4744 1 0.287636105376869 0.647550596660902
4745 1 0.287636105376869 0.77717719258536
4746 1 0.287636105376869 0.878721808104892
4747 1 0.287636105376869 0.951356133446078
4748 1 0.287636105376869 1
4749 1 0.352449403339098 0
4750 1 0.352449403339098 0.0243219332769611
4751 1 0.352449403339098 0.0486438665539222
4752 1 0.352449403339098 0.0849610292245153
4753 1 0.352449403339098 0.121278191895108
4754 1 0.352449403339098 0.172050499654874
4755 1 0.352449403339098 0.22282280741464
4756 1 0.352449403339098 0.287636105376869
4757 1 0.352449403339098 0.352449403339098
4758 1 0.352449403339098 0.426224701669549
4759 1 0.352449403339098 0.5
4760 1 0.352449403339098 0.573775298330451
4761 1 0.352449403339098 0.647550596660902
4762 1 0.352449403339098 0.712363894623131
4763 1 0.352449403339098 0.77717719258536
4764 1 0.352449403339098 0.827949500345126
4765 1 0.352449403339098 0.878721808104892
4766 1 0.352449403339098 0.915038970775485
4767 1 0.352449403339098 0.951356133446078
4768 1 0.352449403339098 0.975678066723039
4769 1 0.352449403339098 1
4770 1 0.426224701669549 0
4771 1 0.426224701669549 0.0486438665539222
4772 1 0.426224701669549 0.121278191895108
4773 1 0.426224701669549 0.22282280741464
4774 1 0.426224701669549 0.352449403339098
4775 1 0.426224701669549 0.5
4776 1 0.426224701669549 0.647550596660902
4777 1 0.426224701669549 0.77717719258536
4778 1 0.426224701669549 0.878721808104892
4779 1 0.426224701669549 0.951356133446078
4780 1 0.426224701669549 1
4781 1 0.5 0
4782 1 0.5 0.0243219332769611
4783 1 0.5 0.0486438665539222
4784 1 0.5 0.0849610292245153
4785 1 0.5 0.121278191895108
4786 1 0.5 0.172050499654874
4787 1 0.5 0.22282280741464
4788 1 0.5 0.287636105376869
4789 1 0.5 0.352449403339098
4790 1 0.5 0.426224701669549
4791 1 0.5 0.5
4792 1 0.5 0.573775298330451
4793 1 0.5 0.647550596660902
4794 1 0.5 0.712363894623131
4795 1 0.5 0.77717719258536
4796 1 0.5 0.827949500345126
4797 1 0.5 0.878721808104892
4798 1 0.5 0.915038970775485
4799 1 0.5 0.951356133446078
4800 1 0.5 0.975678066723039
4801 1 0.5 1
4802 1 0.573775298330451 0
4803 1 0.573775298330451 0.0486438665539222
4804 1 0.573775298330451 0.121278191895108
4805 1 0.573775298330451 0.22282280741464
4806 1 0.573775298330451 0.352449403339098
4807 1 0.573775298330451 0.5
4808 1 0.573775298330451 0.647550596660902
4809 1 0.573775298330451 0.77717719258536
4810 1 0.573775298330451 0.878721808104892
4811 1 0.573775298330451 0.951356133446078
4812 1 0.573775298330451 1
4813 1 0.647550596660902 0
4814 1 0.647550596660902 0.0243219332769611
4815 1 0.647550596660902 0.0486438665539222
4816 1 0.647550596660902 0.0849610292245153
4817 1 0.647550596660902 0.121278191895108
4818 1 0.647550596660902 0.172050499654874
4819 1 0.647550596660902 0.22282280741464
4820 1 0.647550596660902 0.287636105376869
4821 1 0.647550596660902 0.352449403339098
4822 1 0.647550596660902 0.426224701669549
4823 1 0.647550596660902 0.5
4824 1 0.647550596660902 0.573775298330451
4825 1 0.647550596660902 0.647550596660902
4826 1 0.647550596660902 0.712363894623131
4827 1 0.647550596660902 0.77717719258536
4828 1 0.647550596660902 0.827949500345126
4829 1 0.647550596660902 0.878721808104892
4830 1 0.647550596660902 0.915038970775485
4831 1 0.647550596660902 0.951356133446078
4832 1 0.647550596660902 0.975678066723039
4833 1 0.647550596660902 1
4834 1 0.712363894623131 0
4835 1 0.712363894623131 0.0486438665539222
4836 1 0.712363894623131 0.121278191895108
4837 1 0.712363894623131 0.22282280741464
4838 1 0.712363894623131 0.352449403339098
4839 1 0.712363894623131 0.5
4840 1 0.712363894623131 0.647550596660902
4841 1 0.712363894623131 0.77717719258536
4842 1 0.712363894623131 0.878721808104892
4843 1 0.712363894623131 0.951356133446078
4844 1 0.712363894623131 1
4845 1 0.77717719258536 0
4846 1 0.77717719258536 0.0243219332769611
4847 1 0.77717719258536 0.0486438665539222
4848 1 0.77717719258536 0.0849610292245153
4849 1 0.77717719258536 0.121278191895108
4850 1 0.77717719258536 0.172050499654874
4851 1 0.77717719258536 0.22282280741464
4852 1 0.77717719258536 0.287636105376869
4853 1 0.77717719258536 0.352449403339098
4854 1 0.77717719258536 0.426224701669549
4855 1 0.77717719258536 0.5
4856 1 0.77717719258536 0.573775298330451
4857 1 0.77717719258536 0.647550596660902
4858 1 0.77717719258536 0.712363894623131
4859 1 0.77717719258536 0.77717719258536
4860 1 0.77717719258536 0.827949500345126
4861 1 0.77717719258536 0.878721808104892
4862 1 0.77717719258536 0.915038970775485
4863 1 0.77717719258536 0.951356133446078
4864 1 0.77717719258536 0.975678066723039
4865 1 0.77717719258536 1
4866 1 0.827949500345126 0
4867 1 0.827949500345126 0.0486438665539222
4868 1 0.827949500345126 0.121278191895108
4869 1 0.827949500345126 0.22282280741464
4870 1 0.827949500345126 0.352449403339098
4871 1 0.827949500345126 0.5
4872 1 0.827949500345126 0.647550596660902
4873 1 0.827949500345126 0.77717719258536
4874 1 0.827949500345126 0.878721808104892
4875 1 0.827949500345126 0.951356133446078
4876 1 0.827949500345126 1
4877 1 0.878721808104892 0
4878 1 0.878721808104892 0.0243219332769611
4879 1 0.878721808104892 0.0486438665539222
4880 1 0.878721808104892 0.0849610292245153
4881 1 0.878721808104892 0.121278191895108
4882 1 0.878721808104892 0.172050499654874
4883 1 0.878721808104892 0.22282280741464
4884 1 0.878721808104892 0.287636105376869
4885 1 0.878721808104892 0.352449403339098
4886 1 0.878721808104892 0.426224701669549
4887 1 0.878721808104892 0.5
4888 1 0.878721808104892 0.573775298330451
4889 1 0.878721808104892 0.647550596660902
4890 1 0.878721808104892 0.712363894623131
4891 1 0.878721808104892 0.77717719258536
4892 1 0.878721808104892 0.827949500345126
4893 1 0.878721808104892 0.878721808104892
4894 1 0.878721808104892 0.915038970775485
4895 1 0.878721808104892 0.951356133446078
4896 1 0.878721808104892 0.975678066723039
4897 1 0.878721808104892 1
4898 1 0.915038970775485 0
4899 1 0.915038970775485 0.0486438665539222
4900 1 0.915038970775485 0.121278191895108
4901 1 0.915038970775485 0.22282280741464
4902 1 0.915038970775485 0.352449403339098
4903 1 0.915038970775485 0.5
4904 1 0.915038970775485 0.647550596660902
4905 1 0.915038970775485 0.77717719258536
4906 1 0.915038970775485 0.878721808104892
4907 1 0.915038970775485 0.951356133446078
4908 1 0.915038970775485 1
4909 1 0.951356133446078 0
4910 1 0.951356133446078 0.0243219332769611
4911 1 0.951356133446078 0.0486438665539222
4912 1 0.951356133446078 0.0849610292245153
4913 1 0.951356133446078 0.121278191895108
4914 1 0.951356133446078 0.172050499654874
4915 1 0.951356133446078 0.22282280741464
4916 1 0.951356133446078 0.287636105376869
4917 1 0.951356133446078 0.352449403339098
4918 1 0.951356133446078 0.426224701669549
4919 1 0.951356133446078 0.5
4920 1 0.951356133446078 0.573775298330451
4921 1 0.951356133446078 0.647550596660902
4922 1 0.951356133446078 0.712363894623131
4923 1 0.951356133446078 0.77717719258536
4924 1 0.951356133446078 0.827949500345126
4925 1 0.951356133446078 0.878721808104892
4926 1 0.951356133446078 0.915038970775485
4927 1 0.951356133446078 0.951356133446078
4928 1 0.951356133446078 0.975678066723039
4929 1 0.951356133446078 1
4930 1 0.975678066723039 0
4931 1 0.975678066723039 0.0486438665539222
4932 1 0.975678066723039 0.121278191895108
4933 1 0.975678066723039 0.22282280741464
4934 1 0.975678066723039 0.352449403339098
4935 1 0.975678066723039 0.5
4936 1 0.975678066723039 0.647550596660902
4937 1 0.975678066723039 0.77717719258536
4938 1 0.975678066723039 0.878721808104892
4939 1 0.975678066723039 0.951356133446078
4940 1 0.975678066723039 1
4941 1 1 0
4942 1 1 0.0243219332769611
4943 1 1 0.0486438665539222
4944 1 1 0.0849610292245153
4945 1 1 0.121278191895108
4946 1 1 0.172050499654874
4947 1 1 0.22282280741464
4948 1 1 0.287636105376869
4949 1 1 0.352449403339098
4950 1 1 0.426224701669549
4951 1 1 0.5
4952 1 1 0.573775298330451
4953 1 1 0.647550596660902
4954 1 1 0.712363894623131
4955 1 1 0.77717719258536
4956 1 1 0.827949500345126
4957 1 1 0.878721808104892
4958 1 1 0.915038970775485
4959 1 1 0.951356133446078
4960 1 1 0.975678066723039
4961 1 1 1
$EndNodes
$Elements
1600
1 16 2 3 3 1 33 35 3 22 34 23 2
2 16 2 3 3 1 463 465 3 342 464 343 2
3 16 2 3 3 1 33 495 463 22 353 484 342
4 16 2 3 3 3 35 37 5 23 36 24 4
5 16 2 3 3 3 465 467 5 343 466 344 4
6 16 2 3 3 5 37 39 7 24 38 25 6
7 16 2 3 3 5 467 469 7 344 468 345 6
8 16 2 3 3 7 39 41 9 25 40 26 8
9 16 2 3 3 7 469 471 9 345 470 346 8
10 16 2 3 3 9 41 43 11 26 42 27 10
11 16 2 3 3 9 471 473 11 346 472 347 10
12 16 2 3 3 11 43 45 13 27 44 28 12
13 16 2 3 3 11 473 475 13 347 474 348 12
14 16 2 3 3 13 45 47 15 28 46 29 14
15 16 2 3 3 13 475 477 15 348 476 349 14
16 16 2 3 3 15 47 49 17 29 48 30 16
17 16 2 3 3 15 477 479 17 349 478 350 16
18 16 2 3 3 17 49 51 19 30 50 31 18
19 16 2 3 3 17 479 481 19 350 480 351 18
20 16 2 3 3 19 51 53 21 31 52 32 20
21 16 2 3 3 19 481 483 21 351 482 352 20
22 16 2 2 2 21 483 515 53 352 494 363 32
23 16 2 3 3 33 65 67 35 54 66 55 34
24 16 2 3 3 33 65 527 495 54 364 516 353
25 16 2 3 3 35 67 69 37 55 68 56 36
26 16 2 3 3 37 69 71 39 56 70 57 38
27 16 2 3 3 39 71 73 41 57 72 58 40
28 16 2 3 3 41 73 75 43 58 74 59 42
29 16 2 3 3 43 75 77 45 59 76 60 44
30 16 2 3 3 45 77 79 47 60 78 61 46
31 16 2 3 3 47 79 81 49 61 80 62 48
32 16 2 3 3 49 81 83 51 62 82 63 50
33 16 2 3 3 51 83 85 53 63 84 64 52
34 16 2 2 2 53 515 547 85 363 526 374 64
35 16 2 3 3 65 97 99 67 86 98 87 66
36 16 2 3 3 65 97 559 527 86 375 548 364
37 16 2 3 3 67 99 101 69 87 100 88 68
38 16 2 3 3 69 101 103 71 88 102 89 70
39 16 2 3 3 71 103 105 73 89 104 90 72
40 16 2 3 3 73 105 107 75 90 106 91 74
41 16 2 3 3 75 107 109 77 91 108 92 76
42 16 2 3 3 77 109 111 79 92 110 93 78
43 16 2 3 3 79 111 113 81 93 112 94 80
44 16 2 3 3 81 113 115 83 94 114 95 82
45 16 2 3 3 83 115 117 85 95 116 96 84
46 16 2 2 2 85 547 579 117 374 558 385 96
47 16 2 3 3 97 129 131 99 118 130 119 98
48 16 2 3 3 97 129 591 559 118 386 580 375
49 16 2 3 3 99 131 133 101 119 132 120 100
50 16 2 3 3 101 133 135 103 120 134 121 102
51 16 2 3 3 103 135 137 105 121 136 122 104
52 16 2 3 3 105 137 139 107 122 138 123 106
53 16 2 3 3 107 139 141 109 123 140 124 108
54 16 2 3 3 109 141 143 111 124 142 125 110
55 16 2 3 3 111 143 145 113 125 144 126 112
56 16 2 3 3 113 145 147 115 126 146 127 114
57 16 2 3 3 115 147 149 117 127 148 128 116
58 16 2 2 2 117 579 611 149 385 590 396 128
59 16 2 3 3 129 161 163 131 150 162 151 130
60 16 2 3 3 129 161 623 591 150 397 612 386
61 16 2 3 3 131 163 165 133 151 164 152 132
62 16 2 3 3 133 165 167 135 152 166 153 134
63 16 2 3 3 135 167 169 137 153 168 154 136
64 16 2 3 3 137 169 171 139 154 170 155 138
65 16 2 3 3 139 171 173 141 155 172 156 140
66 16 2 3 3 141 173 175 143 156 174 157 142
67 16 2 3 3 143 175 177 145 157 176 158 144
68 16 2 3 3 145 177 179 147 158 178 159 146
69 16 2 3 3 147 179 181 149 159 180 160 148
70 16 2 2 2 149 611 643 181 396 622 407 160
71 16 2 3 3 161 193 195 163 182 194 183 162
72 16 2 3 3 161 193 655 623 182 408 644 397
73 16 2 3 3 163 195 197 165 183 196 184 164
74 16 2 3 3 165 197 199 167 184 198 185 166
75 16 2 3 3 167 199 201 169 185 200 186 168
76 16 2 3 3 169 201 203 171 186 202 187 170
77 16 2 3 3 171 203 205 173 187 204 188 172
78 16 2 3 3 173 205 207 175 188 206 189 174
79 16 2 3 3 175 207 209 177 189 208 190 176
80 16 2 3 3 177 209 211 179 190 210 191 178
81 16 2 3 3 179 211 213 181 191 212 192 180
82 16 2 2 2 181 643 675 213 407 654 418 192
83 16 2 3 3 193 225 227 195 214 226 215 194
84 16 2 3 3 193 225 687 655 214 419 676 408
85 16 2 3 3 195 227 229 197 215 228 216 196
86 16 2 3 3 197 229 231 199 216 230 217 198
87 16 2 3 3 199 231 233 201 217 232 218 200
88 16 2 3 3 201 233 235 203 218 234 219 202
89 16 2 3 3 203 235 237 205 219 236 220 204
90 16 2 3 3 205 237 239 207 220 238 221 206
91 16 2 3 3 207 239 241 209 221 240 222 208
92 16 2 3 3 209 241 243 211 222 242 223 210
93 16 2 3 3 211 243 245 213 223 244 224 212
94 16 2 2 2 213 675 707 245 418 686 429 224
95 16 2 3 3 225 257 259 227 246 258 247 226
96 16 2 3 3 225 257 719 687 246 430 708 419
97 16 2 3 3 227 259 261 229 247 260 248 228
98 16 2 3 3 229 261 263 231 248 262 249 230
99 16 2 3 3 231 263 265 233 249 264 250 232
100 16 2 3 3 233 265 267 235 250 266 251 234
101 16 2 3 3 235 267 269 237 251 268 252 236
102 16 2 3 3 237 269 271 239 252 270 253 238
103 16 2 3 3 239 271 273 241 253 272 254 240
104 16 2 3 3 241 273 275 243 254 274 255 242
105 16 2 3 3 243 275 277 245 255 276 256 244
106 16 2 2 2 245 707 739 277 429 718 440 256
107 16 2 3 3 257 289 291 259 278 290 279 258
108 16 2 3 3 257 289 751 719 278 441 740 430
109 16 2 3 3 259 291 293 261 279 292 280 260
110 16 2 3 3 261 293 295 263 280 294 281 262
111 16 2 3 3 263 295 297 265 281 296 282 264
112 16 2 3 3 265 297 299 267 282 298 283 266
113 16 2 3 3 267 299 301 269 283 300 284 268
114 16 2 3 3 269 301 303 271 284 302 285 270
115 16 2 3 3 271 303 305 273 285 304 286 272
116 16 2 3 3 273 305 307 275 286 306 287 274
117 16 2 3 3 275 307 309 277 287 308 288 276
118 16 2 2 2 277 739 771 309 440 750 451 288
119 16 2 3 3 289 321 323 291 310 322 311 290
120 16 2 3 3 321 323 785 783 322 453 784 452
121 16 2 3 3 289 321 783 751 310 452 772 441
122 16 2 3 3 291 323 325 293 311 324 312 292
123 16 2 3 3 323 325 787 785 324 454 786 453
124 16 2 3 3 293 325 327 295 312 326 313 294
125 16 2 3 3 325 327 789 787 326 455 788 454
126 16 2 3 3 295 327 329 297 313 328 314 296
127 16 2 3 3 327 329 791 789 328 456 790 455
128 16 2 3 3 297 329 331 299 314 330 315 298
129 16 2 3 3 329 331 793 791 330 457 792 456
130 16 2 3 3 299 331 333 301 315 332 316 300
131 16 2 3 3 331 333 795 793 332 458 794 457
132 16 2 3 3 301 333 335 303 316 334 317 302
133 16 2 3 3 333 335 797 795 334 459 796 458
134 16 2 3 3 303 335 337 305 317 336 318 304
135 16 2 3 3 335 337 799 797 336 460 798 459
136 16 2 3 3 305 337 339 307 318 338 319 306
137 16 2 3 3 337 339 801 799 338 461 800 460
138 16 2 3 3 307 339 341 309 319 340 320 308
139 16 2 3 3 339 341 803 801 340 462 802 461
140 16 2 2 2 309 771 803 341 451 782 462 320
141 16 2 3 3 463 925 927 465 804 926 805 464
142 16 2 3 3 463 495 957 925 484 815 946 804
143 16 2 3 3 465 927 929 467 805 928 806 466
144 16 2 3 3 467 929 931 469 806 930 807 468
145 16 2 3 3 469 931 933 471 807 932 808 470
146 16 2 3 3 471 933 935 473 808 934 809 472
147 16 2 3 3 473 935 937 475 809 936 810 474
148 16 2 3 3 475 937 939 477 810 938 811 476
149 16 2 3 3 477 939 941 479 811 940 812 478
150 16 2 3 3 479 941 943 481 812 942 813 480
151 16 2 3 3 481 943 945 483 813 944 814 482
152 16 2 2 2 483 945 977 515 814 956 825 494
153 16 2 3 3 495 527 989 957 516 826 978 815
154 16 2 2 2 515 977 1009 547 825 988 836 526
155 16 2 3 3 527 559 1021 989 548 837 1010 826
156 16 2 2 2 547 1009 1041 579 836 1020 847 558
157 16 2 3 3 559 591 1053 1021 580 848 1042 837
158 16 2 2 2 579 1041 1073 611 847 1052 858 590
159 16 2 3 3 591 623 1085 1053 612 859 1074 848
160 16 2 2 2 611 1073 1105 643 858 1084 869 622
161 16 2 3 3 623 655 1117 1085 644 870 1106 859
162 16 2 2 2 643 1105 1137 675 869 1116 880 654
163 16 2 3 3 655 687 1149 1117 676 881 1138 870
164 16 2 2 2 675 1137 1169 707 880 1148 891 686
165 16 2 3 3 687 719 1181 1149 708 892 1170 881
166 16 2 2 2 707 1169 1201 739 891 1180 902 718
167 16 2 3 3 719 751 1213 1181 740 903 1202 892
168 16 2 2 2 739 1201 1233 771 902 1212 913 750
169 16 2 3 3 783 785 1247 1245 784 915 1246 914
170 16 2 3 3 751 783 1245 1213 772 914 1234 903
171 16 2 3 3 785 787 1249 1247 786 916 1248 915
172 16 2 3 3 787 789 1251 1249 788 917 1250 916
173 16 2 3 3 789 791 1253 1251 790 918 1252 917
174 16 2 3 3 791 793 1255 1253 792 919 1254 918
175 16 2 3 3 793 795 1257 1255 794 920 1256 919
176 16 2 3 3 795 797 1259 1257 796 921 1258 920
177 16 2 3 3 797 799 1261 1259 798 922 1260 921
178 16 2 3 3 799 801 1263 1261 800 923 1262 922
179 16 2 3 3 801 803 1265 1263 802 924 1264 923
180 16 2 2 2 771 1233 1265 803 913 1244 924 782
181 16 2 3 3 925 1387 1389 927 1266 1388 1267 926
182 16 2 3 3 925 957 1419 1387 946 1277 1408 1266
183 16 2 3 3 927 1389 1391 929 1267 1390 1268 928
184 16 2 3 3 929 1391 1393 931 1268 1392 1269 930
185 16 2 3 3 931 1393 1395 933 1269 1394 1270 932
186 16 2 3 3 933 1395 1397 935 1270 1396 1271 934
187 16 2 3 3 935 1397 1399 937 1271 1398 1272 936
188 16 2 3 3 937 1399 1401 939 1272 1400 1273 938
189 16 2 3 3 939 1401 1403 941 1273 1402 1274 940
190 16 2 3 3 941 1403 1405 943 1274 1404 1275 942
191 16 2 3 3 943 1405 1407 945 1275 1406 1276 944
192 16 2 2 2 945 1407 1439 977 1276 1418 1287 956
193 16 2 3 3 957 989 1451 1419 978 1288 1440 1277
194 16 2 2 2 977 1439 1471 1009 1287 1450 1298 988
195 16 2 3 3 989 1021 1483 1451 1010 1299 1472 1288
196 16 2 2 2 1009 1471 1503 1041 1298 1482 1309 1020
197 16 2 3 3 1021 1053 1515 1483 1042 1310 1504 1299
198 16 2 2 2 1041 1503 1535 1073 1309 1514 1320 1052
199 16 2 3 3 1053 1085 1547 1515 1074 1321 1536 1310
200 16 2 2 2 1073 1535 1567 1105 1320 1546 1331 1084
201 16 2 3 3 1085 1117 1579 1547 1106 1332 1568 1321
202 16 2 2 2 1105 1567 1599 1137 1331 1578 1342 1116
203 16 2 3 3 1117 1149 1611 1579 1138 1343 1600 1332
204 16 2 2 2 1137 1599 1631 1169 1342 1610 1353 1148
205 16 2 3 3 1149 1181 1643 1611 1170 1354 1632 1343
206 16 2 2 2 1169 1631 1663 1201 1353 1642 1364 1180
207 16 2 3 3 1181 1213 1675 1643 1202 1365 1664 1354
208 16 2 2 2 1201 1663 1695 1233 1364 1674 1375 1212
209 16 2 3 3 1245 1247 1709 1707 1246 1377 1708 1376
210 16 2 3 3 1213 1245 1707 1675 1234 1376 1696 1365
211 16 2 3 3 1247 1249 1711 1709 1248 1378 1710 1377
212 16 2 3 3 1249 1251 1713 1711 1250 1379 1712 1378
213 16 2 3 3 1251 1253 1715 1713 1252 1380 1714 1379
214 16 2 3 3 1253 1255 1717 1715 1254 1381 1716 1380
215 16 2 3 3 1255 1257 1719 1717 1256 1382 1718 1381
216 16 2 3 3 1257 1259 1721 1719 1258 1383 1720 1382
217 16 2 3 3 1259 1261 1723 1721 1260 1384 1722 1383
218 16 2 3 3 1261 1263 1725 1723 1262 1385 1724 1384
219 16 2 3 3 1263 1265 1727 1725 1264 1386 1726 1385
220 16 2 2 2 1233 1695 1727 1265 1375 1706 1386 1244
221 16 2 3 3 1387 1849 1851 1389 1728 1850 1729 1388
222 16 2 3 3 1387 1419 1881 1849 1408 1739 1870 1728
223 16 2 3 3 1389 1851 1853 1391 1729 1852 1730 1390
224 16 2 3 3 1391 1853 1855 1393 1730 1854 1731 1392
225 16 2 3 3 1393 1855 1857 1395 1731 1856 1732 1394
226 16 2 3 3 1395 1857 1859 1397 1732 1858 1733 1396
227 16 2 3 3 1397 1859 1861 1399 1733 1860 1734 1398
228 16 2 3 3 1399 1861 1863 1401 1734 1862 1735 1400
229 16 2 3 3 1401 1863 1865 1403 1735 1864 1736 1402
230 16 2 3 3 1403 1865 1867 1405 1736 1866 1737 1404
231 16 2 3 3 1405 1867 1869 1407 1737 1868 1738 1406
232 16 2 2 2 1407 1869 1901 1439 1738 1880 1749 1418
233 16 2 3 3 1419 1451 1913 1881 1440 1750 1902 1739
234 16 2 2 2 1439 1901 1933 1471 1749 1912 1760 1450
235 16 2 3 3 1451 1483 1945 1913 1472 1761 1934 1750
236 16 2 2 2 1471 1933 1965 1503 1760 1944 1771 1482
237 16 2 3 3 1483 1515 1977 1945 1504 1772 1966 1761
238 16 2 2 2 1503 1965 1997 1535 1771 1976 1782 1514
239 16 2 3 3 1515 1547 2009 1977 1536 1783 1998 1772
240 16 2 2 2 1535 1997 2029 1567 1782 2008 1793 1546
241 16 2 3 3 1547 1579 2041 2009 1568 1794 2030 1783
242 16 2 2 2 1567 2029 2061 1599 1793 2040 1804 1578
243 16 2 3 3 1579 1611 2073 2041 1600 1805 2062 1794
244 16 2 2 2 1599 2061 2093 1631 1804 2072 1815 1610
245 16 2 3 3 1611 1643 2105 2073 1632 1816 2094 1805
246 16 2 2 2 1631 2093 2125 1663 1815 2104 1826 1642
247 16 2 3 3 1643 1675 2137 2105 1664 1827 2126 1816
248 16 2 2 2 1663 2125 2157 1695 1826 2136 1837 1674
249 16 2 3 3 1707 1709 2171 2169 1708 1839 2170 1838
250 16 2 3 3 1675 1707 2169 2137 1696 1838 2158 1827
251 16 2 3 3 1709 1711 2173 2171 1710 1840 2172 1839
252 16 2 3 3 1711 1713 2175 2173 1712 1841 2174 1840
253 16 2 3 3 1713 1715 2177 2175 1714 1842 2176 1841
254 16 2 3 3 1715 1717 2179 2177 1716 1843 2178 1842
255 16 2 3 3 1717 1719 2181 2179 1718 1844 2180 1843
256 16 2 3 3 1719 1721 2183 2181 1720 1845 2182 1844
257 16 2 3 3 1721 1723 2185 2183 1722 1846 2184 1845
258 16 2 3 3 1723 1725 2187 2185 1724 1847 2186 1846
259 16 2 3 3 1725 1727 2189 2187 1726 1848 2188 1847
260 16 2 2 2 1695 2157 2189 1727 1837 2168 1848 1706
261 16 2 3 3 1849 2311 2313 1851 2190 2312 2191 1850
262 16 2 3 3 1849 1881 2343 2311 1870 2201 2332 2190
263 16 2 3 3 1851 2313 2315 1853 2191 2314 2192 1852
264 16 2 3 3 1853 2315 2317 1855 2192 2316 2193 1854
265 16 2 3 3 1855 2317 2319 1857 2193 2318 2194 1856
266 16 2 3 3 1857 2319 2321 1859 2194 2320 2195 1858
267 16 2 3 3 1859 2321 2323 1861 2195 2322 2196 1860
268 16 2 3 3 1861 2323 2325 1863 2196 2324 2197 1862
269 16 2 3 3 1863 2325 2327 1865 2197 2326 2198 1864
270 16 2 3 3 1865 2327 2329 1867 2198 2328 2199 1866
271 16 2 3 3 1867 2329 2331 1869 2199 2330 2200 1868
272 16 2 2 2 1869 2331 2363 1901 2200 2342 2211 1880
273 16 2 3 3 1881 1913 2375 2343 1902 2212 2364 2201
274 16 2 2 2 1901 2363 2395 1933 2211 2374 2222 1912
275 16 2 3 3 1913 1945 2407 2375 1934 2223 2396 2212
276 16 2 2 2 1933 2395 2427 1965 2222 2406 2233 1944
277 16 2 3 3 1945 1977 2439 2407 1966 2234 2428 2223
278 16 2 2 2 1965 2427 2459 1997 2233 2438 2244 1976
279 16 2 3 3 1977 2009 2471 2439 1998 2245 2460 2234
280 16 2 2 2 1997 2459 2491 2029 2244 2470 2255 2008
281 16 2 3 3 2009 2041 2503 2471 2030 2256 2492 2245
282 16 2 2 2 2029 2491 2523 2061 2255 2502 2266 2040
283 16 2 3 3 2041 2073 2535 2503 2062 2267 2524 2256
284 16 2 2 2 2061 2523 2555 2093 2266 2534 2277 2072
285 16 2 3 3 2073 2105 2567 2535 2094 2278 2556 2267
286 16 2 2 2 2093 2555 2587 2125 2277 2566 2288 2104
287 16 2 3 3 2105 2137 2599 2567 2126 2289 2588 2278
288 16 2 2 2 2125 2587 2619 2157 2288 2598 2299 2136
289 16 2 3 3 2169 2171 2633 2631 2170 2301 2632 2300
290 16 2 3 3 2137 2169 2631 2599 2158 2300 2620 2289
291 16 2 3 3 2171 2173 2635 2633 2172 2302 2634 2301
292 16 2 3 3 2173 2175 2637 2635 2174 2303 2636 2302
293 16 2 3 3 2175 2177 2639 2637 2176 2304 2638 2303
294 16 2 3 3 2177 2179 2641 2639 2178 2305 2640 2304
295 16 2 3 3 2179 2181 2643 2641 2180 2306 2642 2305
296 16 2 3 3 2181 2183 2645 2643 2182 2307 2644 2306
297 16 2 3 3 2183 2185 2647 2645 2184 2308 2646 2307
298 16 2 3 3 2185 2187 2649 2647 2186 2309 2648 2308
299 16 2 3 3 2187 2189 2651 2649 2188 2310 2650 2309
300 16 2 2 2 2157 2619 2651 2189 2299 2630 2310 2168
301 16 2 3 3 2311 2773 2775 2313 2652 2774 2653 2312
302 16 2 3 3 2311 2343 2805 2773 2332 2663 2794 2652
303 16 2 3 3 2313 2775 2777 2315 2653 2776 2654 2314
304 16 2 3 3 2315 2777 2779 2317 2654 2778 2655 2316
305 16 2 3 3 2317 2779 2781 2319 2655 2780 2656 2318
306 16 2 3 3 2319 2781 2783 2321 2656 2782 2657 2320
307 16 2 3 3 2321 2783 2785 2323 2657 2784 2658 2322
308 16 2 3 3 2323 2785 2787 2325 2658 2786 2659 2324
309 16 2 3 3 2325 2787 2789 2327 2659 2788 2660 2326
310 16 2 3 3 2327 2789 2791 2329 2660 2790 2661 2328
311 16 2 3 3 2329 2791 2793 2331 2661 2792 2662 2330
312 16 2 2 2 2331 2793 2825 2363 2662 2804 2673 2342
313 16 2 3 3 2343 2375 2837 2805 2364 2674 2826 2663
314 16 2 2 2 2363 2825 2857 2395 2673 2836 2684 2374
315 16 2 3 3 2375 2407 2869 2837 2396 2685 2858 2674
316 16 2 2 2 2395 2857 2889 2427 2684 2868 2695 2406
317 16 2 3 3 2407 2439 2901 2869 2428 2696 2890 2685
318 16 2 2 2 2427 2889 2921 2459 2695 2900 2706 2438
319 16 2 3 3 2439 2471 2933 2901 2460 2707 2922 2696
320 16 2 2 2 2459 2921 2953 2491 2706 2932 2717 2470
321 16 2 3 3 2471 2503 2965 2933 2492 2718 2954 2707
322 16 2 2 2 2491 2953 2985 2523 2717 2964 2728 2502
323 16 2 3 3 2503 2535 2997 2965 2524 2729 2986 2718
324 16 2 2 2 2523 2985 3017 2555 2728 2996 2739 2534
325 16 2 3 3 2535 2567 3029 2997 2556 2740 3018 2729
326 16 2 2 2 2555 3017 3049 2587 2739 3028 2750 2566
327 16 2 3 3 2567 2599 3061 3029 2588 2751 3050 2740
328 16 2 2 2 2587 3049 3081 2619 2750 3060 2761 2598
329 16 2 3 3 2631 2633 3095 3093 2632 2763 3094 2762
330 16 2 3 3 2599 2631 3093 3061 2620 2762 3082 2751
331 16 2 3 3 2633 2635 3097 3095 2634 2764 3096 2763
332 16 2 3 3 2635 2637 3099 3097 2636 2765 3098 2764
333 16 2 3 3 2637 2639 3101 3099 2638 2766 3100 2765
334 16 2 3 3 2639 2641 3103 3101 2640 2767 3102 2766
335 16 2 3 3 2641 2643 3105 3103 2642 2768 3104 2767
336 16 2 3 3 2643 2645 3107 3105 2644 2769 3106 2768
337 16 2 3 3 2645 2647 3109 3107 2646 2770 3108 2769
338 16 2 3 3 2647 2649 3111 3109 2648 2771 3110 2770
339 16 2 3 3 2649 2651 3113 3111 2650 2772 3112 2771
340 16 2 2 2 2619 3081 3113 2651 2761 3092 2772 2630
341 16 2 3 3 2773 3235 3237 2775 3114 3236 3115 2774
342 16 2 3 3 2773 2805 3267 3235 2794 3125 3256 3114
343 16 2 3 3 2775 3237 3239 2777 3115 3238 3116 2776
344 16 2 3 3 2777 3239 3241 2779 3116 3240 3117 2778
345 16 2 3 3 2779 3241 3243 2781 3117 3242 3118 2780
346 16 2 3 3 2781 3243 3245 2783 3118 3244 3119 2782
347 16 2 3 3 2783 3245 3247 2785 3119 3246 3120 2784
348 16 2 3 3 2785 3247 3249 2787 3120 3248 3121 2786
349 16 2 3 3 2787 3249 3251 2789 3121 3250 3122 2788
350 16 2 3 3 2789 3251 3253 2791 3122 3252 3123 2790
351 16 2 3 3 2791 3253 3255 2793 3123 3254 3124 2792
352 16 2 2 2 2793 3255 3287 2825 3124 3266 3135 2804
353 16 2 3 3 2805 2837 3299 3267 2826 3136 3288 3125
354 16 2 2 2 2825 3287 3319 2857 3135 3298 3146 2836
355 16 2 3 3 2837 2869 3331 3299 2858 3147 3320 3136
356 16 2 2 2 2857 3319 3351 2889 3146 3330 3157 2868
357 16 2 3 3 2869 2901 3363 3331 2890 3158 3352 3147
358 16 2 2 2 2889 3351 3383 2921 3157 3362 3168 2900
359 16 2 3 3 2901 2933 3395 3363 2922 3169 3384 3158
360 16 2 2 2 2921 3383 3415 2953 3168 3394 3179 2932
361 16 2 3 3 2933 2965 3427 3395 2954 3180 3416 3169
362 16 2 2 2 2953 3415 3447 2985 3179 3426 3190 2964
363 16 2 3 3 2965 2997 3459 3427 2986 3191 3448 3180
364 16 2 2 2 2985 3447 3479 3017 3190 3458 3201 2996
365 16 2 3 3 2997 3029 3491 3459 3018 3202 3480 3191
366 16 2 2 2 3017 3479 3511 3049 3201 3490 3212 3028
367 16 2 3 3 3029 3061 3523 3491 3050 3213 3512 3202
368 16 2 2 2 3049 3511 3543 3081 3212 3522 3223 3060
369 16 2 3 3 3093 3095 3557 3555 3094 3225 3556 3224
370 16 2 3 3 3061 3093 3555 3523 3082 3224 3544 3213
371 16 2 3 3 3095 3097 3559 3557 3096 3226 3558 3225
372 16 2 3 3 3097 3099 3561 3559 3098 3227 3560 3226
373 16 2 3 3 3099 3101 3563 3561 3100 3228 3562 3227
374 16 2 3 3 3101 3103 3565 3563 3102 3229 3564 3228
375 16 2 3 3 3103 3105 3567 3565 3104 3230 3566 3229
376 16 2 3 3 3105 3107 3569 3567 3106 3231 3568 3230
377 16 2 3 3 3107 3109 3571 3569 3108 3232 3570 3231
378 16 2 3 3 3109 3111 3573 3571 3110 3233 3572 3232
379 16 2 3 3 3111 3113 3575 3573 3112 3234 3574 3233
380 16 2 2 2 3081 3543 3575 3113 3223 3554 3234 3092
381 16 2 3 3 3235 3697 3699 3237 3576 3698 3577 3236
382 16 2 3 3 3235 3267 3729 3697 3256 3587 3718 3576
383 16 2 3 3 3237 3699 3701 3239 3577 3700 3578 3238
384 16 2 3 3 3239 3701 3703 3241 3578 3702 3579 3240
385 16 2 3 3 3241 3703 3705 3243 3579 3704 3580 3242
386 16 2 3 3 3243 3705 3707 3245 3580 3706 3581 3244
387 16 2 3 3 3245 3707 3709 3247 3581 3708 3582 3246
388 16 2 3 3 3247 3709 3711 3249 3582 3710 3583 3248
389 16 2 3 3 3249 3711 3713 3251 3583 3712 3584 3250
390 16 2 3 3 3251 3713 3715 3253 3584 3714 3585 3252
391 16 2 3 3 3253 3715 3717 3255 3585 3716 3586 3254
392 16 2 2 2 3255 3717 3749 3287 3586 3728 3597 3266
393 16 2 3 3 3267 3299 3761 3729 3288 3598 3750 3587
394 16 2 2 2 3287 3749 3781 3319 3597 3760 3608 3298
395 16 2 3 3 3299 3331 3793 3761 3320 3609 3782 3598
396 16 2 2 2 3319 3781 3813 3351 3608 3792 3619 3330
397 16 2 3 3 3331 3363 3825 3793 3352 3620 3814 3609
398 16 2 2 2 3351 3813 3845 3383 3619 3824 3630 3362
399 16 2 3 3 3363 3395 3857 3825 3384 3631 3846 3620
400 16 2 2 2 3383 3845 3877 3415 3630 3856 3641 3394
401 16 2 3 3 3395 3427 3889 3857 3416 3642 3878 3631
402 16 2 2 2 3415 3877 3909 3447 3641 3888 3652 3426
403 16 2 3 3 3427 3459 3921 3889 3448 3653 3910 3642
404 16 2 2 2 3447 3909 3941 3479 3652 3920 3663 3458
405 16 2 3 3 3459 3491 3953 3921 3480 3664 3942 3653
406 16 2 2 2 3479 3941 3973 3511 3663 3952 3674 3490
407 16 2 3 3 3491 3523 3985 3953 3512 3675 3974 3664
408 16 2 2 2 3511 3973 4005 3543 3674 3984 3685 3522
409 16 2 3 3 3555 3557 4019 4017 3556 3687 4018 3686
410 16 2 3 3 3523 3555 4017 3985 3544 3686 4006 3675
411 16 2 3 3 3557 3559 4021 4019 3558 3688 4020 3687
412 16 2 3 3 3559 3561 4023 4021 3560 3689 4022 3688
413 16 2 3 3 3561 3563 4025 4023 3562 3690 4024 3689
414 16 2 3 3 3563 3565 4027 4025 3564 3691 4026 3690
415 16 2 3 3 3565 3567 4029 4027 3566 3692 4028 3691
416 16 2 3 3 3567 3569 4031 4029 3568 3693 4030 3692
417 16 2 3 3 3569 3571 4033 4031 3570 3694 4032 3693
418 16 2 3 3 3571 3573 4035 4033 3572 3695 4034 3694
419 16 2 3 3 3573 3575 4037 4035 3574 3696 4036 3695
420 16 2 2 2 3543 4005 4037 3575 3685 4016 3696 3554
421 16 2 3 3 3697 4159 4161 3699 4038 4160 4039 3698
422 16 2 3 3 3697 3729 4191 4159 3718 4049 4180 4038
423 16 2 3 3 3699 4161 4163 3701 4039 4162 4040 3700
424 16 2 3 3 3701 4163 4165 3703 4040 4164 4041 3702
425 16 2 3 3 3703 4165 4167 3705 4041 4166 4042 3704
426 16 2 3 3 3705 4167 4169 3707 4042 4168 4043 3706
427 16 2 3 3 3707 4169 4171 3709 4043 4170 4044 3708
428 16 2 3 3 3709 4171 4173 3711 4044 4172 4045 3710
429 16 2 3 3 3711 4173 4175 3713 4045 4174 4046 3712
430 16 2 3 3 3713 4175 4177 3715 4046 4176 4047 3714
431 16 2 3 3 3715 4177 4179 3717 4047 4178 4048 3716
432 16 2 2 2 3717 4179 4211 3749 4048 4190 4059 3728
433 16 2 3 3 3729 3761 4223 4191 3750 4060 4212 4049
434 16 2 2 2 3749 4211 4243 3781 4059 4222 4070 3760
435 16 2 3 3 3761 3793 4255 4223 3782 4071 4244 4060
436 16 2 2 2 3781 4243 4275 3813 4070 4254 4081 3792
437 16 2 3 3 3793 3825 4287 4255 3814 4082 4276 4071
438 16 2 2 2 3813 4275 4307 3845 4081 4286 4092 3824
439 16 2 3 3 3825 3857 4319 4287 3846 4093 4308 4082
440 16 2 2 2 3845 4307 4339 3877 4092 4318 4103 3856
441 16 2 3 3 3857 3889 4351 4319 3878 4104 4340 4093
442 16 2 2 2 3877 4339 4371 3909 4103 4350 4114 3888
443 16 2 3 3 3889 3921 4383 4351 3910 4115 4372 4104
444 16 2 2 2 3909 4371 4403 3941 4114 4382 4125 3920
445 16 2 3 3 3921 3953 4415 4383 3942 4126 4404 4115
446 16 2 2 2 3941 4403 4435 3973 4125 4414 4136 3952
447 16 2 3 3 3953 3985 4447 4415 3974 4137 4436 4126
448 16 2 2 2 3973 4435 4467 4005 4136 4446 4147 3984
449 16 2 3 3 4017 4019 4481 4479 4018 4149 4480 4148
450 16 2 3 3 3985 4017 4479 4447 4006 4148 4468 4137
451 16 2 3 3 4019 4021 4483 4481 4020 4150 4482 4149
452 16 2 3 3 4021 4023 4485 4483 4022 4151 4484 4150
453 16 2 3 3 4023 4025 4487 4485 4024 4152 4486 4151
454 16 2 3 3 4025 4027 4489 4487 4026 4153 4488 4152
455 16 2 3 3 4027 4029 4491 4489 4028 4154 4490 4153
456 16 2 3 3 4029 4031 4493 4491 4030 4155 4492 4154
457 16 2 3 3 4031 4033 4495 4493 4032 4156 4494 4155
458 16 2 3 3 4033 4035 4497 4495 4034 4157 4496 4156
459 16 2 3 3 4035 4037 4499 4497 4036 4158 4498 4157
460 16 2 2 2 4005 4467 4499 4037 4147 4478 4158 4016
461 16 2 3 3 4621 4623 4655 4653 4622 4643 4654 4642
462 16 2 3 3 4159 4621 4623 4161 4500 4622 4501 4160
463 16 2 3 3 4159 4191 4653 4621 4180 4511 4642 4500
464 16 2 3 3 4623 4625 4657 4655 4624 4644 4656 4643
465 16 2 3 3 4161 4623 4625 4163 4501 4624 4502 4162
466 16 2 3 3 4625 4627 4659 4657 4626 4645 4658 4644
467 16 2 3 3 4163 4625 4627 4165 4502 4626 4503 4164
468 16 2 3 3 4627 4629 4661 4659 4628 4646 4660 4645
469 16 2 3 3 4165 4627 4629 4167 4503 4628 4504 4166
470 16 2 3 3 4629 4631 4663 4661 4630 4647 4662 4646
471 16 2 3 3 4167 4629 4631 4169 4504 4630 4505 4168
472 16 2 3 3 4631 4633 4665 4663 4632 4648 4664 4647
473 16 2 3 3 4169 4631 4633 4171 4505 4632 4506 4170
474 16 2 3 3 4633 4635 4667 4665 4634 4649 4666 4648
475 16 2 3 3 4171 4633 4635 4173 4506 4634 4507 4172
476 16 2 3 3 4635 4637 4669 4667 4636 4650 4668 4649
477 16 2 3 3 4173 4635 4637 4175 4507 4636 4508 4174
478 16 2 3 3 4637 4639 4671 4669 4638 4651 4670 4650
479 16 2 3 3 4175 4637 4639 4177 4508 4638 4509 4176
480 16 2 3 3 4639 4641 4673 4671 4640 4652 4672 4651
481 16 2 3 3 4177 4639 4641 4179 4509 4640 4510 4178
482 16 2 2 2 4179 4641 4673 4211 4510 4652 4521 4190
483 16 2 3 3 4653 4655 4687 4685 4654 4675 4686 4674
484 16 2 3 3 4191 4223 4685 4653 4212 4522 4674 4511
485 16 2 3 3 4655 4657 4689 4687 4656 4676 4688 4675
486 16 2 3 3 4657 4659 4691 4689 4658 4677 4690 4676
487 16 2 3 3 4659 4661 4693 4691 4660 4678 4692 4677
488 16 2 3 3 4661 4663 4695 4693 4662 4679 4694 4678
489 16 2 3 3 4663 4665 4697 4695 4664 4680 4696 4679
490 16 2 3 3 4665 4667 4699 4697 4666 4681 4698 4680
491 16 2 3 3 4667 4669 4701 4699 4668 4682 4700 4681
492 16 2 3 3 4669 4671 4703 4701 4670 4683 4702 4682
493 16 2 3 3 4671 4673 4705 4703 4672 4684 4704 4683
494 16 2 2 2 4211 4673 4705 4243 4521 4684 4532 4222
495 16 2 3 3 4685 4687 4719 4717 4686 4707 4718 4706
496 16 2 3 3 4223 4255 4717 4685 4244 4533 4706 4522
497 16 2 3 3 4687 4689 4721 4719 4688 4708 4720 4707
498 16 2 3 3 4689 4691 4723 4721 4690 4709 4722 4708
499 16 2 3 3 4691 4693 4725 4723 4692 4710 4724 4709
500 16 2 3 3 4693 4695 4727 4725 4694 4711 4726 4710
501 16 2 3 3 4695 4697 4729 4727 4696 4712 4728 4711
502 16 2 3 3 4697 4699 4731 4729 4698 4713 4730 4712
503 16 2 3 3 4699 4701 4733 4731 4700 4714 4732 4713
504 16 2 3 3 4701 4703 4735 4733 4702 4715 4734 4714
505 16 2 3 3 4703 4705 4737 4735 4704 4716 4736 4715
506 16 2 2 2 4243 4705 4737 4275 4532 4716 4543 4254
507 16 2 3 3 4717 4719 4751 4749 4718 4739 4750 4738
508 16 2 3 3 4255 4287 4749 4717 4276 4544 4738 4533
509 16 2 3 3 4719 4721 4753 4751 4720 4740 4752 4739
510 16 2 3 3 4721 4723 4755 4753 4722 4741 4754 4740
511 16 2 3 3 4723 4725 4757 4755 4724 4742 4756 4741
512 16 2 3 3 4725 4727 4759 4757 4726 4743 4758 4742
513 16 2 3 3 4727 4729 4761 4759 4728 4744 4760 4743
514 16 2 3 3 4729 4731 4763 4761 4730 4745 4762 4744
515 16 2 3 3 4731 4733 4765 4763 4732 4746 4764 4745
516 16 2 3 3 4733 4735 4767 4765 4734 4747 4766 4746
517 16 2 3 3 4735 4737 4769 4767 4736 4748 4768 4747
518 16 2 2 2 4275 4737 4769 4307 4543 4748 4554 4286
519 16 2 3 3 4749 4751 4783 4781 4750 4771 4782 4770
520 16 2 3 3 4287 4319 4781 4749 4308 4555 4770 4544
521 16 2 3 3 4751 4753 4785 4783 4752 4772 4784 4771
522 16 2 3 3 4753 4755 4787 4785 4754 4773 4786 4772
523 16 2 3 3 4755 4757 4789 4787 4756 4774 4788 4773
524 16 2 3 3 4757 4759 4791 4789 4758 4775 4790 4774
525 16 2 3 3 4759 4761 4793 4791 4760 4776 4792 4775
526 16 2 3 3 4761 4763 4795 4793 4762 4777 4794 4776
527 16 2 3 3 4763 4765 4797 4795 4764 4778 4796 4777
528 16 2 3 3 4765 4767 4799 4797 4766 4779 4798 4778
529 16 2 3 3 4767 4769 4801 4799 4768 4780 4800 4779
530 16 2 2 2 4307 4769 4801 4339 4554 4780 4565 4318
531 16 2 3 3 4781 4783 4815 4813 4782 4803 4814 4802
532 16 2 3 3 4319 4351 4813 4781 4340 4566 4802 4555
533 16 2 3 3 4783 4785 4817 4815 4784 4804 4816 4803
534 16 2 3 3 4785 4787 4819 4817 4786 4805 4818 4804
535 16 2 3 3 4787 4789 4821 4819 4788 4806 4820 4805
536 16 2 3 3 4789 4791 4823 4821 4790 4807 4822 4806
537 16 2 3 3 4791 4793 4825 4823 4792 4808 4824 4807
538 16 2 3 3 4793 4795 4827 4825 4794 4809 4826 4808
539 16 2 3 3 4795 4797 4829 4827 4796 4810 4828 4809
540 16 2 3 3 4797 4799 4831 4829 4798 4811 4830 4810
541 16 2 3 3 4799 4801 4833 4831 4800 4812 4832 4811
542 16 2 2 2 4339 4801 4833 4371 4565 4812 4576 4350
543 16 2 3 3 4813 4815 4847 4845 4814 4835 4846 4834
544 16 2 3 3 4351 4383 4845 4813 4372 4577 4834 4566
545 16 2 3 3 4815 4817 4849 4847 4816 4836 4848 4835
546 16 2 3 3 4817 4819 4851 4849 4818 4837 4850 4836
547 16 2 3 3 4819 4821 4853 4851 4820 4838 4852 4837
548 16 2 3 3 4821 4823 4855 4853 4822 4839 4854 4838
549 16 2 3 3 4823 4825 4857 4855 4824 4840 4856 4839
550 16 2 3 3 4825 4827 4859 4857 4826 4841 4858 4840
551 16 2 3 3 4827 4829 4861 4859 4828 4842 4860 4841
552 16 2 3 3 4829 4831 4863 4861 4830 4843 4862 4842
553 16 2 3 3 4831 4833 4865 4863 4832 4844 4864 4843
554 16 2 2 2 4371 4833 4865 4403 4576 4844 4587 4382
555 16 2 3 3 4845 4847 4879 4877 4846 4867 4878 4866
556 16 2 3 3 4383 4415 4877 4845 4404 4588 4866 4577
557 16 2 3 3 4847 4849 4881 4879 4848 4868 4880 4867
558 16 2 3 3 4849 4851 4883 4881 4850 4869 4882 4868
559 16 2 3 3 4851 4853 4885 4883 4852 4870 4884 4869
560 16 2 3 3 4853 4855 4887 4885 4854 4871 4886 4870
561 16 2 3 3 4855 4857 4889 4887 4856 4872 4888 4871
562 16 2 3 3 4857 4859 4891 4889 4858 4873 4890 4872
563 16 2 3 3 4859 4861 4893 4891 4860 4874 4892 4873
564 16 2 3 3 4861 4863 4895 4893 4862 4875 4894 4874
565 16 2 3 3 4863 4865 4897 4895 4864 4876 4896 4875
566 16 2 2 2 4403 4865 4897 4435 4587 4876 4598 4414
567 16 2 3 3 4877 4879 4911 4909 4878 4899 4910 4898
568 16 2 3 3 4415 4447 4909 4877 4436 4599 4898 4588
569 16 2 3 3 4879 4881 4913 4911 4880 4900 4912 4899
570 16 2 3 3 4881 4883 4915 4913 4882 4901 4914 4900
571 16 2 3 3 4883 4885 4917 4915 4884 4902 4916 4901
572 16 2 3 3 4885 4887 4919 4917 4886 4903 4918 4902
573 16 2 3 3 4887 4889 4921 4919 4888 4904 4920 4903
574 16 2 3 3 4889 4891 4923 4921 4890 4905 4922 4904
575 16 2 3 3 4891 4893 4925 4923 4892 4906 4924 4905
576 16 2 3 3 4893 4895 4927 4925 4894 4907 4926 4906
577 16 2 3 3 4895 4897 4929 4927 4896 4908 4928 4907
578 16 2 2 2 4435 4897 4929 4467 4598 4908 4609 4446
579 16 2 3 3 4909 4911 4943 4941 4910 4931 4942 4930
580 16 2 3 3 4479 4481 4943 4941 4480 4611 4942 4610
581 16 2 3 3 4447 4479 4941 4909 4468 4610 4930 4599
582 16 2 3 3 4911 4913 4945 4943 4912 4932 4944 4931
583 16 2 3 3 4481 4483 4945 4943 4482 4612 4944 4611
584 16 2 3 3 4913 4915 4947 4945 4914 4933 4946 4932
585 16 2 3 3 4483 4485 4947 4945 4484 4613 4946 4612
586 16 2 3 3 4915 4917 4949 4947 4916 4934 4948 4933
587 16 2 3 3 4485 4487 4949 4947 4486 4614 4948 4613
588 16 2 3 3 4917 4919 4951 4949 4918 4935 4950 4934
589 16 2 3 3 4487 4489 4951 4949 4488 4615 4950 4614
590 16 2 3 3 4919 4921 4953 4951 4920 4936 4952 4935
591 16 2 3 3 4489 4491 4953 4951 4490 4616 4952 4615
592 16 2 3 3 4921 4923 4955 4953 4922 4937 4954 4936
593 16 2 3 3 4491 4493 4955 4953 4492 4617 4954 4616
594 16 2 3 3 4923 4925 4957 4955 4924 4938 4956 4937
595 16 2 3 3 4493 4495 4957 4955 4494 4618 4956 4617
596 16 2 3 3 4925 4927 4959 4957 4926 4939 4958 4938
597 16 2 3 3 4495 4497 4959 4957 4496 4619 4958 4618
598 16 2 3 3 4927 4929 4961 4959 4928 4940 4960 4939
599 16 2 3 3 4497 4499 4961 4959 4498 4620 4960 4619
600 16 2 2 2 4467 4929 4961 4499 4609 4940 4620 4478
601 17 2 1 1 35 3 1 33 497 465 463 495 23 34 354 2 343 22 342 353 485 496 464 484
602 17 2 1 1 37 5 3 35 499 467 465 497 24 36 355 4 344 23 343 354 486 498 466 485
603 17 2 1 1 39 7 5 37 501 469 467 499 25 38 356 6 345 24 344 355 487 500 468 486
604 17 2 1 1 41 9 7 39 503 471 469 501 26 40 357 8 346 25 345 356 488 502 470 487
605 17 2 1 1 43 11 9 41 505 473 471 503 27 42 358 10 347 26 346 357 489 504 472 488
606 17 2 1 1 45 13 11 43 507 475 473 505 28 44 359 12 348 27 347 358 490 506 474 489
607 17 2 1 1 47 15 13 45 509 477 475 507 29 46 360 14 349 28 348 359 491 508 476 490
608 17 2 1 1 49 17 15 47 511 479 477 509 30 48 361 16 350 29 349 360 492 510 478 491
609 17 2 1 1 51 19 17 49 513 481 479 511 31 50 362 18 351 30 350 361 493 512 480 492
610 17 2 1 1 53 21 19 51 515 483 481 513 32 52 363 20 352 31 351 362 494 514 482 493
611 17 2 1 1 67 35 33 65 529 497 495 527 55 66 365 34 354 54 353 364 517 528 496 516
612 17 2 1 1 69 37 35 67 531 499 497 529 56 68 366 36 355 55 354 365 518 530 498 517
613 17 2 1 1 71 39 37 69 533 501 499 531 57 70 367 38 356 56 355 366 519 532 500 518
614 17 2 1 1 73 41 39 71 535 503 501 533 58 72 368 40 357 57 356 367 520 534 502 519
615 17 2 1 1 75 43 41 73 537 505 503 535 59 74 369 42 358 58 357 368 521 536 504 520
616 17 2 1 1 77 45 43 75 539 507 505 537 60 76 370 44 359 59 358 369 522 538 506 521
617 17 2 1 1 79 47 45 77 541 509 507 539 61 78 371 46 360 60 359 370 523 540 508 522
618 17 2 1 1 81 49 47 79 543 511 509 541 62 80 372 48 361 61 360 371 524 542 510 523
619 17 2 1 1 83 51 49 81 545 513 511 543 63 82 373 50 362 62 361 372 525 544 512 524
620 17 2 1 1 85 53 51 83 547 515 513 545 64 84 374 52 363 63 362 373 526 546 514 525
621 17 2 1 1 99 67 65 97 561 529 527 559 87 98 376 66 365 86 364 375 549 560 528 548
622 17 2 1 1 101 69 67 99 563 531 529 561 88 100 377 68 366 87 365 376 550 562 530 549
623 17 2 1 1 103 71 69 101 565 533 531 563 89 102 378 70 367 88 366 377 551 564 532 550
624 17 2 1 1 105 73 71 103 567 535 533 565 90 104 379 72 368 89 367 378 552 566 534 551
625 17 2 1 1 107 75 73 105 569 537 535 567 91 106 380 74 369 90 368 379 553 568 536 552
626 17 2 1 1 109 77 75 107 571 539 537 569 92 108 381 76 370 91 369 380 554 570 538 553
627 17 2 1 1 111 79 77 109 573 541 539 571 93 110 382 78 371 92 370 381 555 572 540 554
628 17 2 1 1 113 81 79 111 575 543 541 573 94 112 383 80 372 93 371 382 556 574 542 555
629 17 2 1 1 115 83 81 113 577 545 543 575 95 114 384 82 373 94 372 383 557 576 544 556
630 17 2 1 1 117 85 83 115 579 547 545 577 96 116 385 84 374 95 373 384 558 578 546 557
631 17 2 1 1 131 99 97 129 593 561 559 591 119 130 387 98 376 118 375 386 581 592 560 580
632 17 2 1 1 133 101 99 131 595 563 561 593 120 132 388 100 377 119 376 387 582 594 562 581
633 17 2 1 1 135 103 101 133 597 565 563 595 121 134 389 102 378 120 377 388 583 596 564 582
634 17 2 1 1 137 105 103 135 599 567 565 597 122 136 390 104 379 121 378 389 584 598 566 583
635 17 2 1 1 139 107 105 137 601 569 567 599 123 138 391 106 380 122 379 390 585 600 568 584
636 17 2 1 1 141 109 107 139 603 571 569 601 124 140 392 108 381 123 380 391 586 602 570 585
637 17 2 1 1 143 111 109 141 605 573 571 603 125 142 393 110 382 124 381 392 587 604 572 586
638 17 2 1 1 145 113 111 143 607 575 573 605 126 144 394 112 383 125 382 393 588 606 574 587
639 17 2 1 1 147 115 113 145 609 577 575 607 127 146 395 114 384 126 383 394 589 608 576 588
640 17 2 1 1 149 117 115 147 611 579 577 609 128 148 396 116 385 127 384 395 590 610 578 589
641 17 2 1 1 163 131 129 161 625 593 591 623 151 162 398 130 387 150 386 397 613 624 592 612
642 17 2 1 1 165 133 131 163 627 595 593 625 152 164 399 132 388 151 387 398 614 626 594 613
643 17 2 1 1 167 135 133 165 629 597 595 627 153 166 400 134 389 152 388 399 615 628 596 614
644 17 2 1 1 169 137 135 167 631 599 597 629 154 168 401 136 390 153 389 400 616 630 598 615
645 17 2 1 1 171 139 137 169 633 601 599 631 155 170 402 138 391 154 390 401 617 632 600 616
646 17 2 1 1 173 141 139 171 635 603 601 633 156 172 403 140 392 155 391 402 618 634 602 617
647 17 2 1 1 175 143 141 173 637 605 603 635 157 174 404 142 393 156 392 403 619 636 604 618
648 17 2 1 1 177 145 143 175 639 607 605 637 158 176 405 144 394 157 393 404 620 638 606 619
649 17 2 1 1 179 147 145 177 641 609 607 639 159 178 406 146 395 158 394 405 621 640 608 620
650 17 2 1 1 181 149 147 179 643 611 609 641 160 180 407 148 396 159 395 406 622 642 610 621
651 17 2 1 1 195 163 161 193 657 625 623 655 183 194 409 162 398 182 397 408 645 656 624 644
652 17 2 1 1 197 165 163 195 659 627 625 657 184 196 410 164 399 183 398 409 646 658 626 645
653 17 2 1 1 199 167 165 197 661 629 627 659 185 198 411 166 400 184 399 410 647 660 628 646
654 17 2 1 1 201 169 167 199 663 631 629 661 186 200 412 168 401 185 400 411 648 662 630 647
655 17 2 1 1 203 171 169 201 665 633 631 663 187 202 413 170 402 186 401 412 649 664 632 648
656 17 2 1 1 205 173 171 203 667 635 633 665 188 204 414 172 403 187 402 413 650 666 634 649
657 17 2 1 1 207 175 173 205 669 637 635 667 189 206 415 174 404 188 403 414 651 668 636 650
658 17 2 1 1 209 177 175 207 671 639 637 669 190 208 416 176 405 189 404 415 652 670 638 651
659 17 2 1 1 211 179 177 209 673 641 639 671 191 210 417 178 406 190 405 416 653 672 640 652
660 17 2 1 1 213 181 179 211 675 643 641 673 192 212 418 180 407 191 406 417 654 674 642 653
661 17 2 1 1 227 195 193 225 689 657 655 687 215 226 420 194 409 214 408 419 677 688 656 676
662 17 2 1 1 229 197 195 227 691 659 657 689 216 228 421 196 410 215 409 420 678 690 658 677
663 17 2 1 1 231 199 197 229 693 661 659 691 217 230 422 198 411 216 410 421 679 692 660 678
664 17 2 1 1 233 201 199 231 695 663 661 693 218 232 423 200 412 217 411 422 680 694 662 679
665 17 2 1 1 235 203 201 233 697 665 663 695 219 234 424 202 413 218 412 423 681 696 664 680
666 17 2 1 1 237 205 203 235 699 667 665 697 220 236 425 204 414 219 413 424 682 698 666 681
667 17 2 1 1 239 207 205 237 701 669 667 699 221 238 426 206 415 220 414 425 683 700 668 682
668 17 2 1 1 241 209 207 239 703 671 669 701 222 240 427 208 416 221 415 426 684 702 670 683
669 17 2 1 1 243 211 209 241 705 673 671 703 223 242 428 210 417 222 416 427 685 704 672 684
670 17 2 1 1 245 213 211 243 707 675 673 705 224 244 429 212 418 223 417 428 686 706 674 685
671 17 2 1 1 259 227 225 257 721 689 687 719 247 258 431 226 420 246 419 430 709 720 688 708
672 17 2 1 1 261 229 227 259 723 691 689 721 248 260 432 228 421 247 420 431 710 722 690 709
673 17 2 1 1 263 231 229 261 725 693 691 723 249 262 433 230 422 248 421 432 711 724 692 710
674 17 2 1 1 265 233 231 263 727 695 693 725 250 264 434 232 423 249 422 433 712 726 694 711
675 17 2 1 1 267 235 233 265 729 697 695 727 251 266 435 234 424 250 423 434 713 728 696 712
676 17 2 1 1 269 237 235 267 731 699 697 729 252 268 436 236 425 251 424 435 714 730 698 713
677 17 2 1 1 271 239 237 269 733 701 699 731 253 270 437 238 426 252 425 436 715 732 700 714
678 17 2 1 1 273 241 239 271 735 703 701 733 254 272 438 240 427 253 426 437 716 734 702 715
679 17 2 1 1 275 243 241 273 737 705 703 735 255 274 439 242 428 254 427 438 717 736 704 716
680 17 2 1 1 277 245 243 275 739 707 705 737 256 276 440 244 429 255 428 439 718 738 706 717
681 17 2 1 1 291 259 257 289 753 721 719 751 279 290 442 258 431 278 430 441 741 752 720 740
682 17 2 1 1 293 261 259 291 755 723 721 753 280 292 443 260 432 279 431 442 742 754 722 741
683 17 2 1 1 295 263 261 293 757 725 723 755 281 294 444 262 433 280 432 443 743 756 724 742
684 17 2 1 1 297 265 263 295 759 727 725 757 282 296 445 264 434 281 433 444 744 758 726 743
685 17 2 1 1 299 267 265 297 761 729 727 759 283 298 446 266 435 282 434 445 745 760 728 744
686 17 2 1 1 301 269 267 299 763 731 729 761 284 300 447 268 436 283 435 446 746 762 730 745
687 17 2 1 1 303 271 269 301 765 733 731 763 285 302 448 270 437 284 436 447 747 764 732 746
688 17 2 1 1 305 273 271 303 767 735 733 765 286 304 449 272 438 285 437 448 748 766 734 747
689 17 2 1 1 307 275 273 305 769 737 735 767 287 306 450 274 439 286 438 449 749 768 736 748
690 17 2 1 1 309 277 275 307 771 739 737 769 288 308 451 276 440 287 439 450 750 770 738 749
691 17 2 1 1 323 291 289 321 785 753 751 783 311 322 453 290 442 310 441 452 773 784 752 772
692 17 2 1 1 325 293 291 323 787 755 753 785 312 324 454 292 443 311 442 453 774 786 754 773
693 17 2 1 1 327 295 293 325 789 757 755 787 313 326 455 294 444 312 443 454 775 788 756 774
694 17 2 1 1 329 297 295 327 791 759 757 789 314 328 456 296 445 313 444 455 776 790 758 775
695 17 2 1 1 331 299 297 329 793 761 759 791 315 330 457 298 446 314 445 456 777 792 760 776
696 17 2 1 1 333 301 299 331 795 763 761 793 316 332 458 300 447 315 446 457 778 794 762 777
697 17 2 1 1 335 303 301 333 797 765 763 795 317 334 459 302 448 316 447 458 779 796 764 778
698 17 2 1 1 337 305 303 335 799 767 765 797 318 336 460 304 449 317 448 459 780 798 766 779
699 17 2 1 1 339 307 305 337 801 769 767 799 319 338 461 306 450 318 449 460 781 800 768 780
700 17 2 1 1 341 309 307 339 803 771 769 801 320 340 462 308 451 319 450 461 782 802 770 781
701 17 2 1 1 497 465 463 495 959 927 925 957 485 496 816 464 805 484 804 815 947 958 926 946
702 17 2 1 1 499 467 465 497 961 929 927 959 486 498 817 466 806 485 805 816 948 960 928 947
703 17 2 1 1 501 469 467 499 963 931 929 961 487 500 818 468 807 486 806 817 949 962 930 948
704 17 2 1 1 503 471 469 501 965 933 931 963 488 502 819 470 808 487 807 818 950 964 932 949
705 17 2 1 1 505 473 471 503 967 935 933 965 489 504 820 472 809 488 808 819 951 966 934 950
706 17 2 1 1 507 475 473 505 969 937 935 967 490 506 821 474 810 489 809 820 952 968 936 951
707 17 2 1 1 509 477 475 507 971 939 937 969 491 508 822 476 811 490 810 821 953 970 938 952
708 17 2 1 1 511 479 477 509 973 941 939 971 492 510 823 478 812 491 811 822 954 972 940 953
709 17 2 1 1 513 481 479 511 975 943 941 973 493 512 824 480 813 492 812 823 955 974 942 954
710 17 2 1 1 515 483 481 513 977 945 943 975 494 514 825 482 814 493 813 824 956 976 944 955
711 17 2 1 1 529 497 495 527 991 959 957 989 517 528 827 496 816 516 815 826 979 990 958 978
712 17 2 1 1 531 499 497 529 993 961 959 991 518 530 828 498 817 517 816 827 980 992 960 979
713 17 2 1 1 533 501 499 531 995 963 961 993 519 532 829 500 818 518 817 828 981 994 962 980
714 17 2 1 1 535 503 501 533 997 965 963 995 520 534 830 502 819 519 818 829 982 996 964 981
715 17 2 1 1 537 505 503 535 999 967 965 997 521 536 831 504 820 520 819 830 983 998 966 982
716 17 2 1 1 539 507 505 537 1001 969 967 999 522 538 832 506 821 521 820 831 984 1000 968 983
717 17 2 1 1 541 509 507 539 1003 971 969 1001 523 540 833 508 822 522 821 832 985 1002 970 984
718 17 2 1 1 543 511 509 541 1005 973 971 1003 524 542 834 510 823 523 822 833 986 1004 972 985
719 17 2 1 1 545 513 511 543 1007 975 973 1005 525 544 835 512 824 524 823 834 987 1006 974 986
720 17 2 1 1 547 515 513 545 1009 977 975 1007 526 546 836 514 825 525 824 835 988 1008 976 987
721 17 2 1 1 561 529 527 559 1023 991 989 1021 549 560 838 528 827 548 826 837 1011 1022 990 1010
722 17 2 1 1 563 531 529 561 1025 993 991 1023 550 562 839 530 828 549 827 838 1012 1024 992 1011
723 17 2 1 1 565 533 531 563 1027 995 993 1025 551 564 840 532 829 550 828 839 1013 1026 994 1012
724 17 2 1 1 567 535 533 565 1029 997 995 1027 552 566 841 534 830 551 829 840 1014 1028 996 1013
725 17 2 1 1 569 537 535 567 1031 999 997 1029 553 568 842 536 831 552 830 841 1015 1030 998 1014
726 17 2 1 1 571 539 537 569 1033 1001 999 1031 554 570 843 538 832 553 831 842 1016 1032 1000 1015
727 17 2 1 1 573 541 539 571 1035 1003 1001 1033 555 572 844 540 833 554 832 843 1017 1034 1002 1016
728 17 2 1 1 575 543 541 573 1037 1005 1003 1035 556 574 845 542 834 555 833 844 1018 1036 1004 1017
729 17 2 1 1 577 545 543 575 1039 1007 1005 1037 557 576 846 544 835 556 834 845 1019 1038 1006 1018
730 17 2 1 1 579 547 545 577 1041 1009 1007 1039 558 578 847 546 836 557 835 846 1020 1040 1008 1019
731 17 2 1 1 593 561 559 591 1055 1023 1021 1053 581 592 849 560 838 580 837 848 1043 1054 1022 1042
732 17 2 1 1 595 563 561 593 1057 1025 1023 1055 582 594 850 562 839 581 838 849 1044 1056 1024 1043
733 17 2 1 1 597 565 563 595 1059 1027 1025 1057 583 596 851 564 840 582 839 850 1045 1058 1026 1044
734 17 2 1 1 599 567 565 597 1061 1029 1027 1059 584 598 852 566 841 583 840 851 1046 1060 1028 1045
735 17 2 1 1 601 569 567 599 1063 1031 1029 1061 585 600 853 568 842 584 841 852 1047 1062 1030 1046
736 17 2 1 1 603 571 569 601 1065 1033 1031 1063 586 602 854 570 843 585 842 853 1048 1064 1032 1047
737 17 2 1 1 605 573 571 603 1067 1035 1033 1065 587 604 855 572 844 586 843 854 1049 1066 1034 1048
738 17 2 1 1 607 575 573 605 1069 1037 1035 1067 588 606 856 574 845 587 844 855 1050 1068 1036 1049
739 17 2 1 1 609 577 575 607 1071 1039 1037 1069 589 608 857 576 846 588 845 856 1051 1070 1038 1050
740 17 2 1 1 611 579 577 609 1073 1041 1039 1071 590 610 858 578 847 589 846 857 1052 1072 1040 1051
741 17 2 1 1 625 593 591 623 1087 1055 1053 1085 613 624 860 592 849 612 848 859 1075 1086 1054 1074
742 17 2 1 1 627 595 593 625 1089 1057 1055 1087 614 626 861 594 850 613 849 860 1076 1088 1056 1075
743 17 2 1 1 629 597 595 627 1091 1059 1057 1089 615 628 862 596 851 614 850 861 1077 1090 1058 1076
744 17 2 1 1 631 599 597 629 1093 1061 1059 1091 616 630 863 598 852 615 851 862 1078 1092 1060 1077
745 17 2 1 1 633 601 599 631 1095 1063 1061 1093 617 632 864 600 853 616 852 863 1079 1094 1062 1078
746 17 2 1 1 635 603 601 633 1097 1065 1063 1095 618 634 865 602 854 617 853 864 1080 1096 1064 1079
747 17 2 1 1 637 605 603 635 1099 1067 1065 1097 619 636 866 604 855 618 854 865 1081 1098 1066 1080
748 17 2 1 1 639 607 605 637 1101 1069 1067 1099 620 638 867 606 856 619 855 866 1082 1100 1068 1081
749 17 2 1 1 641 609 607 639 1103 1071 1069 1101 621 640 868 608 857 620 856 867 1083 1102 1070 1082
750 17 2 1 1 643 611 609 641 1105 1073 1071 1103 622 642 869 610 858 621 857 868 1084 1104 1072 1083
751 17 2 1 1 657 625 623 655 1119 1087 1085 1117 645 656 871 624 860 644 859 870 1107 1118 1086 1106
752 17 2 1 1 659 627 625 657 1121 1089 1087 1119 646 658 872 626 861 645 860 871 1108 1120 1088 1107
753 17 2 1 1 661 629 627 659 1123 1091 1089 1121 647 660 873 628 862 646 861 872 1109 1122 1090 1108
754 17 2 1 1 663 631 629 661 1125 1093 1091 1123 648 662 874 630 863 647 862 873 1110 1124 1092 1109
755 17 2 1 1 665 633 631 663 1127 1095 1093 1125 649 664 875 632 864 648 863 874 1111 1126 1094 1110
756 17 2 1 1 667 635 633 665 1129 1097 1095 1127 650 666 876 634 865 649 864 875 1112 1128 1096 1111
757 17 2 1 1 669 637 635 667 1131 1099 1097 1129 651 668 877 636 866 650 865 876 1113 1130 1098 1112
758 17 2 1 1 671 639 637 669 1133 1101 1099 1131 652 670 878 638 867 651 866 877 1114 1132 1100 1113
759 17 2 1 1 673 641 639 671 1135 1103 1101 1133 653 672 879 640 868 652 867 878 1115 1134 1102 1114
760 17 2 1 1 675 643 641 673 1137 1105 1103 1135 654 674 880 642 869 653 868 879 1116 1136 1104 1115
761 17 2 1 1 689 657 655 687 1151 1119 1117 1149 677 688 882 656 871 676 870 881 1139 1150 1118 1138
762 17 2 1 1 691 659 657 689 1153 1121 1119 1151 678 690 883 658 872 677 871 882 1140 1152 1120 1139
763 17 2 1 1 693 661 659 691 1155 1123 1121 1153 679 692 884 660 873 678 872 883 1141 1154 1122 1140
764 17 2 1 1 695 663 661 693 1157 1125 1123 1155 680 694 885 662 874 679 873 884 1142 1156 1124 1141
765 17 2 1 1 697 665 663 695 1159 1127 1125 1157 681 696 886 664 875 680 874 885 1143 1158 1126 1142
766 17 2 1 1 699 667 665 697 1161 1129 1127 1159 682 698 887 666 876 681 875 886 1144 1160 1128 1143
767 17 2 1 1 701 669 667 699 1163 1131 1129 1161 683 700 888 668 877 682 876 887 1145 1162 1130 1144
768 17 2 1 1 703 671 669 701 1165 1133 1131 1163 684 702 889 670 878 683 877 888 1146 1164 1132 1145
769 17 2 1 1 705 673 671 703 1167 1135 1133 1165 685 704 890 672 879 684 878 889 1147 1166 1134 1146
770 17 2 1 1 707 675 673 705 1169 1137 1135 1167 686 706 891 674 880 685 879 890 1148 1168 1136 1147
771 17 2 1 1 721 689 687 719 1183 1151 1149 1181 709 720 893 688 882 708 881 892 1171 1182 1150 1170
772 17 2 1 1 723 691 689 721 1185 1153 1151 1183 710 722 894 690 883 709 882 893 1172 1184 1152 1171
773 17 2 1 1 725 693 691 723 1187 1155 1153 1185 711 724 895 692 884 710 883 894 1173 1186 1154 1172
774 17 2 1 1 727 695 693 725 1189 1157 1155 1187 712 726 896 694 885 711 884 895 1174 1188 1156 1173
775 17 2 1 1 729 697 695 727 1191 1159 1157 1189 713 728 897 696 886 712 885 896 1175 1190 1158 1174
776 17 2 1 1 731 699 697 729 1193 1161 1159 1191 714 730 898 698 887 713 886 897 1176 1192 1160 1175
777 17 2 1 1 733 701 699 731 1195 1163 1161 1193 715 732 899 700 888 714 887 898 1177 1194 1162 1176
778 17 2 1 1 735 703 701 733 1197 1165 1163 1195 716 734 900 702 889 715 888 899 1178 1196 1164 1177
779 17 2 1 1 737 705 703 735 1199 1167 1165 1197 717 736 901 704 890 716 889 900 1179 1198 1166 1178
780 17 2 1 1 739 707 705 737 1201 1169 1167 1199 718 738 902 706 891 717 890 901 1180 1200 1168 1179
781 17 2 1 1 753 721 719 751 1215 1183 1181 1213 741 752 904 720 893 740 892 903 1203 1214 1182 1202
782 17 2 1 1 755 723 721 753 1217 1185 1183 1215 742 754 905 722 894 741 893 904 1204 1216 1184 1203
783 17 2 1 1 757 725 723 755 1219 1187 1185 1217 743 756 906 724 895 742 894 905 1205 1218 1186 1204
784 17 2 1 1 759 727 725 757 1221 1189 1187 1219 744 758 907 726 896 743 895 906 1206 1220 1188 1205
785 17 2 1 1 761 729 727 759 1223 1191 1189 1221 745 760 908 728 897 744 896 907 1207 1222 1190 1206
786 17 2 1 1 763 731 729 761 1225 1193 1191 1223 746 762 909 730 898 745 897 908 1208 1224 1192 1207
787 17 2 1 1 765 733 731 763 1227 1195 1193 1225 747 764 910 732 899 746 898 909 1209 1226 1194 1208
788 17 2 1 1 767 735 733 765 1229 1197 1195 1227 748 766 911 734 900 747 899 910 1210 1228 1196 1209
789 17 2 1 1 769 737 735 767 1231 1199 1197 1229 749 768 912 736 901 748 900 911 1211 1230 1198 1210
790 17 2 1 1 771 739 737 769 1233 1201 1199 1231 750 770 913 738 902 749 901 912 1212 1232 1200 1211
791 17 2 1 1 785 753 751 783 1247 1215 1213 1245 773 784 915 752 904 772 903 914 1235 1246 1214 1234
792 17 2 1 1 787 755 753 785 1249 1217 1215 1247 774 786 916 754 905 773 904 915 1236 1248 1216 1235
793 17 2 1 1 789 757 755 787 1251 1219 1217 1249 775 788 917 756 906 774 905 916 1237 1250 1218 1236
794 17 2 1 1 791 759 757 789 1253 1221 1219 1251 776 790 918 758 907 775 906 917 1238 1252 1220 1237
795 17 2 1 1 793 761 759 791 1255 1223 1221 1253 777 792 919 760 908 776 907 918 1239 1254 1222 1238
796 17 2 1 1 795 763 761 793 1257 1225 1223 1255 778 794 920 762 909 777 908 919 1240 1256 1224 1239
797 17 2 1 1 797 765 763 795 1259 1227 1225 1257 779 796 921 764 910 778 909 920 1241 1258 1226 1240
798 17 2 1 1 799 767 765 797 1261 1229 1227 1259 780 798 922 766 911 779 910 921 1242 1260 1228 1241
799 17 2 1 1 801 769 767 799 1263 1231 1229 1261 781 800 923 768 912 780 911 922 1243 1262 1230 1242
800 17 2 1 1 803 771 769 801 1265 1233 1231 1263 782 802 924 770 913 781 912 923 1244 1264 1232 1243
801 17 2 1 1 959 927 925 957 1421 1389 1387 1419 947 958 1278 926 1267 946 1266 1277 1409 1420 1388 1408
802 17 2 1 1 961 929 927 959 1423 1391 1389 1421 948 960 1279 928 1268 947 1267 1278 1410 1422 1390 1409
803 17 2 1 1 963 931 929 961 1425 1393 1391 1423 949 962 1280 930 1269 948 1268 1279 1411 1424 1392 1410
804 17 2 1 1 965 933 931 963 1427 1395 1393 1425 950 964 1281 932 1270 949 1269 1280 1412 1426 1394 1411
805 17 2 1 1 967 935 933 965 1429 1397 1395 1427 951 966 1282 934 1271 950 1270 1281 1413 1428 1396 1412
806 17 2 1 1 969 937 935 967 1431 1399 1397 1429 952 968 1283 936 1272 951 1271 1282 1414 1430 1398 1413
807 17 2 1 1 971 939 937 969 1433 1401 1399 1431 953 970 1284 938 1273 952 1272 1283 1415 1432 1400 1414
808 17 2 1 1 973 941 939 971 1435 1403 1401 1433 954 972 1285 940 1274 953 1273 1284 1416 1434 1402 1415
809 17 2 1 1 975 943 941 973 1437 1405 1403 1435 955 974 1286 942 1275 954 1274 1285 1417 1436 1404 1416
810 17 2 1 1 977 945 943 975 1439 1407 1405 1437 956 976 1287 944 1276 955 1275 1286 1418 1438 1406 1417
811 17 2 1 1 991 959 957 989 1453 1421 1419 1451 979 990 1289 958 1278 978 1277 1288 1441 1452 1420 1440
812 17 2 1 1 993 961 959 991 1455 1423 1421 1453 980 992 1290 960 1279 979 1278 1289 1442 1454 1422 1441
813 17 2 1 1 995 963 961 993 1457 1425 1423 1455 981 994 1291 962 1280 980 1279 1290 1443 1456 1424 1442
814 17 2 1 1 997 965 963 995 1459 1427 1425 1457 982 996 1292 964 1281 981 1280 1291 1444 1458 1426 1443
815 17 2 1 1 999 967 965 997 1461 1429 1427 1459 983 998 1293 966 1282 982 1281 1292 1445 1460 1428 1444
816 17 2 1 1 1001 969 967 999 1463 1431 1429 1461 984 1000 1294 968 1283 983 1282 1293 1446 1462 1430 1445
817 17 2 1 1 1003 971 969 1001 1465 1433 1431 1463 985 1002 1295 970 1284 984 1283 1294 1447 1464 1432 1446
818 17 2 1 1 1005 973 971 1003 1467 1435 1433 1465 986 1004 1296 972 1285 985 1284 1295 1448 1466 1434 1447
819 17 2 1 1 1007 975 973 1005 1469 1437 1435 1467 987 1006 1297 974 1286 986 1285 1296 1449 1468 1436 1448
820 17 2 1 1 1009 977 975 1007 1471 1439 1437 1469 988 1008 1298 976 1287 987 1286 1297 1450 1470 1438 1449
821 17 2 1 1 1023 991 989 1021 1485 1453 1451 1483 1011 1022 1300 990 1289 1010 1288 1299 1473 1484 1452 1472
822 17 2 1 1 1025 993 991 1023 1487 1455 1453 1485 1012 1024 1301 992 1290 1011 1289 1300 1474 1486 1454 1473
823 17 2 1 1 1027 995 993 1025 1489 1457 1455 1487 1013 1026 1302 994 1291 1012 1290 1301 1475 1488 1456 1474
824 17 2 1 1 1029 997 995 1027 1491 1459 1457 1489 1014 1028 1303 996 1292 1013 1291 1302 1476 1490 1458 1475
825 17 2 1 1 1031 999 997 1029 1493 1461 1459 1491 1015 1030 1304 998 1293 1014 1292 1303 1477 1492 1460 1476
826 17 2 1 1 1033 1001 999 1031 1495 1463 1461 1493 1016 1032 1305 1000 1294 1015 1293 1304 1478 1494 1462 1477
827 17 2 1 1 1035 1003 1001 1033 1497 1465 1463 1495 1017 1034 1306 1002 1295 1016 1294 1305 1479 1496 1464 1478
828 17 2 1 1 1037 1005 1003 1035 1499 1467 1465 1497 1018 1036 1307 1004 1296 1017 1295 1306 1480 1498 1466 1479
829 17 2 1 1 1039 1007 1005 1037 1501 1469 1467 1499 1019 1038 1308 1006 1297 1018 1296 1307 1481 1500 1468 1480
830 17 2 1 1 1041 1009 1007 1039 1503 1471 1469 1501 1020 1040 1309 1008 1298 1019 1297 1308 1482 1502 1470 1481
831 17 2 1 1 1055 1023 1021 1053 1517 1485 1483 1515 1043 1054 1311 1022 1300 1042 1299 1310 1505 1516 1484 1504
832 17 2 1 1 1057 1025 1023 1055 1519 1487 1485 1517 1044 1056 1312 1024 1301 1043 1300 1311 1506 1518 1486 1505
833 17 2 1 1 1059 1027 1025 1057 1521 1489 1487 1519 1045 1058 1313 1026 1302 1044 1301 1312 1507 1520 1488 1506
834 17 2 1 1 1061 1029 1027 1059 1523 1491 1489 1521 1046 1060 1314 1028 1303 1045 1302 1313 1508 1522 1490 1507
835 17 2 1 1 1063 1031 1029 1061 1525 1493 1491 1523 1047 1062 1315 1030 1304 1046 1303 1314 1509 1524 1492 1508
836 17 2 1 1 1065 1033 1031 1063 1527 1495 1493 1525 1048 1064 1316 1032 1305 1047 1304 1315 1510 1526 1494 1509
837 17 2 1 1 1067 1035 1033 1065 1529 1497 1495 1527 1049 1066 1317 1034 1306 1048 1305 1316 1511 1528 1496 1510
838 17 2 1 1 1069 1037 1035 1067 1531 1499 1497 1529 1050 1068 1318 1036 1307 1049 1306 1317 1512 1530 1498 1511
839 17 2 1 1 1071 1039 1037 1069 1533 1501 1499 1531 1051 1070 1319 1038 1308 1050 1307 1318 1513 1532 1500 1512
840 17 2 1 1 1073 1041 1039 1071 1535 1503 1501 1533 1052 1072 1320 1040 1309 1051 1308 1319 1514 1534 1502 1513
841 17 2 1 1 1087 1055 1053 1085 1549 1517 1515 1547 1075 1086 1322 1054 1311 1074 1310 1321 1537 1548 1516 1536
842 17 2 1 1 1089 1057 1055 1087 1551 1519 1517 1549 1076 1088 1323 1056 1312 1075 1311 1322 1538 1550 1518 1537
843 17 2 1 1 1091 1059 1057 1089 1553 1521 1519 1551 1077 1090 1324 1058 1313 1076 1312 1323 1539 1552 1520 1538
844 17 2 1 1 1093 1061 1059 1091 1555 1523 1521 1553 1078 1092 1325 1060 1314 1077 1313 1324 1540 1554 1522 1539
845 17 2 1 1 1095 1063 1061 1093 1557 1525 1523 1555 1079 1094 1326 1062 1315 1078 1314 1325 1541 1556 1524 1540
846 17 2 1 1 1097 1065 1063 1095 1559 1527 1525 1557 1080 1096 1327 1064 1316 1079 1315 1326 1542 1558 1526 1541
847 17 2 1 1 1099 1067 1065 1097 1561 1529 1527 1559 1081 1098 1328 1066 1317 1080 1316 1327 1543 1560 1528 1542
848 17 2 1 1 1101 1069 1067 1099 1563 1531 1529 1561 1082 1100 1329 1068 1318 1081 1317 1328 1544 1562 1530 1543
849 17 2 1 1 1103 1071 1069 1101 1565 1533 1531 1563 1083 1102 1330 1070 1319 1082 1318 1329 1545 1564 1532 1544
850 17 2 1 1 1105 1073 1071 1103 1567 1535 1533 1565 1084 1104 1331 1072 1320 1083 1319 1330 1546 1566 1534 1545
851 17 2 1 1 1119 1087 1085 1117 1581 1549 1547 1579 1107 1118 1333 1086 1322 1106 1321 1332 1569 1580 1548 1568
852 17 2 1 1 1121 1089 1087 1119 1583 1551 1549 1581 1108 1120 1334 1088 1323 1107 1322 1333 1570 1582 1550 1569
853 17 2 1 1 1123 1091 1089 1121 1585 1553 1551 1583 1109 1122 1335 1090 1324 1108 1323 1334 1571 1584 1552 1570
854 17 2 1 1 1125 1093 1091 1123 1587 1555 1553 1585 1110 1124 1336 1092 1325 1109 1324 1335 1572 1586 1554 1571
855 17 2 1 1 1127 1095 1093 1125 1589 1557 1555 1587 1111 1126 1337 1094 1326 1110 1325 1336 1573 1588 1556 1572
856 17 2 1 1 1129 1097 1095 1127 1591 1559 1557 1589 1112 1128 1338 1096 1327 1111 1326 1337 1574 1590 1558 1573
857 17 2 1 1 1131 1099 1097 1129 1593 1561 1559 1591 1113 1130 1339 1098 1328 1112 1327 1338 1575 1592 1560 1574
858 17 2 1 1 1133 1101 1099 1131 1595 1563 1561 1593 1114 1132 1340 1100 1329 1113 1328 1339 1576 1594 1562 1575
859 17 2 1 1 1135 1103 1101 1133 1597 1565 1563 1595 1115 1134 1341 1102 1330 1114 1329 1340 1577 1596 1564 1576
860 17 2 1 1 1137 1105 1103 1135 1599 1567 1565 1597 1116 1136 1342 1104 1331 1115 1330 1341 1578 1598 1566 1577
861 17 2 1 1 1151 1119 1117 1149 1613 1581 1579 1611 1139 1150 1344 1118 1333 1138 1332 1343 1601 1612 1580 1600
862 17 2 1 1 1153 1121 1119 1151 1615 1583 1581 1613 1140 1152 1345 1120 1334 1139 1333 1344 1602 1614 1582 1601
863 17 2 1 1 1155 1123 1121 1153 1617 1585 1583 1615 1141 1154 1346 1122 1335 1140 1334 1345 1603 1616 1584 1602
864 17 2 1 1 1157 1125 1123 1155 1619 1587 1585 1617 1142 1156 1347 1124 1336 1141 1335 1346 1604 1618 1586 1603
865 17 2 1 1 1159 1127 1125 1157 1621 1589 1587 1619 1143 1158 1348 1126 1337 1142 1336 1347 1605 1620 1588 1604
866 17 2 1 1 1161 1129 1127 1159 1623 1591 1589 1621 1144 1160 1349 1128 1338 1143 1337 1348 1606 1622 1590 1605
867 17 2 1 1 1163 1131 1129 1161 1625 1593 1591 1623 1145 1162 1350 1130 1339 1144 1338 1349 1607 1624 1592 1606
868 17 2 1 1 1165 1133 1131 1163 1627 1595 1593 1625 1146 1164 1351 1132 1340 1145 1339 1350 1608 1626 1594 1607
869 17 2 1 1 1167 1135 1133 1165 1629 1597 1595 1627 1147 1166 1352 1134 1341 1146 1340 1351 1609 1628 1596 1608
870 17 2 1 1 1169 1137 1135 1167 1631 1599 1597 1629 1148 1168 1353 1136 1342 1147 1341 1352 1610 1630 1598 1609
871 17 2 1 1 1183 1151 1149 1181 1645 1613 1611 1643 1171 1182 1355 1150 1344 1170 1343 1354 1633 1644 1612 1632
872 17 2 1 1 1185 1153 1151 1183 1647 1615 1613 1645 1172 1184 1356 1152 1345 1171 1344 1355 1634 1646 1614 1633
873 17 2 1 1 1187 1155 1153 1185 1649 1617 1615 1647 1173 1186 1357 1154 1346 1172 1345 1356 1635 1648 1616 1634
874 17 2 1 1 1189 1157 1155 1187 1651 1619 1617 1649 1174 1188 1358 1156 1347 1173 1346 1357 1636 1650 1618 1635
875 17 2 1 1 1191 1159 1157 1189 1653 1621 1619 1651 1175 1190 1359 1158 1348 1174 1347 1358 1637 1652 1620 1636
876 17 2 1 1 1193 1161 1159 1191 1655 1623 1621 1653 1176 1192 1360 1160 1349 1175 1348 1359 1638 1654 1622 1637
877 17 2 1 1 1195 1163 1161 1193 1657 1625 1623 1655 1177 1194 1361 1162 1350 1176 1349 1360 1639 1656 1624 1638
878 17 2 1 1 1197 1165 1163 1195 1659 1627 1625 1657 1178 1196 1362 1164 1351 1177 1350 1361 1640 1658 1626 1639
879 17 2 1 1 1199 1167 1165 1197 1661 1629 1627 1659 1179 1198 1363 1166 1352 1178 1351 1362 1641 1660 1628 1640
880 17 2 1 1 1201 1169 1167 1199 1663 1631 1629 1661 1180 1200 1364 1168 1353 1179 1352 1363 1642 1662 1630 1641
881 17 2 1 1 1215 1183 1181 1213 1677 1645 1643 1675 1203 1214 1366 1182 1355 1202 1354 1365 1665 1676 1644 1664
882 17 2 1 1 1217 1185 1183 1215 1679 1647 1645 1677 1204 1216 1367 1184 1356 1203 1355 1366 1666 1678 1646 1665
883 17 2 1 1 1219 1187 1185 1217 1681 1649 1647 1679 1205 1218 1368 1186 1357 1204 1356 1367 1667 1680 1648 1666
884 17 2 1 1 1221 1189 1187 1219 1683 1651 1649 1681 1206 1220 1369 1188 1358 1205 1357 1368 1668 1682 1650 1667
885 17 2 1 1 1223 1191 1189 1221 1685 1653 1651 1683 1207 1222 1370 1190 1359 1206 1358 1369 1669 1684 1652 1668
886 17 2 1 1 1225 1193 1191 1223 1687 1655 1653 1685 1208 1224 1371 1192 1360 1207 1359 1370 1670 1686 1654 1669
887 17 2 1 1 1227 1195 1193 1225 1689 1657 1655 1687 1209 1226 1372 1194 1361 1208 1360 1371 1671 1688 1656 1670
888 17 2 1 1 1229 1197 1195 1227 1691 1659 1657 1689 1210 1228 1373 1196 1362 1209 1361 1372 1672 1690 1658 1671
889 17 2 1 1 1231 1199 1197 1229 1693 1661 1659 1691 1211 1230 1374 1198 1363 1210 1362 1373 1673 1692 1660 1672
890 17 2 1 1 1233 1201 1199 1231 1695 1663 1661 1693 1212 1232 1375 1200 1364 1211 1363 1374 1674 1694 1662 1673
891 17 2 1 1 1247 1215 1213 1245 1709 1677 1675 1707 1235 1246 1377 1214 1366 1234 1365 1376 1697 1708 1676 1696
892 17 2 1 1 1249 1217 1215 1247 1711 1679 1677 1709 1236 1248 1378 1216 1367 1235 1366 1377 1698 1710 1678 1697
893 17 2 1 1 1251 1219 1217 1249 1713 1681 1679 1711 1237 1250 1379 1218 1368 1236 1367 1378 1699 1712 1680 1698
894 17 2 1 1 1253 1221 1219 1251 1715 1683 1681 1713 1238 1252 1380 1220 1369 1237 1368 1379 1700 1714 1682 1699
895 17 2 1 1 1255 1223 1221 1253 1717 1685 1683 1715 1239 1254 1381 1222 1370 1238 1369 1380 1701 1716 1684 1700
896 17 2 1 1 1257 1225 1223 1255 1719 1687 1685 1717 1240 1256 1382 1224 1371 1239 1370 1381 1702 1718 1686 1701
897 17 2 1 1 1259 1227 1225 1257 1721 1689 1687 1719 1241 1258 1383 1226 1372 1240 1371 1382 1703 1720 1688 1702
898 17 2 1 1 1261 1229 1227 1259 1723 1691 1689 1721 1242 1260 1384 1228 1373 1241 1372 1383 1704 1722 1690 1703
899 17 2 1 1 1263 1231 1229 1261 1725 1693 1691 1723 1243 1262 1385 1230 1374 1242 1373 1384 1705 1724 1692 1704
900 17 2 1 1 1265 1233 1231 1263 1727 1695 1693 1725 1244 1264 1386 1232 1375 1243 1374 1385 1706 1726 1694 1705
901 17 2 1 1 1421 1389 1387 1419 1883 1851 1849 1881 1409 1420 1740 1388 1729 1408 1728 1739 1871 1882 1850 1870
902 17 2 1 1 1423 1391 1389 1421 1885 1853 1851 1883 1410 1422 1741 1390 1730 1409 1729 1740 1872 1884 1852 1871
903 17 2 1 1 1425 1393 1391 1423 1887 1855 1853 1885 1411 1424 1742 1392 1731 1410 1730 1741 1873 1886 1854 1872
904 17 2 1 1 1427 1395 1393 1425 1889 1857 1855 1887 1412 1426 1743 1394 1732 1411 1731 1742 1874 1888 1856 1873
905 17 2 1 1 1429 1397 1395 1427 1891 1859 1857 1889 1413 1428 1744 1396 1733 1412 1732 1743 1875 1890 1858 1874
906 17 2 1 1 1431 1399 1397 1429 1893 1861 1859 1891 1414 1430 1745 1398 1734 1413 1733 1744 1876 1892 1860 1875
907 17 2 1 1 1433 1401 1399 1431 1895 1863 1861 1893 1415 1432 1746 1400 1735 1414 1734 1745 1877 1894 1862 1876
908 17 2 1 1 1435 1403 1401 1433 1897 1865 1863 1895 1416 1434 1747 1402 1736 1415 1735 1746 1878 1896 1864 1877
909 17 2 1 1 1437 1405 1403 1435 1899 1867 1865 1897 1417 1436 1748 1404 1737 1416 1736 1747 1879 1898 1866 1878
910 17 2 1 1 1439 1407 1405 1437 1901 1869 1867 1899 1418 1438 1749 1406 1738 1417 1737 1748 1880 1900 1868 1879
911 17 2 1 1 1453 1421 1419 1451 1915 1883 1881 1913 1441 1452 1751 1420 1740 1440 1739 1750 1903 1914 1882 1902
912 17 2 1 1 1455 1423 1421 1453 1917 1885 1883 1915 1442 1454 1752 1422 1741 1441 1740 1751 1904 1916 1884 1903
913 17 2 1 1 1457 1425 1423 1455 1919 1887 1885 1917 1443 1456 1753 1424 1742 1442 1741 1752 1905 1918 1886 1904
914 17 2 1 1 1459 1427 1425 1457 1921 1889 1887 1919 1444 1458 1754 1426 1743 1443 1742 1753 1906 1920 1888 1905
915 17 2 1 1 1461 1429 1427 1459 1923 1891 1889 1921 1445 1460 1755 1428 1744 1444 1743 1754 1907 1922 1890 1906
916 17 2 1 1 1463 1431 1429 1461 1925 1893 1891 1923 1446 1462 1756 1430 1745 1445 1744 1755 1908 1924 1892 1907
917 17 2 1 1 1465 1433 1431 1463 1927 1895 1893 1925 1447 1464 1757 1432 1746 1446 1745 1756 1909 1926 1894 1908
918 17 2 1 1 1467 1435 1433 1465 1929 1897 1895 1927 1448 1466 1758 1434 1747 1447 1746 1757 1910 1928 1896 1909
919 17 2 1 1 1469 1437 1435 1467 1931 1899 1897 1929 1449 1468 1759 1436 1748 1448 1747 1758 1911 1930 1898 1910
920 17 2 1 1 1471 1439 1437 1469 1933 1901 1899 1931 1450 1470 1760 1438 1749 1449 1748 1759 1912 1932 1900 1911
921 17 2 1 1 1485 1453 1451 1483 1947 1915 1913 1945 1473 1484 1762 1452 1751 1472 1750 1761 1935 1946 1914 1934
922 17 2 1 1 1487 1455 1453 1485 1949 1917 1915 1947 1474 1486 1763 1454 1752 1473 1751 1762 1936 1948 1916 1935
923 17 2 1 1 1489 1457 1455 1487 1951 1919 1917 1949 1475 1488 1764 1456 1753 1474 1752 1763 1937 1950 1918 1936
924 17 2 1 1 1491 1459 1457 1489 1953 1921 1919 1951 1476 1490 1765 1458 1754 1475 1753 1764 1938 1952 1920 1937
925 17 2 1 1 1493 1461 1459 1491 1955 1923 1921 1953 1477 1492 1766 1460 1755 1476 1754 1765 1939 1954 1922 1938
926 17 2 1 1 1495 1463 1461 1493 1957 1925 1923 1955 1478 1494 1767 1462 1756 1477 1755 1766 1940 1956 1924 1939
927 17 2 1 1 1497 1465 1463 1495 1959 1927 1925 1957 1479 1496 1768 1464 1757 1478 1756 1767 1941 1958 1926 1940
928 17 2 1 1 1499 1467 1465 1497 1961 1929 1927 1959 1480 1498 1769 1466 1758 1479 1757 1768 1942 1960 1928 1941
929 17 2 1 1 1501 1469 1467 1499 1963 1931 1929 1961 1481 1500 1770 1468 1759 1480 1758 1769 1943 1962 1930 1942
930 17 2 1 1 1503 1471 1469 1501 1965 1933 1931 1963 1482 1502 1771 1470 1760 1481 1759 1770 1944 1964 1932 1943
931 17 2 1 1 1517 1485 1483 1515 1979 1947 1945 1977 1505 1516 1773 1484 1762 1504 1761 1772 1967 1978 1946 1966
932 17 2 1 1 1519 1487 1485 1517 1981 1949 1947 1979 1506 1518 1774 1486 1763 1505 1762 1773 1968 1980 1948 1967
933 17 2 1 1 1521 1489 1487 1519 1983 1951 1949 1981 1507 1520 1775 1488 1764 1506 1763 1774 1969 1982 1950 1968
934 17 2 1 1 1523 1491 1489 1521 1985 1953 1951 1983 1508 1522 1776 1490 1765 1507 1764 1775 1970 1984 1952 1969
935 17 2 1 1 1525 1493 1491 1523 1987 1955 1953 1985 1509 1524 1777 1492 1766 1508 1765 1776 1971 1986 1954 1970
936 17 2 1 1 1527 1495 1493 1525 1989 1957 1955 1987 1510 1526 1778 1494 1767 1509 1766 1777 1972 1988 1956 1971
937 17 2 1 1 1529 1497 1495 1527 1991 1959 1957 1989 1511 1528 1779 1496 1768 1510 1767 1778 1973 1990 1958 1972
938 17 2 1 1 1531 1499 1497 1529 1993 1961 1959 1991 1512 1530 1780 1498 1769 1511 1768 1779 1974 1992 1960 1973
939 17 2 1 1 1533 1501 1499 1531 1995 1963 1961 1993 1513 1532 1781 1500 1770 1512 1769 1780 1975 1994 1962 1974
940 17 2 1 1 1535 1503 1501 1533 1997 1965 1963 1995 1514 1534 1782 1502 1771 1513 1770 1781 1976 1996 1964 1975
941 17 2 1 1 1549 1517 1515 1547 2011 1979 1977 2009 1537 1548 1784 1516 1773 1536 1772 1783 1999 2010 1978 1998
942 17 2 1 1 1551 1519 1517 1549 2013 1981 1979 2011 1538 1550 1785 1518 1774 1537 1773 1784 2000 2012 1980 1999
943 17 2 1 1 1553 1521 1519 1551 2015 1983 1981 2013 1539 1552 1786 1520 1775 1538 1774 1785 2001 2014 1982 2000
944 17 2 1 1 1555 1523 1521 1553 2017 1985 1983 2015 1540 1554 1787 1522 1776 1539 1775 1786 2002 2016 1984 2001
945 17 2 1 1 1557 1525 1523 1555 2019 1987 1985 2017 1541 1556 1788 1524 1777 1540 1776 1787 2003 2018 1986 2002
946 17 2 1 1 1559 1527 1525 1557 2021 1989 1987 2019 1542 1558 1789 1526 1778 1541 1777 1788 2004 2020 1988 2003
947 17 2 1 1 1561 1529 1527 1559 2023 1991 1989 2021 1543 1560 1790 1528 1779 1542 1778 1789 2005 2022 1990 2004
948 17 2 1 1 1563 1531 1529 1561 2025 1993 1991 2023 1544 1562 1791 1530 1780 1543 1779 1790 2006 2024 1992 2005
949 17 2 1 1 1565 1533 1531 1563 2027 1995 1993 2025 1545 1564 1792 1532 1781 1544 1780 1791 2007 2026 1994 2006
950 17 2 1 1 1567 1535 1533 1565 2029 1997 1995 2027 1546 1566 1793 1534 1782 1545 1781 1792 2008 2028 1996 2007
951 17 2 1 1 1581 1549 1547 1579 2043 2011 2009 2041 1569 1580 1795 1548 1784 1568 1783 1794 2031 2042 2010 2030
952 17 2 1 1 1583 1551 1549 1581 2045 2013 2011 2043 1570 1582 1796 1550 1785 1569 1784 1795 2032 2044 2012 2031
953 17 2 1 1 1585 1553 1551 1583 2047 2015 2013 2045 1571 1584 1797 1552 1786 1570 1785 1796 2033 2046 2014 2032
954 17 2 1 1 1587 1555 1553 1585 2049 2017 2015 2047 1572 1586 1798 1554 1787 1571 1786 1797 2034 2048 2016 2033
955 17 2 1 1 1589 1557 1555 1587 2051 2019 2017 2049 1573 1588 1799 1556 1788 1572 1787 1798 2035 2050 2018 2034
956 17 2 1 1 1591 1559 1557 1589 2053 2021 2019 2051 1574 1590 1800 1558 1789 1573 1788 1799 2036 2052 2020 2035
957 17 2 1 1 1593 1561 1559 1591 2055 2023 2021 2053 1575 1592 1801 1560 1790 1574 1789 1800 2037 2054 2022 2036
958 17 2 1 1 1595 1563 1561 1593 2057 2025 2023 2055 1576 1594 1802 1562 1791 1575 1790 1801 2038 2056 2024 2037
959 17 2 1 1 1597 1565 1563 1595 2059 2027 2025 2057 1577 1596 1803 1564 1792 1576 1791 1802 2039 2058 2026 2038
960 17 2 1 1 1599 1567 1565 1597 2061 2029 2027 2059 1578 1598 1804 1566 1793 1577 1792 1803 2040 2060 2028 2039
961 17 2 1 1 1613 1581 1579 1611 2075 2043 2041 2073 1601 1612 1806 1580 1795 1600 1794 1805 2063 2074 2042 2062
962 17 2 1 1 1615 1583 1581 1613 2077 2045 2043 2075 1602 1614 1807 1582 1796 1601 1795 1806 2064 2076 2044 2063
963 17 2 1 1 1617 1585 1583 1615 2079 2047 2045 2077 1603 1616 1808 1584 1797 1602 1796 1807 2065 2078 2046 2064
964 17 2 1 1 1619 1587 1585 1617 2081 2049 2047 2079 1604 1618 1809 1586 1798 1603 1797 1808 2066 2080 2048 2065
965 17 2 1 1 1621 1589 1587 1619 2083 2051 2049 2081 1605 1620 1810 1588 1799 1604 1798 1809 2067 2082 2050 2066
966 17 2 1 1 1623 1591 1589 1621 2085 2053 2051 2083 1606 1622 1811 1590 1800 1605 1799 1810 2068 2084 2052 2067
967 17 2 1 1 1625 1593 1591 1623 2087 2055 2053 2085 1607 1624 1812 1592 1801 1606 1800 1811 2069 2086 2054 2068
968 17 2 1 1 1627 1595 1593 1625 2089 2057 2055 2087 1608 1626 1813 1594 1802 1607 1801 1812 2070 2088 2056 2069
969 17 2 1 1 1629 1597 1595 1627 2091 2059 2057 2089 1609 1628 1814 1596 1803 1608 1802 1813 2071 2090 2058 2070
970 17 2 1 1 1631 1599 1597 1629 2093 2061 2059 2091 1610 1630 1815 1598 1804 1609 1803 1814 2072 2092 2060 2071
971 17 2 1 1 1645 1613 1611 1643 2107 2075 2073 2105 1633 1644 1817 1612 1806 1632 1805 1816 2095 2106 2074 2094
972 17 2 1 1 1647 1615 1613 1645 2109 2077 2075 2107 1634 1646 1818 1614 1807 1633 1806 1817 2096 2108 2076 2095
973 17 2 1 1 1649 1617 1615 1647 2111 2079 2077 2109 1635 1648 1819 1616 1808 1634 1807 1818 2097 2110 2078 2096
974 17 2 1 1 1651 1619 1617 1649 2113 2081 2079 2111 1636 1650 1820 1618 1809 1635 1808 1819 2098 2112 2080 2097
975 17 2 1 1 1653 1621 1619 1651 2115 2083 2081 2113 1637 1652 1821 1620 1810 1636 1809 1820 2099 2114 2082 2098
976 17 2 1 1 1655 1623 1621 1653 2117 2085 2083 2115 1638 1654 1822 1622 1811 1637 1810 1821 2100 2116 2084 2099
977 17 2 1 1 1657 1625 1623 1655 2119 2087 2085 2117 1639 1656 1823 1624 1812 1638 1811 1822 2101 2118 2086 2100
978 17 2 1 1 1659 1627 1625 1657 2121 2089 2087 2119 1640 1658 1824 1626 1813 1639 1812 1823 2102 2120 2088 2101
979 17 2 1 1 1661 1629 1627 1659 2123 2091 2089 2121 1641 1660 1825 1628 1814 1640 1813 1824 2103 2122 2090 2102
980 17 2 1 1 1663 1631 1629 1661 2125 2093 2091 2123 1642 1662 1826 1630 1815 1641 1814 1825 2104 2124 2092 2103
981 17 2 1 1 1677 1645 1643 1675 2139 2107 2105 2137 1665 1676 1828 1644 1817 1664 1816 1827 2127 2138 2106 2126
982 17 2 1 1 1679 1647 1645 1677 2141 2109 2107 2139 1666 1678 1829 1646 1818 1665 1817 1828 2128 2140 2108 2127
983 17 2 1 1 1681 1649 1647 1679 2143 2111 2109 2141 1667 1680 1830 1648 1819 1666 1818 1829 2129 2142 2110 2128
984 17 2 1 1 1683 1651 1649 1681 2145 2113 2111 2143 1668 1682 1831 1650 1820 1667 1819 1830 2130 2144 2112 2129
985 17 2 1 1 1685 1653 1651 1683 2147 2115 2113 2145 1669 1684 1832 1652 1821 1668 1820 1831 2131 2146 2114 2130
986 17 2 1 1 1687 1655 1653 1685 2149 2117 2115 2147 1670 1686 1833 1654 1822 1669 1821 1832 2132 2148 2116 2131
987 17 2 1 1 1689 1657 1655 1687 2151 2119 2117 2149 1671 1688 1834 1656 1823 1670 1822 1833 2133 2150 2118 2132
988 17 2 1 1 1691 1659 1657 1689 2153 2121 2119 2151 1672 1690 1835 1658 1824 1671 1823 1834 2134 2152 2120 2133
989 17 2 1 1 1693 1661 1659 1691 2155 2123 2121 2153 1673 1692 1836 1660 1825 1672 1824 1835 2135 2154 2122 2134
990 17 2 1 1 1695 1663 1661 1693 2157 2125 2123 2155 1674 1694 1837 1662 1826 1673 1825 1836 2136 2156 2124 2135
991 17 2 1 1 1709 1677 1675 1707 2171 2139 2137 2169 1697 1708 1839 1676 1828 1696 1827 1838 2159 2170 2138 2158
992 17 2 1 1 1711 1679 1677 1709 2173 2141 2139 2171 1698 1710 1840 1678 1829 1697 1828 1839 2160 2172 2140 2159
993 17 2 1 1 1713 1681 1679 1711 2175 2143 2141 2173 1699 1712 1841 1680 1830 1698 1829 1840 2161 2174 2142 2160
994 17 2 1 1 1715 1683 1681 1713 2177 2145 2143 2175 1700 1714 1842 1682 1831 1699 1830 1841 2162 2176 2144 2161
995 17 2 1 1 1717 1685 1683 1715 2179 2147 2145 2177 1701 1716 1843 1684 1832 1700 1831 1842 2163 2178 2146 2162
996 17 2 1 1 1719 1687 1685 1717 2181 2149 2147 2179 1702 1718 1844 1686 1833 1701 1832 1843 2164 2180 2148 2163
997 17 2 1 1 1721 1689 1687 1719 2183 2151 2149 2181 1703 1720 1845 1688 1834 1702 1833 1844 2165 2182 2150 2164
998 17 2 1 1 1723 1691 1689 1721 2185 2153 2151 2183 1704 1722 1846 1690 1835 1703 1834 1845 2166 2184 2152 2165
999 17 2 1 1 1725 1693 1691 1723 2187 2155 2153 2185 1705 1724 1847 1692 1836 1704 1835 1846 2167 2186 2154 2166
1000 17 2 1 1 1727 1695 1693 1725 2189 2157 2155 2187 1706 1726 1848 1694 1837 1705 1836 1847 2168 2188 2156 2167
1001 17 2 1 1 1883 1851 1849 1881 2345 2313 2311 2343 1871 1882 2202 1850 2191 1870 2190 2201 2333 2344 2312 2332
1002 17 2 1 1 1885 1853 1851 1883 2347 2315 2313 2345 1872 1884 2203 1852 2192 1871 2191 2202 2334 2346 2314 2333
1003 17 2 1 1 1887 1855 1853 1885 2349 2317 2315 2347 1873 1886 2204 1854 2193 1872 2192 2203 2335 2348 2316 2334
1004 17 2 1 1 1889 1857 1855 1887 2351 2319 2317 2349 1874 1888 2205 1856 2194 1873 2193 2204 2336 2350 2318 2335
1005 17 2 1 1 1891 1859 1857 1889 2353 2321 2319 2351 1875 1890 2206 1858 2195 1874 2194 2205 2337 2352 2320 2336
1006 17 2 1 1 1893 1861 1859 1891 2355 2323 2321 2353 1876 1892 2207 1860 2196 1875 2195 2206 2338 2354 2322 2337
1007 17 2 1 1 1895 1863 1861 1893 2357 2325 2323 2355 1877 1894 2208 1862 2197 1876 2196 2207 2339 2356 2324 2338
1008 17 2 1 1 1897 1865 1863 1895 2359 2327 2325 2357 1878 1896 2209 1864 2198 1877 2197 2208 2340 2358 2326 2339
1009 17 2 1 1 1899 1867 1865 1897 2361 2329 2327 2359 1879 1898 2210 1866 2199 1878 2198 2209 2341 2360 2328 2340
1010 17 2 1 1 1901 1869 1867 1899 2363 2331 2329 2361 1880 1900 2211 1868 2200 1879 2199 2210 2342 2362 2330 2341
1011 17 2 1 1 1915 1883 1881 1913 2377 2345 2343 2375 1903 1914 2213 1882 2202 1902 2201 2212 2365 2376 2344 2364
1012 17 2 1 1 1917 1885 1883 1915 2379 2347 2345 2377 1904 1916 2214 1884 2203 1903 2202 2213 2366 2378 2346 2365
1013 17 2 1 1 1919 1887 1885 1917 2381 2349 2347 2379 1905 1918 2215 1886 2204 1904 2203 2214 2367 2380 2348 2366
1014 17 2 1 1 1921 1889 1887 1919 2383 2351 2349 2381 1906 1920 2216 1888 2205 1905 2204 2215 2368 2382 2350 2367
1015 17 2 1 1 1923 1891 1889 1921 2385 2353 2351 2383 1907 1922 2217 1890 2206 1906 2205 2216 2369 2384 2352 2368
1016 17 2 1 1 1925 1893 1891 1923 2387 2355 2353 2385 1908 1924 2218 1892 2207 1907 2206 2217 2370 2386 2354 2369
1017 17 2 1 1 1927 1895 1893 1925 2389 2357 2355 2387 1909 1926 2219 1894 2208 1908 2207 2218 2371 2388 2356 2370
1018 17 2 1 1 1929 1897 1895 1927 2391 2359 2357 2389 1910 1928 2220 1896 2209 1909 2208 2219 2372 2390 2358 2371
1019 17 2 1 1 1931 1899 1897 1929 2393 2361 2359 2391 1911 1930 2221 1898 2210 1910 2209 2220 2373 2392 2360 2372
1020 17 2 1 1 1933 1901 1899 1931 2395 2363 2361 2393 1912 1932 2222 1900 2211 1911 2210 2221 2374 2394 2362 2373
1021 17 2 1 1 1947 1915 1913 1945 2409 2377 2375 2407 1935 1946 2224 1914 2213 1934 2212 2223 2397 2408 2376 2396
1022 17 2 1 1 1949 1917 1915 1947 2411 2379 2377 2409 1936 1948 2225 1916 2214 1935 2213 2224 2398 2410 2378 2397
1023 17 2 1 1 1951 1919 1917 1949 2413 2381 2379 2411 1937 1950 2226 1918 2215 1936 2214 2225 2399 2412 2380 2398
1024 17 2 1 1 1953 1921 1919 1951 2415 2383 2381 2413 1938 1952 2227 1920 2216 1937 2215 2226 2400 2414 2382 2399
1025 17 2 1 1 1955 1923 1921 1953 2417 2385 2383 2415 1939 1954 2228 1922 2217 1938 2216 2227 2401 2416 2384 2400
1026 17 2 1 1 1957 1925 1923 1955 2419 2387 2385 2417 1940 1956 2229 1924 2218 1939 2217 2228 2402 2418 2386 2401
1027 17 2 1 1 1959 1927 1925 1957 2421 2389 2387 2419 1941 1958 2230 1926 2219 1940 2218 2229 2403 2420 2388 2402
1028 17 2 1 1 1961 1929 1927 1959 2423 2391 2389 2421 1942 1960 2231 1928 2220 1941 2219 2230 2404 2422 2390 2403
1029 17 2 1 1 1963 1931 1929 1961 2425 2393 2391 2423 1943 1962 2232 1930 2221 1942 2220 2231 2405 2424 2392 2404
1030 17 2 1 1 1965 1933 1931 1963 2427 2395 2393 2425 1944 1964 2233 1932 2222 1943 2221 2232 2406 2426 2394 2405
1031 17 2 1 1 1979 1947 1945 1977 2441 2409 2407 2439 1967 1978 2235 1946 2224 1966 2223 2234 2429 2440 2408 2428
1032 17 2 1 1 1981 1949 1947 1979 2443 2411 2409 2441 1968 1980 2236 1948 2225 1967 2224 2235 2430 2442 2410 2429
1033 17 2 1 1 1983 1951 1949 1981 2445 2413 2411 2443 1969 1982 2237 1950 2226 1968 2225 2236 2431 2444 2412 2430
1034 17 2 1 1 1985 1953 1951 1983 2447 2415 2413 2445 1970 1984 2238 1952 2227 1969 2226 2237 2432 2446 2414 2431
1035 17 2 1 1 1987 1955 1953 1985 2449 2417 2415 2447 1971 1986 2239 1954 2228 1970 2227 2238 2433 2448 2416 2432
1036 17 2 1 1 1989 1957 1955 1987 2451 2419 2417 2449 1972 1988 2240 1956 2229 1971 2228 2239 2434 2450 2418 2433
1037 17 2 1 1 1991 1959 1957 1989 2453 2421 2419 2451 1973 1990 2241 1958 2230 1972 2229 2240 2435 2452 2420 2434
1038 17 2 1 1 1993 1961 1959 1991 2455 2423 2421 2453 1974 1992 2242 1960 2231 1973 2230 2241 2436 2454 2422 2435
1039 17 2 1 1 1995 1963 1961 1993 2457 2425 2423 2455 1975 1994 2243 1962 2232 1974 2231 2242 2437 2456 2424 2436
1040 17 2 1 1 1997 1965 1963 1995 2459 2427 2425 2457 1976 1996 2244 1964 2233 1975 2232 2243 2438 2458 2426 2437
1041 17 2 1 1 2011 1979 1977 2009 2473 2441 2439 2471 1999 2010 2246 1978 2235 1998 2234 2245 2461 2472 2440 2460
1042 17 2 1 1 2013 1981 1979 2011 2475 2443 2441 2473 2000 2012 2247 1980 2236 1999 2235 2246 2462 2474 2442 2461
1043 17 2 1 1 2015 1983 1981 2013 2477 2445 2443 2475 2001 2014 2248 1982 2237 2000 2236 2247 2463 2476 2444 2462
1044 17 2 1 1 2017 1985 1983 2015 2479 2447 2445 2477 2002 2016 2249 1984 2238 2001 2237 2248 2464 2478 2446 2463
1045 17 2 1 1 2019 1987 1985 2017 2481 2449 2447 2479 2003 2018 2250 1986 2239 2002 2238 2249 2465 2480 2448 2464
1046 17 2 1 1 2021 1989 1987 2019 2483 2451 2449 2481 2004 2020 2251 1988 2240 2003 2239 2250 2466 2482 2450 2465
1047 17 2 1 1 2023 1991 1989 2021 2485 2453 2451 2483 2005 2022 2252 1990 2241 2004 2240 2251 2467 2484 2452 2466
1048 17 2 1 1 2025 1993 1991 2023 2487 2455 2453 2485 2006 2024 2253 1992 2242 2005 2241 2252 2468 2486 2454 2467
1049 17 2 1 1 2027 1995 1993 2025 2489 2457 2455 2487 2007 2026 2254 1994 2243 2006 2242 2253 2469 2488 2456 2468
1050 17 2 1 1 2029 1997 1995 2027 2491 2459 2457 2489 2008 2028 2255 1996 2244 2007 2243 2254 2470 2490 2458 2469
1051 17 2 1 1 2043 2011 2009 2041 2505 2473 2471 2503 2031 2042 2257 2010 2246 2030 2245 2256 2493 2504 2472 2492
1052 17 2 1 1 2045 2013 2011 2043 2507 2475 2473 2505 2032 2044 2258 2012 2247 2031 2246 2257 2494 2506 2474 2493
1053 17 2 1 1 2047 2015 2013 2045 2509 2477 2475 2507 2033 2046 2259 2014 2248 2032 2247 2258 2495 2508 2476 2494
1054 17 2 1 1 2049 2017 2015 2047 2511 2479 2477 2509 2034 2048 2260 2016 2249 2033 2248 2259 2496 2510 2478 2495
1055 17 2 1 1 2051 2019 2017 2049 2513 2481 2479 2511 2035 2050 2261 2018 2250 2034 2249 2260 2497 2512 2480 2496
1056 17 2 1 1 2053 2021 2019 2051 2515 2483 2481 2513 2036 2052 2262 2020 2251 2035 2250 2261 2498 2514 2482 2497
1057 17 2 1 1 2055 2023 2021 2053 2517 2485 2483 2515 2037 2054 2263 2022 2252 2036 2251 2262 2499 2516 2484 2498
1058 17 2 1 1 2057 2025 2023 2055 2519 2487 2485 2517 2038 2056 2264 2024 2253 2037 2252 2263 2500 2518 2486 2499
1059 17 2 1 1 2059 2027 2025 2057 2521 2489 2487 2519 2039 2058 2265 2026 2254 2038 2253 2264 2501 2520 2488 2500
1060 17 2 1 1 2061 2029 2027 2059 2523 2491 2489 2521 2040 2060 2266 2028 2255 2039 2254 2265 2502 2522 2490 2501
1061 17 2 1 1 2075 2043 2041 2073 2537 2505 2503 2535 2063 2074 2268 2042 2257 2062 2256 2267 2525 2536 2504 2524
1062 17 2 1 1 2077 2045 2043 2075 2539 2507 2505 2537 2064 2076 2269 2044 2258 2063 2257 2268 2526 2538 2506 2525
1063 17 2 1 1 2079 2047 2045 2077 2541 2509 2507 2539 2065 2078 2270 2046 2259 2064 2258 2269 2527 2540 2508 2526
1064 17 2 1 1 2081 2049 2047 2079 2543 2511 2509 2541 2066 2080 2271 2048 2260 2065 2259 2270 2528 2542 2510 2527
1065 17 2 1 1 2083 2051 2049 2081 2545 2513 2511 2543 2067 2082 2272 2050 2261 2066 2260 2271 2529 2544 2512 2528
1066 17 2 1 1 2085 2053 2051 2083 2547 2515 2513 2545 2068 2084 2273 2052 2262 2067 2261 2272 2530 2546 2514 2529
1067 17 2 1 1 2087 2055 2053 2085 2549 2517 2515 2547 2069 2086 2274 2054 2263 2068 2262 2273 2531 2548 2516 2530
1068 17 2 1 1 2089 2057 2055 2087 2551 2519 2517 2549 2070 2088 2275 2056 2264 2069 2263 2274 2532 2550 2518 2531
1069 17 2 1 1 2091 2059 2057 2089 2553 2521 2519 2551 2071 2090 2276 2058 2265 2070 2264 2275 2533 2552 2520 2532
1070 17 2 1 1 2093 2061 2059 2091 2555 2523 2521 2553 2072 2092 2277 2060 2266 2071 2265 2276 2534 2554 2522 2533
1071 17 2 1 1 2107 2075 2073 2105 2569 2537 2535 2567 2095 2106 2279 2074 2268 2094 2267 2278 2557 2568 2536 2556
1072 17 2 1 1 2109 2077 2075 2107 2571 2539 2537 2569 2096 2108 2280 2076 2269 2095 2268 2279 2558 2570 2538 2557
1073 17 2 1 1 2111 2079 2077 2109 2573 2541 2539 2571 2097 2110 2281 2078 2270 2096 2269 2280 2559 2572 2540 2558
1074 17 2 1 1 2113 2081 2079 2111 2575 2543 2541 2573 2098 2112 2282 2080 2271 2097 2270 2281 2560 2574 2542 2559
1075 17 2 1 1 2115 2083 2081 2113 2577 2545 2543 2575 2099 2114 2283 2082 2272 2098 2271 2282 2561 2576 2544 2560
1076 17 2 1 1 2117 2085 2083 2115 2579 2547 2545 2577 2100 2116 2284 2084 2273 2099 2272 2283 2562 2578 2546 2561
1077 17 2 1 1 2119 2087 2085 2117 2581 2549 2547 2579 2101 2118 2285 2086 2274 2100 2273 2284 2563 2580 2548 2562
1078 17 2 1 1 2121 2089 2087 2119 2583 2551 2549 2581 2102 2120 2286 2088 2275 2101 2274 2285 2564 2582 2550 2563
1079 17 2 1 1 2123 2091 2089 2121 2585 2553 2551 2583 2103 2122 2287 2090 2276 2102 2275 2286 2565 2584 2552 2564
1080 17 2 1 1 2125 2093 2091 2123 2587 2555 2553 2585 2104 2124 2288 2092 2277 2103 2276 2287 2566 2586 2554 2565
1081 17 2 1 1 2139 2107 2105 2137 2601 2569 2567 2599 2127 2138 2290 2106 2279 2126 2278 2289 2589 2600 2568 2588
1082 17 2 1 1 2141 2109 2107 2139 2603 2571 2569 2601 2128 2140 2291 2108 2280 2127 2279 2290 2590 2602 2570 2589
1083 17 2 1 1 2143 2111 2109 2141 2605 2573 2571 2603 2129 2142 2292 2110 2281 2128 2280 2291 2591 2604 2572 2590
1084 17 2 1 1 2145 2113 2111 2143 2607 2575 2573 2605 2130 2144 2293 2112 2282 2129 2281 2292 2592 2606 2574 2591
1085 17 2 1 1 2147 2115 2113 2145 2609 2577 2575 2607 2131 2146 2294 2114 2283 2130 2282 2293 2593 2608 2576 2592
1086 17 2 1 1 2149 2117 2115 2147 2611 2579 2577 2609 2132 2148 2295 2116 2284 2131 2283 2294 2594 2610 2578 2593
1087 17 2 1 1 2151 2119 2117 2149 2613 2581 2579 2611 2133 2150 2296 2118 2285 2132 2284 2295 2595 2612 2580 2594
1088 17 2 1 1 2153 2121 2119 2151 2615 2583 2581 2613 2134 2152 2297 2120 2286 2133 2285 2296 2596 2614 2582 2595
1089 17 2 1 1 2155 2123 2121 2153 2617 2585 2583 2615 2135 2154 2298 2122 2287 2134 2286 2297 2597 2616 2584 2596
1090 17 2 1 1 2157 2125 2123 2155 2619 2587 2585 2617 2136 2156 2299 2124 2288 2135 2287 2298 2598 2618 2586 2597
1091 17 2 1 1 2171 2139 2137 2169 2633 2601 2599 2631 2159 2170 2301 2138 2290 2158 2289 2300 2621 2632 2600 2620
1092 17 2 1 1 2173 2141 2139 2171 2635 2603 2601 2633 2160 2172 2302 2140 2291 2159 2290 2301 2622 2634 2602 2621
1093 17 2 1 1 2175 2143 2141 2173 2637 2605 2603 2635 2161 2174 2303 2142 2292 2160 2291 2302 2623 2636 2604 2622
1094 17 2 1 1 2177 2145 2143 2175 2639 2607 2605 2637 2162 2176 2304 2144 2293 2161 2292 2303 2624 2638 2606 2623
1095 17 2 1 1 2179 2147 2145 2177 2641 2609 2607 2639 2163 2178 2305 2146 2294 2162 2293 2304 2625 2640 2608 2624
1096 17 2 1 1 2181 2149 2147 2179 2643 2611 2609 2641 2164 2180 2306 2148 2295 2163 2294 2305 2626 2642 2610 2625
1097 17 2 1 1 2183 2151 2149 2181 2645 2613 2611 2643 2165 2182 2307 2150 2296 2164 2295 2306 2627 2644 2612 2626
1098 17 2 1 1 2185 2153 2151 2183 2647 2615 2613 2645 2166 2184 2308 2152 2297 2165 2296 2307 2628 2646 2614 2627
1099 17 2 1 1 2187 2155 2153 2185 2649 2617 2615 2647 2167 2186 2309 2154 2298 2166 2297 2308 2629 2648 2616 2628
1100 17 2 1 1 2189 2157 2155 2187 2651 2619 2617 2649 2168 2188 2310 2156 2299 2167 2298 2309 2630 2650 2618 2629
1101 17 2 1 1 2345 2313 2311 2343 2807 2775 2773 2805 2333 2344 2664 2312 2653 2332 2652 2663 2795 2806 2774 2794
1102 17 2 1 1 2347 2315 2313 2345 2809 2777 2775 2807 2334 2346 2665 2314 2654 2333 2653 2664 2796 2808 2776 2795
1103 17 2 1 1 2349 2317 2315 2347 2811 2779 2777 2809 2335 2348 2666 2316 2655 2334 2654 2665 2797 2810 2778 2796
1104 17 2 1 1 2351 2319 2317 2349 2813 2781 2779 2811 2336 2350 2667 2318 2656 2335 2655 2666 2798 2812 2780 2797
1105 17 2 1 1 2353 2321 2319 2351 2815 2783 2781 2813 2337 2352 2668 2320 2657 2336 2656 2667 2799 2814 2782 2798
1106 17 2 1 1 2355 2323 2321 2353 2817 2785 2783 2815 2338 2354 2669 2322 2658 2337 2657 2668 2800 2816 2784 2799
1107 17 2 1 1 2357 2325 2323 2355 2819 2787 2785 2817 2339 2356 2670 2324 2659 2338 2658 2669 2801 2818 2786 2800
1108 17 2 1 1 2359 2327 2325 2357 2821 2789 2787 2819 2340 2358 2671 2326 2660 2339 2659 2670 2802 2820 2788 2801
1109 17 2 1 1 2361 2329 2327 2359 2823 2791 2789 2821 2341 2360 2672 2328 2661 2340 2660 2671 2803 2822 2790 2802
1110 17 2 1 1 2363 2331 2329 2361 2825 2793 2791 2823 2342 2362 2673 2330 2662 2341 2661 2672 2804 2824 2792 2803
1111 17 2 1 1 2377 2345 2343 2375 2839 2807 2805 2837 2365 2376 2675 2344 2664 2364 2663 2674 2827 2838 2806 2826
1112 17 2 1 1 2379 2347 2345 2377 2841 2809 2807 2839 2366 2378 2676 2346 2665 2365 2664 2675 2828 2840 2808 2827
1113 17 2 1 1 2381 2349 2347 2379 2843 2811 2809 2841 2367 2380 2677 2348 2666 2366 2665 2676 2829 2842 2810 2828
1114 17 2 1 1 2383 2351 2349 2381 2845 2813 2811 2843 2368 2382 2678 2350 2667 2367 2666 2677 2830 2844 2812 2829
1115 17 2 1 1 2385 2353 2351 2383 2847 2815 2813 2845 2369 2384 2679 2352 2668 2368 2667 2678 2831 2846 2814 2830
1116 17 2 1 1 2387 2355 2353 2385 2849 2817 2815 2847 2370 2386 2680 2354 2669 2369 2668 2679 2832 2848 2816 2831
1117 17 2 1 1 2389 2357 2355 2387 2851 2819 2817 2849 2371 2388 2681 2356 2670 2370 2669 2680 2833 2850 2818 2832
1118 17 2 1 1 2391 2359 2357 2389 2853 2821 2819 2851 2372 2390 2682 2358 2671 2371 2670 2681 2834 2852 2820 2833
1119 17 2 1 1 2393 2361 2359 2391 2855 2823 2821 2853 2373 2392 2683 2360 2672 2372 2671 2682 2835 2854 2822 2834
1120 17 2 1 1 2395 2363 2361 2393 2857 2825 2823 2855 2374 2394 2684 2362 2673 2373 2672 2683 2836 2856 2824 2835
1121 17 2 1 1 2409 2377 2375 2407 2871 2839 2837 2869 2397 2408 2686 2376 2675 2396 2674 2685 2859 2870 2838 2858
1122 17 2 1 1 2411 2379 2377 2409 2873 2841 2839 2871 2398 2410 2687 2378 2676 2397 2675 2686 2860 2872 2840 2859
1123 17 2 1 1 2413 2381 2379 2411 2875 2843 2841 2873 2399 2412 2688 2380 2677 2398 2676 2687 2861 2874 2842 2860
1124 17 2 1 1 2415 2383 2381 2413 2877 2845 2843 2875 2400 2414 2689 2382 2678 2399 2677 2688 2862 2876 2844 2861
1125 17 2 1 1 2417 2385 2383 2415 2879 2847 2845 2877 2401 2416 2690 2384 2679 2400 2678 2689 2863 2878 2846 2862
1126 17 2 1 1 2419 2387 2385 2417 2881 2849 2847 2879 2402 2418 2691 2386 2680 2401 2679 2690 2864 2880 2848 2863
1127 17 2 1 1 2421 2389 2387 2419 2883 2851 2849 2881 2403 2420 2692 2388 2681 2402 2680 2691 2865 2882 2850 2864
1128 17 2 1 1 2423 2391 2389 2421 2885 2853 2851 2883 2404 2422 2693 2390 2682 2403 2681 2692 2866 2884 2852 2865
1129 17 2 1 1 2425 2393 2391 2423 2887 2855 2853 2885 2405 2424 2694 2392 2683 2404 2682 2693 2867 2886 2854 2866
1130 17 2 1 1 2427 2395 2393 2425 2889 2857 2855 2887 2406 2426 2695 2394 2684 2405 2683 2694 2868 2888 2856 2867
1131 17 2 1 1 2441 2409 2407 2439 2903 2871 2869 2901 2429 2440 2697 2408 2686 2428 2685 2696 2891 2902 2870 2890
1132 17 2 1 1 2443 2411 2409 2441 2905 2873 2871 2903 2430 2442 2698 2410 2687 2429 2686 2697 2892 2904 2872 2891
1133 17 2 1 1 2445 2413 2411 2443 2907 2875 2873 2905 2431 2444 2699 2412 2688 2430 2687 2698 2893 2906 2874 2892
1134 17 2 1 1 2447 2415 2413 2445 2909 2877 2875 2907 2432 2446 2700 2414 2689 2431 2688 2699 2894 2908 2876 2893
1135 17 2 1 1 2449 2417 2415 2447 2911 2879 2877 2909 2433 2448 2701 2416 2690 2432 2689 2700 2895 2910 2878 2894
1136 17 2 1 1 2451 2419 2417 2449 2913 2881 2879 2911 2434 2450 2702 2418 2691 2433 2690 2701 2896 2912 2880 2895
1137 17 2 1 1 2453 2421 2419 2451 2915 2883 2881 2913 2435 2452 2703 2420 2692 2434 2691 2702 2897 2914 2882 2896
1138 17 2 1 1 2455 2423 2421 2453 2917 2885 2883 2915 2436 2454 2704 2422 2693 2435 2692 2703 2898 2916 2884 2897
1139 17 2 1 1 2457 2425 2423 2455 2919 2887 2885 2917 2437 2456 2705 2424 2694 2436 2693 2704 2899 2918 2886 2898
1140 17 2 1 1 2459 2427 2425 2457 2921 2889 2887 2919 2438 2458 2706 2426 2695 2437 2694 2705 2900 2920 2888 2899
1141 17 2 1 1 2473 2441 2439 2471 2935 2903 2901 2933 2461 2472 2708 2440 2697 2460 2696 2707 2923 2934 2902 2922
1142 17 2 1 1 2475 2443 2441 2473 2937 2905 2903 2935 2462 2474 2709 2442 2698 2461 2697 2708 2924 2936 2904 2923
1143 17 2 1 1 2477 2445 2443 2475 2939 2907 2905 2937 2463 2476 2710 2444 2699 2462 2698 2709 2925 2938 2906 2924
1144 17 2 1 1 2479 2447 2445 2477 2941 2909 2907 2939 2464 2478 2711 2446 2700 2463 2699 2710 2926 2940 2908 2925
1145 17 2 1 1 2481 2449 2447 2479 2943 2911 2909 2941 2465 2480 2712 2448 2701 2464 2700 2711 2927 2942 2910 2926
1146 17 2 1 1 2483 2451 2449 2481 2945 2913 2911 2943 2466 2482 2713 2450 2702 2465 2701 2712 2928 2944 2912 2927
1147 17 2 1 1 2485 2453 2451 2483 2947 2915 2913 2945 2467 2484 2714 2452 2703 2466 2702 2713 2929 2946 2914 2928
1148 17 2 1 1 2487 2455 2453 2485 2949 2917 2915 2947 2468 2486 2715 2454 2704 2467 2703 2714 2930 2948 2916 2929
1149 17 2 1 1 2489 2457 2455 2487 2951 2919 2917 2949 2469 2488 2716 2456 2705 2468 2704 2715 2931 2950 2918 2930
1150 17 2 1 1 2491 2459 2457 2489 2953 2921 2919 2951 2470 2490 2717 2458 2706 2469 2705 2716 2932 2952 2920 2931
1151 17 2 1 1 2505 2473 2471 2503 2967 2935 2933 2965 2493 2504 2719 2472 2708 2492 2707 2718 2955 2966 2934 2954
1152 17 2 1 1 2507 2475 2473 2505 2969 2937 2935 2967 2494 2506 2720 2474 2709 2493 2708 2719 2956 2968 2936 2955
1153 17 2 1 1 2509 2477 2475 2507 2971 2939 2937 2969 2495 2508 2721 2476 2710 2494 2709 2720 2957 2970 2938 2956
1154 17 2 1 1 2511 2479 2477 2509 2973 2941 2939 2971 2496 2510 2722 2478 2711 2495 2710 2721 2958 2972 2940 2957
1155 17 2 1 1 2513 2481 2479 2511 2975 2943 2941 2973 2497 2512 2723 2480 2712 2496 2711 2722 2959 2974 2942 2958
1156 17 2 1 1 2515 2483 2481 2513 2977 2945 2943 2975 2498 2514 2724 2482 2713 2497 2712 2723 2960 2976 2944 2959
1157 17 2 1 1 2517 2485 2483 2515 2979 2947 2945 2977 2499 2516 2725 2484 2714 2498 2713 2724 2961 2978 2946 2960
1158 17 2 1 1 2519 2487 2485 2517 2981 2949 2947 2979 2500 2518 2726 2486 2715 2499 2714 2725 2962 2980 2948 2961
1159 17 2 1 1 2521 2489 2487 2519 2983 2951 2949 2981 2501 2520 2727 2488 2716 2500 2715 2726 2963 2982 2950 2962
1160 17 2 1 1 2523 2491 2489 2521 2985 2953 2951 2983 2502 2522 2728 2490 2717 2501 2716 2727 2964 2984 2952 2963
1161 17 2 1 1 2537 2505 2503 2535 2999 2967 2965 2997 2525 2536 2730 2504 2719 2524 2718 2729 2987 2998 2966 2986
1162 17 2 1 1 2539 2507 2505 2537 3001 2969 2967 2999 2526 2538 2731 2506 2720 2525 2719 2730 2988 3000 2968 2987
1163 17 2 1 1 2541 2509 2507 2539 3003 2971 2969 3001 2527 2540 2732 2508 2721 2526 2720 2731 2989 3002 2970 2988
1164 17 2 1 1 2543 2511 2509 2541 3005 2973 2971 3003 2528 2542 2733 2510 2722 2527 2721 2732 2990 3004 2972 2989
1165 17 2 1 1 2545 2513 2511 2543 3007 2975 2973 3005 2529 2544 2734 2512 2723 2528 2722 2733 2991 3006 2974 2990
1166 17 2 1 1 2547 2515 2513 2545 3009 2977 2975 3007 2530 2546 2735 2514 2724 2529 2723 2734 2992 3008 2976 2991
1167 17 2 1 1 2549 2517 2515 2547 3011 2979 2977 3009 2531 2548 2736 2516 2725 2530 2724 2735 2993 3010 2978 2992
1168 17 2 1 1 2551 2519 2517 2549 3013 2981 2979 3011 2532 2550 2737 2518 2726 2531 2725 2736 2994 3012 2980 2993
1169 17 2 1 1 2553 2521 2519 2551 3015 2983 2981 3013 2533 2552 2738 2520 2727 2532 2726 2737 2995 3014 2982 2994
1170 17 2 1 1 2555 2523 2521 2553 3017 2985 2983 3015 2534 2554 2739 2522 2728 2533 2727 2738 2996 3016 2984 2995
1171 17 2 1 1 2569 2537 2535 2567 3031 2999 2997 3029 2557 2568 2741 2536 2730 2556 2729 2740 3019 3030 2998 3018
1172 17 2 1 1 2571 2539 2537 2569 3033 3001 2999 3031 2558 2570 2742 2538 2731 2557 2730 2741 3020 3032 3000 3019
1173 17 2 1 1 2573 2541 2539 2571 3035 3003 3001 3033 2559 2572 2743 2540 2732 2558 2731 2742 3021 3034 3002 3020
1174 17 2 1 1 2575 2543 2541 2573 3037 3005 3003 3035 2560 2574 2744 2542 2733 2559 2732 2743 3022 3036 3004 3021
1175 17 2 1 1 2577 2545 2543 2575 3039 3007 3005 3037 2561 2576 2745 2544 2734 2560 2733 2744 3023 3038 3006 3022
1176 17 2 1 1 2579 2547 2545 2577 3041 3009 3007 3039 2562 2578 2746 2546 2735 2561 2734 2745 3024 3040 3008 3023
1177 17 2 1 1 2581 2549 2547 2579 3043 3011 3009 3041 2563 2580 2747 2548 2736 2562 2735 2746 3025 3042 3010 3024
1178 17 2 1 1 2583 2551 2549 2581 3045 3013 3011 3043 2564 2582 2748 2550 2737 2563 2736 2747 3026 3044 3012 3025
1179 17 2 1 1 2585 2553 2551 2583 3047 3015 3013 3045 2565 2584 2749 2552 2738 2564 2737 2748 3027 3046 3014 3026
1180 17 2 1 1 2587 2555 2553 2585 3049 3017 3015 3047 2566 2586 2750 2554 2739 2565 2738 2749 3028 3048 3016 3027
1181 17 2 1 1 2601 2569 2567 2599 3063 3031 3029 3061 2589 2600 2752 2568 2741 2588 2740 2751 3051 3062 3030 3050
1182 17 2 1 1 2603 2571 2569 2601 3065 3033 3031 3063 2590 2602 2753 2570 2742 2589 2741 2752 3052 3064 3032 3051
1183 17 2 1 1 2605 2573 2571 2603 3067 3035 3033 3065 2591 2604 2754 2572 2743 2590 2742 2753 3053 3066 3034 3052
1184 17 2 1 1 2607 2575 2573 2605 3069 3037 3035 3067 2592 2606 2755 2574 2744 2591 2743 2754 3054 3068 3036 3053
1185 17 2 1 1 2609 2577 2575 2607 3071 3039 3037 3069 2593 2608 2756 2576 2745 2592 2744 2755 3055 3070 3038 3054
1186 17 2 1 1 2611 2579 2577 2609 3073 3041 3039 3071 2594 2610 2757 2578 2746 2593 2745 2756 3056 3072 3040 3055
1187 17 2 1 1 2613 2581 2579 2611 3075 3043 3041 3073 2595 2612 2758 2580 2747 2594 2746 2757 3057 3074 3042 3056
1188 17 2 1 1 2615 2583 2581 2613 3077 3045 3043 3075 2596 2614 2759 2582 2748 2595 2747 2758 3058 3076 3044 3057
1189 17 2 1 1 2617 2585 2583 2615 3079 3047 3045 3077 2597 2616 2760 2584 2749 2596 2748 2759 3059 3078 3046 3058
1190 17 2 1 1 2619 2587 2585 2617 3081 3049 3047 3079 2598 2618 2761 2586 2750 2597 2749 2760 3060 3080 3048 3059
1191 17 2 1 1 2633 2601 2599 2631 3095 3063 3061 3093 2621 2632 2763 2600 2752 2620 2751 2762 3083 3094 3062 3082
1192 17 2 1 1 2635 2603 2601 2633 3097 3065 3063 3095 2622 2634 2764 2602 2753 2621 2752 2763 3084 3096 3064 3083
1193 17 2 1 1 2637 2605 2603 2635 3099 3067 3065 3097 2623 2636 2765 2604 2754 2622 2753 2764 3085 3098 3066 3084
1194 17 2 1 1 2639 2607 2605 2637 3101 3069 3067 3099 2624 2638 2766 2606 2755 2623 2754 2765 3086 3100 3068 3085
1195 17 2 1 1 2641 2609 2607 2639 3103 3071 3069 3101 2625 2640 2767 2608 2756 2624 2755 2766 3087 3102 3070 3086
1196 17 2 1 1 2643 2611 2609 2641 3105 3073 3071 3103 2626 2642 2768 2610 2757 2625 2756 2767 3088 3104 3072 3087
1197 17 2 1 1 2645 2613 2611 2643 3107 3075 3073 3105 2627 2644 2769 2612 2758 2626 2757 2768 3089 3106 3074 3088
1198 17 2 1 1 2647 2615 2613 2645 3109 3077 3075 3107 2628 2646 2770 2614 2759 2627 2758 2769 3090 3108 3076 3089
1199 17 2 1 1 2649 2617 2615 2647 3111 3079 3077 3109 2629 2648 2771 2616 2760 2628 2759 2770 3091 3110 3078 3090
1200 17 2 1 1 2651 2619 2617 2649 3113 3081 3079 3111 2630 2650 2772 2618 2761 2629 2760 2771 3092 3112 3080 3091
1201 17 2 1 1 2807 2775 2773 2805 3269 3237 3235 3267 2795 2806 3126 2774 3115 2794 3114 3125 3257 3268 3236 3256
1202 17 2 1 1 2809 2777 2775 2807 3271 3239 3237 3269 2796 2808 3127 2776 3116 2795 3115 3126 3258 3270 3238 3257
1203 17 2 1 1 2811 2779 2777 2809 3273 3241 3239 3271 2797 2810 3128 2778 3117 2796 3116 3127 3259 3272 3240 3258
1204 17 2 1 1 2813 2781 2779 2811 3275 3243 3241 3273 2798 2812 3129 2780 3118 2797 3117 3128 3260 3274 3242 3259
1205 17 2 1 1 2815 2783 2781 2813 3277 3245 3243 3275 2799 2814 3130 2782 3119 2798 3118 3129 3261 3276 3244 3260
1206 17 2 1 1 2817 2785 2783 2815 3279 3247 3245 3277 2800 2816 3131 2784 3120 2799 3119 3130 3262 3278 3246 3261
1207 17 2 1 1 2819 2787 2785 2817 3281 3249 3247 3279 2801 2818 3132 2786 3121 2800 3120 3131 3263 3280 3248 3262
1208 17 2 1 1 2821 2789 2787 2819 3283 3251 3249 3281 2802 2820 3133 2788 3122 2801 3121 3132 3264 3282 3250 3263
1209 17 2 1 1 2823 2791 2789 2821 3285 3253 3251 3283 2803 2822 3134 2790 3123 2802 3122 3133 3265 3284 3252 3264
1210 17 2 1 1 2825 2793 2791 2823 3287 3255 3253 3285 2804 2824 3135 2792 3124 2803 3123 3134 3266 3286 3254 3265
1211 17 2 1 1 2839 2807 2805 2837 3301 3269 3267 3299 2827 2838 3137 2806 3126 2826 3125 3136 3289 3300 3268 3288
1212 17 2 1 1 2841 2809 2807 2839 3303 3271 3269 3301 2828 2840 3138 2808 3127 2827 3126 3137 3290 3302 3270 3289
1213 17 2 1 1 2843 2811 2809 2841 3305 3273 3271 3303 2829 2842 3139 2810 3128 2828 3127 3138 3291 3304 3272 3290
1214 17 2 1 1 2845 2813 2811 2843 3307 3275 3273 3305 2830 2844 3140 2812 3129 2829 3128 3139 3292 3306 3274 3291
1215 17 2 1 1 2847 2815 2813 2845 3309 3277 3275 3307 2831 2846 3141 2814 3130 2830 3129 3140 3293 3308 3276 3292
1216 17 2 1 1 2849 2817 2815 2847 3311 3279 3277 3309 2832 2848 3142 2816 3131 2831 3130 3141 3294 3310 3278 3293
1217 17 2 1 1 2851 2819 2817 2849 3313 3281 3279 3311 2833 2850 3143 2818 3132 2832 3131 3142 3295 3312 3280 3294
1218 17 2 1 1 2853 2821 2819 2851 3315 3283 3281 3313 2834 2852 3144 2820 3133 2833 3132 3143 3296 3314 3282 3295
1219 17 2 1 1 2855 2823 2821 2853 3317 3285 3283 3315 2835 2854 3145 2822 3134 2834 3133 3144 3297 3316 3284 3296
1220 17 2 1 1 2857 2825 2823 2855 3319 3287 3285 3317 2836 2856 3146 2824 3135 2835 3134 3145 3298 3318 3286 3297
1221 17 2 1 1 2871 2839 2837 2869 3333 3301 3299 3331 2859 2870 3148 2838 3137 2858 3136 3147 3321 3332 3300 3320
1222 17 2 1 1 2873 2841 2839 2871 3335 3303 3301 3333 2860 2872 3149 2840 3138 2859 3137 3148 3322 3334 3302 3321
1223 17 2 1 1 2875 2843 2841 2873 3337 3305 3303 3335 2861 2874 3150 2842 3139 2860 3138 3149 3323 3336 3304 3322
1224 17 2 1 1 2877 2845 2843 2875 3339 3307 3305 3337 2862 2876 3151 2844 3140 2861 3139 3150 3324 3338 3306 3323
1225 17 2 1 1 2879 2847 2845 2877 3341 3309 3307 3339 2863 2878 3152 2846 3141 2862 3140 3151 3325 3340 3308 3324
1226 17 2 1 1 2881 2849 2847 2879 3343 3311 3309 3341 2864 2880 3153 2848 3142 2863 3141 3152 3326 3342 3310 3325
1227 17 2 1 1 2883 2851 2849 2881 3345 3313 3311 3343 2865 2882 3154 2850 3143 2864 3142 3153 3327 3344 3312 3326
1228 17 2 1 1 2885 2853 2851 2883 3347 3315 3313 3345 2866 2884 3155 2852 3144 2865 3143 3154 3328 3346 3314 3327
1229 17 2 1 1 2887 2855 2853 2885 3349 3317 3315 3347 2867 2886 3156 2854 3145 2866 3144 3155 3329 3348 3316 3328
1230 17 2 1 1 2889 2857 2855 2887 3351 3319 3317 3349 2868 2888 3157 2856 3146 2867 3145 3156 3330 3350 3318 3329
1231 17 2 1 1 2903 2871 2869 2901 3365 3333 3331 3363 2891 2902 3159 2870 3148 2890 3147 3158 3353 3364 3332 3352
1232 17 2 1 1 2905 2873 2871 2903 3367 3335 3333 3365 2892 2904 3160 2872 3149 2891 3148 3159 3354 3366 3334 3353
1233 17 2 1 1 2907 2875 2873 2905 3369 3337 3335 3367 2893 2906 3161 2874 3150 2892 3149 3160 3355 3368 3336 3354
1234 17 2 1 1 2909 2877 2875 2907 3371 3339 3337 3369 2894 2908 3162 2876 3151 2893 3150 3161 3356 3370 3338 3355
1235 17 2 1 1 2911 2879 2877 2909 3373 3341 3339 3371 2895 2910 3163 2878 3152 2894 3151 3162 3357 3372 3340 3356
1236 17 2 1 1 2913 2881 2879 2911 3375 3343 3341 3373 2896 2912 3164 2880 3153 2895 3152 3163 3358 3374 3342 3357
1237 17 2 1 1 2915 2883 2881 2913 3377 3345 3343 3375 2897 2914 3165 2882 3154 2896 3153 3164 3359 3376 3344 3358
1238 17 2 1 1 2917 2885 2883 2915 3379 3347 3345 3377 2898 2916 3166 2884 3155 2897 3154 3165 3360 3378 3346 3359
1239 17 2 1 1 2919 2887 2885 2917 3381 3349 3347 3379 2899 2918 3167 2886 3156 2898 3155 3166 3361 3380 3348 3360
1240 17 2 1 1 2921 2889 2887 2919 3383 3351 3349 3381 2900 2920 3168 2888 3157 2899 3156 3167 3362 3382 3350 3361
1241 17 2 1 1 2935 2903 2901 2933 3397 3365 3363 3395 2923 2934 3170 2902 3159 2922 3158 3169 3385 3396 3364 3384
1242 17 2 1 1 2937 2905 2903 2935 3399 3367 3365 3397 2924 2936 3171 2904 3160 2923 3159 3170 3386 3398 3366 3385
1243 17 2 1 1 2939 2907 2905 2937 3401 3369 3367 3399 2925 2938 3172 2906 3161 2924 3160 3171 3387 3400 3368 3386
1244 17 2 1 1 2941 2909 2907 2939 3403 3371 3369 3401 2926 2940 3173 2908 3162 2925 3161 3172 3388 3402 3370 3387
1245 17 2 1 1 2943 2911 2909 2941 3405 3373 3371 3403 2927 2942 3174 2910 3163 2926 3162 3173 3389 3404 3372 3388
1246 17 2 1 1 2945 2913 2911 2943 3407 3375 3373 3405 2928 2944 3175 2912 3164 2927 3163 3174 3390 3406 3374 3389
1247 17 2 1 1 2947 2915 2913 2945 3409 3377 3375 3407 2929 2946 3176 2914 3165 2928 3164 3175 3391 3408 3376 3390
1248 17 2 1 1 2949 2917 2915 2947 3411 3379 3377 3409 2930 2948 3177 2916 3166 2929 3165 3176 3392 3410 3378 3391
1249 17 2 1 1 2951 2919 2917 2949 3413 3381 3379 3411 2931 2950 3178 2918 3167 2930 3166 3177 3393 3412 3380 3392
1250 17 2 1 1 2953 2921 2919 2951 3415 3383 3381 3413 2932 2952 3179 2920 3168 2931 3167 3178 3394 3414 3382 3393
1251 17 2 1 1 2967 2935 2933 2965 3429 3397 3395 3427 2955 2966 3181 2934 3170 2954 3169 3180 3417 3428 3396 3416
1252 17 2 1 1 2969 2937 2935 2967 3431 3399 3397 3429 2956 2968 3182 2936 3171 2955 3170 3181 3418 3430 3398 3417
1253 17 2 1 1 2971 2939 2937 2969 3433 3401 3399 3431 2957 2970 3183 2938 3172 2956 3171 3182 3419 3432 3400 3418
1254 17 2 1 1 2973 2941 2939 2971 3435 3403 3401 3433 2958 2972 3184 2940 3173 2957 3172 3183 3420 3434 3402 3419
1255 17 2 1 1 2975 2943 2941 2973 3437 3405 3403 3435 2959 2974 3185 2942 3174 2958 3173 3184 3421 3436 3404 3420
1256 17 2 1 1 2977 2945 2943 2975 3439 3407 3405 3437 2960 2976 3186 2944 3175 2959 3174 3185 3422 3438 3406 3421
1257 17 2 1 1 2979 2947 2945 2977 3441 3409 3407 3439 2961 2978 3187 2946 3176 2960 3175 3186 3423 3440 3408 3422
1258 17 2 1 1 2981 2949 2947 2979 3443 3411 3409 3441 2962 2980 3188 2948 3177 2961 3176 3187 3424 3442 3410 3423
1259 17 2 1 1 2983 2951 2949 2981 3445 3413 3411 3443 2963 2982 3189 2950 3178 2962 3177 3188 3425 3444 3412 3424
1260 17 2 1 1 2985 2953 2951 2983 3447 3415 3413 3445 2964 2984 3190 2952 3179 2963 3178 3189 3426 3446 3414 3425
1261 17 2 1 1 2999 2967 2965 2997 3461 3429 3427 3459 2987 2998 3192 2966 3181 2986 3180 3191 3449 3460 3428 3448
1262 17 2 1 1 3001 2969 2967 2999 3463 3431 3429 3461 2988 3000 3193 2968 3182 2987 3181 3192 3450 3462 3430 3449
1263 17 2 1 1 3003 2971 2969 3001 3465 3433 3431 3463 2989 3002 3194 2970 3183 2988 3182 3193 3451 3464 3432 3450
1264 17 2 1 1 3005 2973 2971 3003 3467 3435 3433 3465 2990 3004 3195 2972 3184 2989 3183 3194 3452 3466 3434 3451
1265 17 2 1 1 3007 2975 2973 3005 3469 3437 3435 3467 2991 3006 3196 2974 3185 2990 3184 3195 3453 3468 3436 3452
1266 17 2 1 1 3009 2977 2975 3007 3471 3439 3437 3469 2992 3008 3197 2976 3186 2991 3185 3196 3454 3470 3438 3453
1267 17 2 1 1 3011 2979 2977 3009 3473 3441 3439 3471 2993 3010 3198 2978 3187 2992 3186 3197 3455 3472 3440 3454
1268 17 2 1 1 3013 2981 2979 3011 3475 3443 3441 3473 2994 3012 3199 2980 3188 2993 3187 3198 3456 3474 3442 3455
1269 17 2 1 1 3015 2983 2981 3013 3477 3445 3443 3475 2995 3014 3200 2982 3189 2994 3188 3199 3457 3476 3444 3456
1270 17 2 1 1 3017 2985 2983 3015 3479 3447 3445 3477 2996 3016 3201 2984 3190 2995 3189 3200 3458 3478 3446 3457
1271 17 2 1 1 3031 2999 2997 3029 3493 3461 3459 3491 3019 3030 3203 2998 3192 3018 3191 3202 3481 3492 3460 3480
1272 17 2 1 1 3033 3001 2999 3031 3495 3463 3461 3493 3020 3032 3204 3000 3193 3019 3192 3203 3482 3494 3462 3481
1273 17 2 1 1 3035 3003 3001 3033 3497 3465 3463 3495 3021 3034 3205 3002 3194 3020 3193 3204 3483 3496 3464 3482
1274 17 2 1 1 3037 3005 3003 3035 3499 3467 3465 3497 3022 3036 3206 3004 3195 3021 3194 3205 3484 3498 3466 3483
1275 17 2 1 1 3039 3007 3005 3037 3501 3469 3467 3499 3023 3038 3207 3006 3196 3022 3195 3206 3485 3500 3468 3484
1276 17 2 1 1 3041 3009 3007 3039 3503 3471 3469 3501 3024 3040 3208 3008 3197 3023 3196 3207 3486 3502 3470 3485
1277 17 2 1 1 3043 3011 3009 3041 3505 3473 3471 3503 3025 3042 3209 3010 3198 3024 3197 3208 3487 3504 3472 3486
1278 17 2 1 1 3045 3013 3011 3043 3507 3475 3473 3505 3026 3044 3210 3012 3199 3025 3198 3209 3488 3506 3474 3487
1279 17 2 1 1 3047 3015 3013 3045 3509 3477 3475 3507 3027 3046 3211 3014 3200 3026 3199 3210 3489 3508 3476 3488
1280 17 2 1 1 3049 3017 3015 3047 3511 3479 3477 3509 3028 3048 3212 3016 3201 3027 3200 3211 3490 3510 3478 3489
1281 17 2 1 1 3063 3031 3029 3061 3525 3493 3491 3523 3051 3062 3214 3030 3203 3050 3202 3213 3513 3524 3492 3512
1282 17 2 1 1 3065 3033 3031 3063 3527 3495 3493 3525 3052 3064 3215 3032 3204 3051 3203 3214 3514 3526 3494 3513
1283 17 2 1 1 3067 3035 3033 3065 3529 3497 3495 3527 3053 3066 3216 3034 3205 3052 3204 3215 3515 3528 3496 3514
1284 17 2 1 1 3069 3037 3035 3067 3531 3499 3497 3529 3054 3068 3217 3036 3206 3053 3205 3216 3516 3530 3498 3515
1285 17 2 1 1 3071 3039 3037 3069 3533 3501 3499 3531 3055 3070 3218 3038 3207 3054 3206 3217 3517 3532 3500 3516
1286 17 2 1 1 3073 3041 3039 3071 3535 3503 3501 3533 3056 3072 3219 3040 3208 3055 3207 3218 3518 3534 3502 3517
1287 17 2 1 1 3075 3043 3041 3073 3537 3505 3503 3535 3057 3074 3220 3042 3209 3056 3208 3219 3519 3536 3504 3518
1288 17 2 1 1 3077 3045 3043 3075 3539 3507 3505 3537 3058 3076 3221 3044 3210 3057 3209 3220 3520 3538 3506 3519
1289 17 2 1 1 3079 3047 3045 3077 3541 3509 3507 3539 3059 3078 3222 3046 3211 3058 3210 3221 3521 3540 3508 3520
1290 17 2 1 1 3081 3049 3047 3079 3543 3511 3509 3541 3060 3080 3223 3048 3212 3059 3211 3222 3522 3542 3510 3521
1291 17 2 1 1 3095 3063 3061 3093 3557 3525 3523 3555 3083 3094 3225 3062 3214 3082 3213 3224 3545 3556 3524 3544
1292 17 2 1 1 3097 3065 3063 3095 3559 3527 3525 3557 3084 3096 3226 3064 3215 3083 3214 3225 3546 3558 3526 3545
1293 17 2 1 1 3099 3067 3065 3097 3561 3529 3527 3559 3085 3098 3227 3066 3216 3084 3215 3226 3547 3560 3528 3546
1294 17 2 1 1 3101 3069 3067 3099 3563 3531 3529 3561 3086 3100 3228 3068 3217 3085 3216 3227 3548 3562 3530 3547
1295 17 2 1 1 3103 3071 3069 3101 3565 3533 3531 3563 3087 3102 3229 3070 3218 3086 3217 3228 3549 3564 3532 3548
1296 17 2 1 1 3105 3073 3071 3103 3567 3535 3533 3565 3088 3104 3230 3072 3219 3087 3218 3229 3550 3566 3534 3549
1297 17 2 1 1 3107 3075 3073 3105 3569 3537 3535 3567 3089 3106 3231 3074 3220 3088 3219 3230 3551 3568 3536 3550
1298 17 2 1 1 3109 3077 3075 3107 3571 3539 3537 3569 3090 3108 3232 3076 3221 3089 3220 3231 3552 3570 3538 3551
1299 17 2 1 1 3111 3079 3077 3109 3573 3541 3539 3571 3091 3110 3233 3078 3222 3090 3221 3232 3553 3572 3540 3552
1300 17 2 1 1 3113 3081 3079 3111 3575 3543 3541 3573 3092 3112 3234 3080 3223 3091 3222 3233 3554 3574 3542 3553
1301 17 2 1 1 3269 3237 3235 3267 3731 3699 3697 3729 3257 3268 3588 3236 3577 3256 3576 3587 3719 3730 3698 3718
1302 17 2 1 1 3271 3239 3237 3269 3733 3701 3699 3731 3258 3270 3589 3238 3578 3257 3577 3588 3720 3732 3700 3719
1303 17 2 1 1 3273 3241 3239 3271 3735 3703 3701 3733 3259 3272 3590 3240 3579 3258 3578 3589 3721 3734 3702 3720
1304 17 2 1 1 3275 3243 3241 3273 3737 3705 3703 3735 3260 3274 3591 3242 3580 3259 3579 3590 3722 3736 3704 3721
1305 17 2 1 1 3277 3245 3243 3275 3739 3707 3705 3737 3261 3276 3592 3244 3581 3260 3580 3591 3723 3738 3706 3722
1306 17 2 1 1 3279 3247 3245 3277 3741 3709 3707 3739 3262 3278 3593 3246 3582 3261 3581 3592 3724 3740 3708 3723
1307 17 2 1 1 3281 3249 3247 3279 3743 3711 3709 3741 3263 3280 3594 3248 3583 3262 3582 3593 3725 3742 3710 3724
1308 17 2 1 1 3283 3251 3249 3281 3745 3713 3711 3743 3264 3282 3595 3250 3584 3263 3583 3594 3726 3744 3712 3725
1309 17 2 1 1 3285 3253 3251 3283 3747 3715 3713 3745 3265 3284 3596 3252 3585 3264 3584 3595 3727 3746 3714 3726
1310 17 2 1 1 3287 3255 3253 3285 3749 3717 3715 3747 3266 3286 3597 3254 3586 3265 3585 3596 3728 3748 3716 3727
1311 17 2 1 1 3301 3269 3267 3299 3763 3731 3729 3761 3289 3300 3599 3268 3588 3288 3587 3598 3751 3762 3730 3750
1312 17 2 1 1 3303 3271 3269 3301 3765 3733 3731 3763 3290 3302 3600 3270 3589 3289 3588 3599 3752 3764 3732 3751
1313 17 2 1 1 3305 3273 3271 3303 3767 3735 3733 3765 3291 3304 3601 3272 3590 3290 3589 3600 3753 3766 3734 3752
1314 17 2 1 1 3307 3275 3273 3305 3769 3737 3735 3767 3292 3306 3602 3274 3591 3291 3590 3601 3754 3768 3736 3753
1315 17 2 1 1 3309 3277 3275 3307 3771 3739 3737 3769 3293 3308 3603 3276 3592 3292 3591 3602 3755 3770 3738 3754
1316 17 2 1 1 3311 3279 3277 3309 3773 3741 3739 3771 3294 3310 3604 3278 3593 3293 3592 3603 3756 3772 3740 3755
1317 17 2 1 1 3313 3281 3279 3311 3775 3743 3741 3773 3295 3312 3605 3280 3594 3294 3593 3604 3757 3774 3742 3756
1318 17 2 1 1 3315 3283 3281 3313 3777 3745 3743 3775 3296 3314 3606 3282 3595 3295 3594 3605 3758 3776 3744 3757
1319 17 2 1 1 3317 3285 3283 3315 3779 3747 3745 3777 3297 3316 3607 3284 3596 3296 3595 3606 3759 3778 3746 3758
1320 17 2 1 1 3319 3287 3285 3317 3781 3749 3747 3779 3298 3318 3608 3286 3597 3297 3596 3607 3760 3780 3748 3759
1321 17 2 1 1 3333 3301 3299 3331 3795 3763 3761 3793 3321 3332 3610 3300 3599 3320 3598 3609 3783 3794 3762 3782
1322 17 2 1 1 3335 3303 3301 3333 3797 3765 3763 3795 3322 3334 3611 3302 3600 3321 3599 3610 3784 3796 3764 3783
1323 17 2 1 1 3337 3305 3303 3335 3799 3767 3765 3797 3323 3336 3612 3304 3601 3322 3600 3611 3785 3798 3766 3784
1324 17 2 1 1 3339 3307 3305 3337 3801 3769 3767 3799 3324 3338 3613 3306 3602 3323 3601 3612 3786 3800 3768 3785
1325 17 2 1 1 3341 3309 3307 3339 3803 3771 3769 3801 3325 3340 3614 3308 3603 3324 3602 3613 3787 3802 3770 3786
1326 17 2 1 1 3343 3311 3309 3341 3805 3773 3771 3803 3326 3342 3615 3310 3604 3325 3603 3614 3788 3804 3772 3787
1327 17 2 1 1 3345 3313 3311 3343 3807 3775 3773 3805 3327 3344 3616 3312 3605 3326 3604 3615 3789 3806 3774 3788
1328 17 2 1 1 3347 3315 3313 3345 3809 3777 3775 3807 3328 3346 3617 3314 3606 3327 3605 3616 3790 3808 3776 3789
1329 17 2 1 1 3349 3317 3315 3347 3811 3779 3777 3809 3329 3348 3618 3316 3607 3328 3606 3617 3791 3810 3778 3790
1330 17 2 1 1 3351 3319 3317 3349 3813 3781 3779 3811 3330 3350 3619 3318 3608 3329 3607 3618 3792 3812 3780 3791
1331 17 2 1 1 3365 3333 3331 3363 3827 3795 3793 3825 3353 3364 3621 3332 3610 3352 3609 3620 3815 3826 3794 3814
1332 17 2 1 1 3367 3335 3333 3365 3829 3797 3795 3827 3354 3366 3622 3334 3611 3353 3610 3621 3816 3828 3796 3815
1333 17 2 1 1 3369 3337 3335 3367 3831 3799 3797 3829 3355 3368 3623 3336 3612 3354 3611 3622 3817 3830 3798 3816
1334 17 2 1 1 3371 3339 3337 3369 3833 3801 3799 3831 3356 3370 3624 3338 3613 3355 3612 3623 3818 3832 3800 3817
1335 17 2 1 1 3373 3341 3339 3371 3835 3803 3801 3833 3357 3372 3625 3340 3614 3356 3613 3624 3819 3834 3802 3818
1336 17 2 1 1 3375 3343 3341 3373 3837 3805 3803 3835 3358 3374 3626 3342 3615 3357 3614 3625 3820 3836 3804 3819
1337 17 2 1 1 3377 3345 3343 3375 3839 3807 3805 3837 3359 3376 3627 3344 3616 3358 3615 3626 3821 3838 3806 3820
1338 17 2 1 1 3379 3347 3345 3377 3841 3809 3807 3839 3360 3378 3628 3346 3617 3359 3616 3627 3822 3840 3808 3821
1339 17 2 1 1 3381 3349 3347 3379 3843 3811 3809 3841 3361 3380 3629 3348 3618 3360 3617 3628 3823 3842 3810 3822
1340 17 2 1 1 3383 3351 3349 3381 3845 3813 3811 3843 3362 3382 3630 3350 3619 3361 3618 3629 3824 3844 3812 3823
1341 17 2 1 1 3397 3365 3363 3395 3859 3827 3825 3857 3385 3396 3632 3364 3621 3384 3620 3631 3847 3858 3826 3846
1342 17 2 1 1 3399 3367 3365 3397 3861 3829 3827 3859 3386 3398 3633 3366 3622 3385 3621 3632 3848 3860 3828 3847
1343 17 2 1 1 3401 3369 3367 3399 3863 3831 3829 3861 3387 3400 3634 3368 3623 3386 3622 3633 3849 3862 3830 3848
1344 17 2 1 1 3403 3371 3369 3401 3865 3833 3831 3863 3388 3402 3635 3370 3624 3387 3623 3634 3850 3864 3832 3849
1345 17 2 1 1 3405 3373 3371 3403 3867 3835 3833 3865 3389 3404 3636 3372 3625 3388 3624 3635 3851 3866 3834 3850
1346 17 2 1 1 3407 3375 3373 3405 3869 3837 3835 3867 3390 3406 3637 3374 3626 3389 3625 3636 3852 3868 3836 3851
1347 17 2 1 1 3409 3377 3375 3407 3871 3839 3837 3869 3391 3408 3638 3376 3627 3390 3626 3637 3853 3870 3838 3852
1348 17 2 1 1 3411 3379 3377 3409 3873 3841 3839 3871 3392 3410 3639 3378 3628 3391 3627 3638 3854 3872 3840 3853
1349 17 2 1 1 3413 3381 3379 3411 3875 3843 3841 3873 3393 3412 3640 3380 3629 3392 3628 3639 3855 3874 3842 3854
1350 17 2 1 1 3415 3383 3381 3413 3877 3845 3843 3875 3394 3414 3641 3382 3630 3393 3629 3640 3856 3876 3844 3855
1351 17 2 1 1 3429 3397 3395 3427 3891 3859 3857 3889 3417 3428 3643 3396 3632 3416 3631 3642 3879 3890 3858 3878
1352 17 2 1 1 3431 3399 3397 3429 3893 3861 3859 3891 3418 3430 3644 3398 3633 3417 3632 3643 3880 3892 3860 3879
1353 17 2 1 1 3433 3401 3399 3431 3895 3863 3861 3893 3419 3432 3645 3400 3634 3418 3633 3644 3881 3894 3862 3880
1354 17 2 1 1 3435 3403 3401 3433 3897 3865 3863 3895 3420 3434 3646 3402 3635 3419 3634 3645 3882 3896 3864 3881
1355 17 2 1 1 3437 3405 3403 3435 3899 3867 3865 3897 3421 3436 3647 3404 3636 3420 3635 3646 3883 3898 3866 3882
1356 17 2 1 1 3439 3407 3405 3437 3901 3869 3867 3899 3422 3438 3648 3406 3637 3421 3636 3647 3884 3900 3868 3883
1357 17 2 1 1 3441 3409 3407 3439 3903 3871 3869 3901 3423 3440 3649 3408 3638 3422 3637 3648 3885 3902 3870 3884
1358 17 2 1 1 3443 3411 3409 3441 3905 3873 3871 3903 3424 3442 3650 3410 3639 3423 3638 3649 3886 3904 3872 3885
1359 17 2 1 1 3445 3413 3411 3443 3907 3875 3873 3905 3425 3444 3651 3412 3640 3424 3639 3650 3887 3906 3874 3886
1360 17 2 1 1 3447 3415 3413 3445 3909 3877 3875 3907 3426 3446 3652 3414 3641 3425 3640 3651 3888 3908 3876 3887
1361 17 2 1 1 3461 3429 3427 3459 3923 3891 3889 3921 3449 3460 3654 3428 3643 3448 3642 3653 3911 3922 3890 3910
1362 17 2 1 1 3463 3431 3429 3461 3925 3893 3891 3923 3450 3462 3655 3430 3644 3449 3643 3654 3912 3924 3892 3911
1363 17 2 1 1 3465 3433 3431 3463 3927 3895 3893 3925 3451 3464 3656 3432 3645 3450 3644 3655 3913 3926 3894 3912
1364 17 2 1 1 3467 3435 3433 3465 3929 3897 3895 3927 3452 3466 3657 3434 3646 3451 3645 3656 3914 3928 3896 3913
1365 17 2 1 1 3469 3437 3435 3467 3931 3899 3897 3929 3453 3468 3658 3436 3647 3452 3646 3657 3915 3930 3898 3914
1366 17 2 1 1 3471 3439 3437 3469 3933 3901 3899 3931 3454 3470 3659 3438 3648 3453 3647 3658 3916 3932 3900 3915
1367 17 2 1 1 3473 3441 3439 3471 3935 3903 3901 3933 3455 3472 3660 3440 3649 3454 3648 3659 3917 3934 3902 3916
1368 17 2 1 1 3475 3443 3441 3473 3937 3905 3903 3935 3456 3474 3661 3442 3650 3455 3649 3660 3918 3936 3904 3917
1369 17 2 1 1 3477 3445 3443 3475 3939 3907 3905 3937 3457 3476 3662 3444 3651 3456 3650 3661 3919 3938 3906 3918
1370 17 2 1 1 3479 3447 3445 3477 3941 3909 3907 3939 3458 3478 3663 3446 3652 3457 3651 3662 3920 3940 3908 3919
1371 17 2 1 1 3493 3461 3459 3491 3955 3923 3921 3953 3481 3492 3665 3460 3654 3480 3653 3664 3943 3954 3922 3942
1372 17 2 1 1 3495 3463 3461 3493 3957 3925 3923 3955 3482 3494 3666 3462 3655 3481 3654 3665 3944 3956 3924 3943
1373 17 2 1 1 3497 3465 3463 3495 3959 3927 3925 3957 3483 3496 3667 3464 3656 3482 3655 3666 3945 3958 3926 3944
1374 17 2 1 1 3499 3467 3465 3497 3961 3929 3927 3959 3484 3498 3668 3466 3657 3483 3656 3667 3946 3960 3928 3945
1375 17 2 1 1 3501 3469 3467 3499 3963 3931 3929 3961 3485 3500 3669 3468 3658 3484 3657 3668 3947 3962 3930 3946
1376 17 2 1 1 3503 3471 3469 3501 3965 3933 3931 3963 3486 3502 3670 3470 3659 3485 3658 3669 3948 3964 3932 3947
1377 17 2 1 1 3505 3473 3471 3503 3967 3935 3933 3965 3487 3504 3671 3472 3660 3486 3659 3670 3949 3966 3934 3948
1378 17 2 1 1 3507 3475 3473 3505 3969 3937 3935 3967 3488 3506 3672 3474 3661 3487 3660 3671 3950 3968 3936 3949
1379 17 2 1 1 3509 3477 3475 3507 3971 3939 3937 3969 3489 3508 3673 3476 3662 3488 3661 3672 3951 3970 3938 3950
1380 17 2 1 1 3511 3479 3477 3509 3973 3941 3939 3971 3490 3510 3674 3478 3663 3489 3662 3673 3952 3972 3940 3951
1381 17 2 1 1 3525 3493 3491 3523 3987 3955 3953 3985 3513 3524 3676 3492 3665 3512 3664 3675 3975 3986 3954 3974
1382 17 2 1 1 3527 3495 3493 3525 3989 3957 3955 3987 3514 3526 3677 3494 3666 3513 3665 3676 3976 3988 3956 3975
1383 17 2 1 1 3529 3497 3495 3527 3991 3959 3957 3989 3515 3528 3678 3496 3667 3514 3666 3677 3977 3990 3958 3976
1384 17 2 1 1 3531 3499 3497 3529 3993 3961 3959 3991 3516 3530 3679 3498 3668 3515 3667 3678 3978 3992 3960 3977
1385 17 2 1 1 3533 3501 3499 3531 3995 3963 3961 3993 3517 3532 3680 3500 3669 3516 3668 3679 3979 3994 3962 3978
1386 17 2 1 1 3535 3503 3501 3533 3997 3965 3963 3995 3518 3534 3681 3502 3670 3517 3669 3680 3980 3996 3964 3979
1387 17 2 1 1 3537 3505 3503 3535 3999 3967 3965 3997 3519 3536 3682 3504 3671 3518 3670 3681 3981 3998 3966 3980
1388 17 2 1 1 3539 3507 3505 3537 4001 3969 3967 3999 3520 3538 3683 3506 3672 3519 3671 3682 3982 4000 3968 3981
1389 17 2 1 1 3541 3509 3507 3539 4003 3971 3969 4001 3521 3540 3684 3508 3673 3520 3672 3683 3983 4002 3970 3982
1390 17 2 1 1 3543 3511 3509 3541 4005 3973 3971 4003 3522 3542 3685 3510 3674 3521 3673 3684 3984 4004 3972 3983
1391 17 2 1 1 3557 3525 3523 3555 4019 3987 3985 4017 3545 3556 3687 3524 3676 3544 3675 3686 4007 4018 3986 4006
1392 17 2 1 1 3559 3527 3525 3557 4021 3989 3987 4019 3546 3558 3688 3526 3677 3545 3676 3687 4008 4020 3988 4007
1393 17 2 1 1 3561 3529 3527 3559 4023 3991 3989 4021 3547 3560 3689 3528 3678 3546 3677 3688 4009 4022 3990 4008
1394 17 2 1 1 3563 3531 3529 3561 4025 3993 3991 4023 3548 3562 3690 3530 3679 3547 3678 3689 4010 4024 3992 4009
1395 17 2 1 1 3565 3533 3531 3563 4027 3995 3993 4025 3549 3564 3691 3532 3680 3548 3679 3690 4011 4026 3994 4010
1396 17 2 1 1 3567 3535 3533 3565 4029 3997 3995 4027 3550 3566 3692 3534 3681 3549 3680 3691 4012 4028 3996 4011
1397 17 2 1 1 3569 3537 3535 3567 4031 3999 3997 4029 3551 3568 3693 3536 3682 3550 3681 3692 4013 4030 3998 4012
1398 17 2 1 1 3571 3539 3537 3569 4033 4001 3999 4031 3552 3570 3694 3538 3683 3551 3682 3693 4014 4032 4000 4013
1399 17 2 1 1 3573 3541 3539 3571 4035 4003 4001 4033 3553 3572 3695 3540 3684 3552 3683 3694 4015 4034 4002 4014
1400 17 2 1 1 3575 3543 3541 3573 4037 4005 4003 4035 3554 3574 3696 3542 3685 3553 3684 3695 4016 4036 4004 4015
1401 17 2 1 1 3731 3699 3697 3729 4193 4161 4159 4191 3719 3730 4050 3698 4039 3718 4038 4049 4181 4192 4160 4180
1402 17 2 1 1 3733 3701 3699 3731 4195 4163 4161 4193 3720 3732 4051 3700 4040 3719 4039 4050 4182 4194 4162 4181
1403 17 2 1 1 3735 3703 3701 3733 4197 4165 4163 4195 3721 3734 4052 3702 4041 3720 4040 4051 4183 4196 4164 4182
1404 17 2 1 1 3737 3705 3703 3735 4199 4167 4165 4197 3722 3736 4053 3704 4042 3721 4041 4052 4184 4198 4166 4183
1405 17 2 1 1 3739 3707 3705 3737 4201 4169 4167 4199 3723 3738 4054 3706 4043 3722 4042 4053 4185 4200 4168 4184
1406 17 2 1 1 3741 3709 3707 3739 4203 4171 4169 4201 3724 3740 4055 3708 4044 3723 4043 4054 4186 4202 4170 4185
1407 17 2 1 1 3743 3711 3709 3741 4205 4173 4171 4203 3725 3742 4056 3710 4045 3724 4044 4055 4187 4204 4172 4186
1408 17 2 1 1 3745 3713 3711 3743 4207 4175 4173 4205 3726 3744 4057 3712 4046 3725 4045 4056 4188 4206 4174 4187
1409 17 2 1 1 3747 3715 3713 3745 4209 4177 4175 4207 3727 3746 4058 3714 4047 3726 4046 4057 4189 4208 4176 4188
1410 17 2 1 1 3749 3717 3715 3747 4211 4179 4177 4209 3728 3748 4059 3716 4048 3727 4047 4058 4190 4210 4178 4189
1411 17 2 1 1 3763 3731 3729 3761 4225 4193 4191 4223 3751 3762 4061 3730 4050 3750 4049 4060 4213 4224 4192 4212
1412 17 2 1 1 3765 3733 3731 3763 4227 4195 4193 4225 3752 3764 4062 3732 4051 3751 4050 4061 4214 4226 4194 4213
1413 17 2 1 1 3767 3735 3733 3765 4229 4197 4195 4227 3753 3766 4063 3734 4052 3752 4051 4062 4215 4228 4196 4214
1414 17 2 1 1 3769 3737 3735 3767 4231 4199 4197 4229 3754 3768 4064 3736 4053 3753 4052 4063 4216 4230 4198 4215
1415 17 2 1 1 3771 3739 3737 3769 4233 4201 4199 4231 3755 3770 4065 3738 4054 3754 4053 4064 4217 4232 4200 4216
1416 17 2 1 1 3773 3741 3739 3771 4235 4203 4201 4233 3756 3772 4066 3740 4055 3755 4054 4065 4218 4234 4202 4217
1417 17 2 1 1 3775 3743 3741 3773 4237 4205 4203 4235 3757 3774 4067 3742 4056 3756 4055 4066 4219 4236 4204 4218
1418 17 2 1 1 3777 3745 3743 3775 4239 4207 4205 4237 3758 3776 4068 3744 4057 3757 4056 4067 4220 4238 4206 4219
1419 17 2 1 1 3779 3747 3745 3777 4241 4209 4207 4239 3759 3778 4069 3746 4058 3758 4057 4068 4221 4240 4208 4220
1420 17 2 1 1 3781 3749 3747 3779 4243 4211 4209 4241 3760 3780 4070 3748 4059 3759 4058 4069 4222 4242 4210 4221
1421 17 2 1 1 3795 3763 3761 3793 4257 4225 4223 4255 3783 3794 4072 3762 4061 3782 4060 4071 4245 4256 4224 4244
1422 17 2 1 1 3797 3765 3763 3795 4259 4227 4225 4257 3784 3796 4073 3764 4062 3783 4061 4072 4246 4258 4226 4245
1423 17 2 1 1 3799 3767 3765 3797 4261 4229 4227 4259 3785 3798 4074 3766 4063 3784 4062 4073 4247 4260 4228 4246
1424 17 2 1 1 3801 3769 3767 3799 4263 4231 4229 4261 3786 3800 4075 3768 4064 3785 4063 4074 4248 4262 4230 4247
1425 17 2 1 1 3803 3771 3769 3801 4265 4233 4231 4263 3787 3802 4076 3770 4065 3786 4064 4075 4249 4264 4232 4248
1426 17 2 1 1 3805 3773 3771 3803 4267 4235 4233 4265 3788 3804 4077 3772 4066 3787 4065 4076 4250 4266 4234 4249
1427 17 2 1 1 3807 3775 3773 3805 4269 4237 4235 4267 3789 3806 4078 3774 4067 3788 4066 4077 4251 4268 4236 4250
1428 17 2 1 1 3809 3777 3775 3807 4271 4239 4237 4269 3790 3808 4079 3776 4068 3789 4067 4078 4252 4270 4238 4251
1429 17 2 1 1 3811 3779 3777 3809 4273 4241 4239 4271 3791 3810 4080 3778 4069 3790 4068 4079 4253 4272 4240 4252
1430 17 2 1 1 3813 3781 3779 3811 4275 4243 4241 4273 3792 3812 4081 3780 4070 3791 4069 4080 4254 4274 4242 4253
1431 17 2 1 1 3827 3795 3793 3825 4289 4257 4255 4287 3815 3826 4083 3794 4072 3814 4071 4082 4277 4288 4256 4276
1432 17 2 1 1 3829 3797 3795 3827 4291 4259 4257 4289 3816 3828 4084 3796 4073 3815 4072 4083 4278 4290 4258 4277
1433 17 2 1 1 3831 3799 3797 3829 4293 4261 4259 4291 3817 3830 4085 3798 4074 3816 4073 4084 4279 4292 4260 4278
1434 17 2 1 1 3833 3801 3799 3831 4295 4263 4261 4293 3818 3832 4086 3800 4075 3817 4074 4085 4280 4294 4262 4279
1435 17 2 1 1 3835 3803 3801 3833 4297 4265 4263 4295 3819 3834 4087 3802 4076 3818 4075 4086 4281 4296 4264 4280
1436 17 2 1 1 3837 3805 3803 3835 4299 4267 4265 4297 3820 3836 4088 3804 4077 3819 4076 4087 4282 4298 4266 4281
1437 17 2 1 1 3839 3807 3805 3837 4301 4269 4267 4299 3821 3838 4089 3806 4078 3820 4077 4088 4283 4300 4268 4282
1438 17 2 1 1 3841 3809 3807 3839 4303 4271 4269 4301 3822 3840 4090 3808 4079 3821 4078 4089 4284 4302 4270 4283
1439 17 2 1 1 3843 3811 3809 3841 4305 4273 4271 4303 3823 3842 4091 3810 4080 3822 4079 4090 4285 4304 4272 4284
1440 17 2 1 1 3845 3813 3811 3843 4307 4275 4273 4305 3824 3844 4092 3812 4081 3823 4080 4091 4286 4306 4274 4285
1441 17 2 1 1 3859 3827 3825 3857 4321 4289 4287 4319 3847 3858 4094 3826 4083 3846 4082 4093 4309 4320 4288 4308
1442 17 2 1 1 3861 3829 3827 3859 4323 4291 4289 4321 3848 3860 4095 3828 4084 3847 4083 4094 4310 4322 4290 4309
1443 17 2 1 1 3863 3831 3829 3861 4325 4293 4291 4323 3849 3862 4096 3830 4085 3848 4084 4095 4311 4324 4292 4310
1444 17 2 1 1 3865 3833 3831 3863 4327 4295 4293 4325 3850 3864 4097 3832 4086 3849 4085 4096 4312 4326 4294 4311
1445 17 2 1 1 3867 3835 3833 3865 4329 4297 4295 4327 3851 3866 4098 3834 4087 3850 4086 4097 4313 4328 4296 4312
1446 17 2 1 1 3869 3837 3835 3867 4331 4299 4297 4329 3852 3868 4099 3836 4088 3851 4087 4098 4314 4330 4298 4313
1447 17 2 1 1 3871 3839 3837 3869 4333 4301 4299 4331 3853 3870 4100 3838 4089 3852 4088 4099 4315 4332 4300 4314
1448 17 2 1 1 3873 3841 3839 3871 4335 4303 4301 4333 3854 3872 4101 3840 4090 3853 4089 4100 4316 4334 4302 4315
1449 17 2 1 1 3875 3843 3841 3873 4337 4305 4303 4335 3855 3874 4102 3842 4091 3854 4090 4101 4317 4336 4304 4316
1450 17 2 1 1 3877 3845 3843 3875 4339 4307 4305 4337 3856 3876 4103 3844 4092 3855 4091 4102 4318 4338 4306 4317
1451 17 2 1 1 3891 3859 3857 3889 4353 4321 4319 4351 3879 3890 4105 3858 4094 3878 4093 4104 4341 4352 4320 4340
1452 17 2 1 1 3893 3861 3859 3891 4355 4323 4321 4353 3880 3892 4106 3860 4095 3879 4094 4105 4342 4354 4322 4341
1453 17 2 1 1 3895 3863 3861 3893 4357 4325 4323 4355 3881 3894 4107 3862 4096 3880 4095 4106 4343 4356 4324 4342
1454 17 2 1 1 3897 3865 3863 3895 4359 4327 4325 4357 3882 3896 4108 3864 4097 3881 4096 4107 4344 4358 4326 4343
1455 17 2 1 1 3899 3867 3865 3897 4361 4329 4327 4359 3883 3898 4109 3866 4098 3882 4097 4108 4345 4360 4328 4344
1456 17 2 1 1 3901 3869 3867 3899 4363 4331 4329 4361 3884 3900 4110 3868 4099 3883 4098 4109 4346 4362 4330 4345
1457 17 2 1 1 3903 3871 3869 3901 4365 4333 4331 4363 3885 3902 4111 3870 4100 3884 4099 4110 4347 4364 4332 4346
1458 17 2 1 1 3905 3873 3871 3903 4367 4335 4333 4365 3886 3904 4112 3872 4101 3885 4100 4111 4348 4366 4334 4347
1459 17 2 1 1 3907 3875 3873 3905 4369 4337 4335 4367 3887 3906 4113 3874 4102 3886 4101 4112 4349 4368 4336 4348
1460 17 2 1 1 3909 3877 3875 3907 4371 4339 4337 4369 3888 3908 4114 3876 4103 3887 4102 4113 4350 4370 4338 4349
1461 17 2 1 1 3923 3891 3889 3921 4385 4353 4351 4383 3911 3922 4116 3890 4105 3910 4104 4115 4373 4384 4352 4372
1462 17 2 1 1 3925 3893 3891 3923 4387 4355 4353 4385 3912 3924 4117 3892 4106 3911 4105 4116 4374 4386 4354 4373
1463 17 2 1 1 3927 3895 3893 3925 4389 4357 4355 4387 3913 3926 4118 3894 4107 3912 4106 4117 4375 4388 4356 4374
1464 17 2 1 1 3929 3897 3895 3927 4391 4359 4357 4389 3914 3928 4119 3896 4108 3913 4107 4118 4376 4390 4358 4375
1465 17 2 1 1 3931 3899 3897 3929 4393 4361 4359 4391 3915 3930 4120 3898 4109 3914 4108 4119 4377 4392 4360 4376
1466 17 2 1 1 3933 3901 3899 3931 4395 4363 4361 4393 3916 3932 4121 3900 4110 3915 4109 4120 4378 4394 4362 4377
1467 17 2 1 1 3935 3903 3901 3933 4397 4365 4363 4395 3917 3934 4122 3902 4111 3916 4110 4121 4379 4396 4364 4378
1468 17 2 1 1 3937 3905 3903 3935 4399 4367 4365 4397 3918 3936 4123 3904 4112 3917 4111 4122 4380 4398 4366 4379
1469 17 2 1 1 3939 3907 3905 3937 4401 4369 4367 4399 3919 3938 4124 3906 4113 3918 4112 4123 4381 4400 4368 4380
1470 17 2 1 1 3941 3909 3907 3939 4403 4371 4369 4401 3920 3940 4125 3908 4114 3919 4113 4124 4382 4402 4370 4381
1471 17 2 1 1 3955 3923 3921 3953 4417 4385 4383 4415 3943 3954 4127 3922 4116 3942 4115 4126 4405 4416 4384 4404
1472 17 2 1 1 3957 3925 3923 3955 4419 4387 4385 4417 3944 3956 4128 3924 4117 3943 4116 4127 4406 4418 4386 4405
1473 17 2 1 1 3959 3927 3925 3957 4421 4389 4387 4419 3945 3958 4129 3926 4118 3944 4117 4128 4407 4420 4388 4406
1474 17 2 1 1 3961 3929 3927 3959 4423 4391 4389 4421 3946 3960 4130 3928 4119 3945 4118 4129 4408 4422 4390 4407
1475 17 2 1 1 3963 3931 3929 3961 4425 4393 4391 4423 3947 3962 4131 3930 4120 3946 4119 4130 4409 4424 4392 4408
1476 17 2 1 1 3965 3933 3931 3963 4427 4395 4393 4425 3948 3964 4132 3932 4121 3947 4120 4131 4410 4426 4394 4409
1477 17 2 1 1 3967 3935 3933 3965 4429 4397 4395 4427 3949 3966 4133 3934 4122 3948 4121 4132 4411 4428 4396 4410
1478 17 2 1 1 3969 3937 3935 3967 4431 4399 4397 4429 3950 3968 4134 3936 4123 3949 4122 4133 4412 4430 4398 4411
1479 17 2 1 1 3971 3939 3937 3969 4433 4401 4399 4431 3951 3970 4135 3938 4124 3950 4123 4134 4413 4432 4400 4412
1480 17 2 1 1 3973 3941 3939 3971 4435 4403 4401 4433 3952 3972 4136 3940 4125 3951 4124 4135 4414 4434 4402 4413
1481 17 2 1 1 3987 3955 3953 3985 4449 4417 4415 4447 3975 3986 4138 3954 4127 3974 4126 4137 4437 4448 4416 4436
1482 17 2 1 1 3989 3957 3955 3987 4451 4419 4417 4449 3976 3988 4139 3956 4128 3975 4127 4138 4438 4450 4418 4437
1483 17 2 1 1 3991 3959 3957 3989 4453 4421 4419 4451 3977 3990 4140 3958 4129 3976 4128 4139 4439 4452 4420 4438
1484 17 2 1 1 3993 3961 3959 3991 4455 4423 4421 4453 3978 3992 4141 3960 4130 3977 4129 4140 4440 4454 4422 4439
1485 17 2 1 1 3995 3963 3961 3993 4457 4425 4423 4455 3979 3994 4142 3962 4131 3978 4130 4141 4441 4456 4424 4440
1486 17 2 1 1 3997 3965 3963 3995 4459 4427 4425 4457 3980 3996 4143 3964 4132 3979 4131 4142 4442 4458 4426 4441
1487 17 2 1 1 3999 3967 3965 3997 4461 4429 4427 4459 3981 3998 4144 3966 4133 3980 4132 4143 4443 4460 4428 4442
1488 17 2 1 1 4001 3969 3967 3999 4463 4431 4429 4461 3982 4000 4145 3968 4134 3981 4133 4144 4444 4462 4430 4443
1489 17 2 1 1 4003 3971 3969 4001 4465 4433 4431 4463 3983 4002 4146 3970 4135 3982 4134 4145 4445 4464 4432 4444
1490 17 2 1 1 4005 3973 3971 4003 4467 4435 4433 4465 3984 4004 4147 3972 4136 3983 4135 4146 4446 4466 4434 4445
1491 17 2 1 1 4019 3987 3985 4017 4481 4449 4447 4479 4007 4018 4149 3986 4138 4006 4137 4148 4469 4480 4448 4468
1492 17 2 1 1 4021 3989 3987 4019 4483 4451 4449 4481 4008 4020 4150 3988 4139 4007 4138 4149 4470 4482 4450 4469
1493 17 2 1 1 4023 3991 3989 4021 4485 4453 4451 4483 4009 4022 4151 3990 4140 4008 4139 4150 4471 4484 4452 4470
1494 17 2 1 1 4025 3993 3991 4023 4487 4455 4453 4485 4010 4024 4152 3992 4141 4009 4140 4151 4472 4486 4454 4471
1495 17 2 1 1 4027 3995 3993 4025 4489 4457 4455 4487 4011 4026 4153 3994 4142 4010 4141 4152 4473 4488 4456 4472
1496 17 2 1 1 4029 3997 3995 4027 4491 4459 4457 4489 4012 4028 4154 3996 4143 4011 4142 4153 4474 4490 4458 4473
1497 17 2 1 1 4031 3999 3997 4029 4493 4461 4459 4491 4013 4030 4155 3998 4144 4012 4143 4154 4475 4492 4460 4474
1498 17 2 1 1 4033 4001 3999 4031 4495 4463 4461 4493 4014 4032 4156 4000 4145 4013 4144 4155 4476 4494 4462 4475
1499 17 2 1 1 4035 4003 4001 4033 4497 4465 4463 4495 4015 4034 4157 4002 4146 4014 4145 4156 4477 4496 4464 4476
1500 17 2 1 1 4037 4005 4003 4035 4499 4467 4465 4497 4016 4036 4158 4004 4147 4015 4146 4157 4478 4498 4466 4477
1501 17 2 1 1 4193 4161 4159 4191 4655 4623 4621 4653 4181 4192 4512 4160 4501 4180 4500 4511 4643 4654 4622 4642
1502 17 2 1 1 4195 4163 4161 4193 4657 4625 4623 4655 4182 4194 4513 4162 4502 4181 4501 4512 4644 4656 4624 4643
1503 17 2 1 1 4197 4165 4163 4195 4659 4627 4625 4657 4183 4196 4514 4164 4503 4182 4502 4513 4645 4658 4626 4644
1504 17 2 1 1 4199 4167 4165 4197 4661 4629 4627 4659 4184 4198 4515 4166 4504 4183 4503 4514 4646 4660 4628 4645
1505 17 2 1 1 4201 4169 4167 4199 4663 4631 4629 4661 4185 4200 4516 4168 4505 4184 4504 4515 4647 4662 4630 4646
1506 17 2 1 1 4203 4171 4169 4201 4665 4633 4631 4663 4186 4202 4517 4170 4506 4185 4505 4516 4648 4664 4632 4647
1507 17 2 1 1 4205 4173 4171 4203 4667 4635 4633 4665 4187 4204 4518 4172 4507 4186 4506 4517 4649 4666 4634 4648
1508 17 2 1 1 4207 4175 4173 4205 4669 4637 4635 4667 4188 4206 4519 4174 4508 4187 4507 4518 4650 4668 4636 4649
1509 17 2 1 1 4209 4177 4175 4207 4671 4639 4637 4669 4189 4208 4520 4176 4509 4188 4508 4519 4651 4670 4638 4650
1510 17 2 1 1 4211 4179 4177 4209 4673 4641 4639 4671 4190 4210 4521 4178 4510 4189 4509 4520 4652 4672 4640 4651
1511 17 2 1 1 4225 4193 4191 4223 4687 4655 4653 4685 4213 4224 4523 4192 4512 4212 4511 4522 4675 4686 4654 4674
1512 17 2 1 1 4227 4195 4193 4225 4689 4657 4655 4687 4214 4226 4524 4194 4513 4213 4512 4523 4676 4688 4656 4675
1513 17 2 1 1 4229 4197 4195 4227 4691 4659 4657 4689 4215 4228 4525 4196 4514 4214 4513 4524 4677 4690 4658 4676
1514 17 2 1 1 4231 4199 4197 4229 4693 4661 4659 4691 4216 4230 4526 4198 4515 4215 4514 4525 4678 4692 4660 4677
1515 17 2 1 1 4233 4201 4199 4231 4695 4663 4661 4693 4217 4232 4527 4200 4516 4216 4515 4526 4679 4694 4662 4678
1516 17 2 1 1 4235 4203 4201 4233 4697 4665 4663 4695 4218 4234 4528 4202 4517 4217 4516 4527 4680 4696 4664 4679
1517 17 2 1 1 4237 4205 4203 4235 4699 4667 4665 4697 4219 4236 4529 4204 4518 4218 4517 4528 4681 4698 4666 4680
1518 17 2 1 1 4239 4207 4205 4237 4701 4669 4667 4699 4220 4238 4530 4206 4519 4219 4518 4529 4682 4700 4668 4681
1519 17 2 1 1 4241 4209 4207 4239 4703 4671 4669 4701 4221 4240 4531 4208 4520 4220 4519 4530 4683 4702 4670 4682
1520 17 2 1 1 4243 4211 4209 4241 4705 4673 4671 4703 4222 4242 4532 4210 4521 4221 4520 4531 4684 4704 4672 4683
1521 17 2 1 1 4257 4225 4223 4255 4719 4687 4685 4717 4245 4256 4534 4224 4523 4244 4522 4533 4707 4718 4686 4706
1522 17 2 1 1 4259 4227 4225 4257 4721 4689 4687 4719 4246 4258 4535 4226 4524 4245 4523 4534 4708 4720 4688 4707
1523 17 2 1 1 4261 4229 4227 4259 4723 4691 4689 4721 4247 4260 4536 4228 4525 4246 4524 4535 4709 4722 4690 4708
1524 17 2 1 1 4263 4231 4229 4261 4725 4693 4691 4723 4248 4262 4537 4230 4526 4247 4525 4536 4710 4724 4692 4709
1525 17 2 1 1 4265 4233 4231 4263 4727 4695 4693 4725 4249 4264 4538 4232 4527 4248 4526 4537 4711 4726 4694 4710
1526 17 2 1 1 4267 4235 4233 4265 4729 4697 4695 4727 4250 4266 4539 4234 4528 4249 4527 4538 4712 4728 4696 4711
1527 17 2 1 1 4269 4237 4235 4267 4731 4699 4697 4729 4251 4268 4540 4236 4529 4250 4528 4539 4713 4730 4698 4712
1528 17 2 1 1 4271 4239 4237 4269 4733 4701 4699 4731 4252 4270 4541 4238 4530 4251 4529 4540 4714 4732 4700 4713
1529 17 2 1 1 4273 4241 4239 4271 4735 4703 4701 4733 4253 4272 4542 4240 4531 4252 4530 4541 4715 4734 4702 4714
1530 17 2 1 1 4275 4243 4241 4273 4737 4705 4703 4735 4254 4274 4543 4242 4532 4253 4531 4542 4716 4736 4704 4715
1531 17 2 1 1 4289 4257 4255 4287 4751 4719 4717 4749 4277 4288 4545 4256 4534 4276 4533 4544 4739 4750 4718 4738
1532 17 2 1 1 4291 4259 4257 4289 4753 4721 4719 4751 4278 4290 4546 4258 4535 4277 4534 4545 4740 4752 4720 4739
1533 17 2 1 1 4293 4261 4259 4291 4755 4723 4721 4753 4279 4292 4547 4260 4536 4278 4535 4546 4741 4754 4722 4740
1534 17 2 1 1 4295 4263 4261 4293 4757 4725 4723 4755 4280 4294 4548 4262 4537 4279 4536 4547 4742 4756 4724 4741
1535 17 2 1 1 4297 4265 4263 4295 4759 4727 4725 4757 4281 4296 4549 4264 4538 4280 4537 4548 4743 4758 4726 4742
1536 17 2 1 1 4299 4267 4265 4297 4761 4729 4727 4759 4282 4298 4550 4266 4539 4281 4538 4549 4744 4760 4728 4743
1537 17 2 1 1 4301 4269 4267 4299 4763 4731 4729 4761 4283 4300 4551 4268 4540 4282 4539 4550 4745 4762 4730 4744
1538 17 2 1 1 4303 4271 4269 4301 4765 4733 4731 4763 4284 4302 4552 4270 4541 4283 4540 4551 4746 4764 4732 4745
1539 17 2 1 1 4305 4273 4271 4303 4767 4735 4733 4765 4285 4304 4553 4272 4542 4284 4541 4552 4747 4766 4734 4746
1540 17 2 1 1 4307 4275 4273 4305 4769 4737 4735 4767 4286 4306 4554 4274 4543 4285 4542 4553 4748 4768 4736 4747
1541 17 2 1 1 4321 4289 4287 4319 4783 4751 4749 4781 4309 4320 4556 4288 4545 4308 4544 4555 4771 4782 4750 4770
1542 17 2 1 1 4323 4291 4289 4321 4785 4753 4751 4783 4310 4322 4557 4290 4546 4309 4545 4556 4772 4784 4752 4771
1543 17 2 1 1 4325 4293 4291 4323 4787 4755 4753 4785 4311 4324 4558 4292 4547 4310 4546 4557 4773 4786 4754 4772
1544 17 2 1 1 4327 4295 4293 4325 4789 4757 4755 4787 4312 4326 4559 4294 4548 4311 4547 4558 4774 4788 4756 4773
1545 17 2 1 1 4329 4297 4295 4327 4791 4759 4757 4789 4313 4328 4560 4296 4549 4312 4548 4559 4775 4790 4758 4774
1546 17 2 1 1 4331 4299 4297 4329 4793 4761 4759 4791 4314 4330 4561 4298 4550 4313 4549 4560 4776 4792 4760 4775
1547 17 2 1 1 4333 4301 4299 4331 4795 4763 4761 4793 4315 4332 4562 4300 4551 4314 4550 4561 4777 4794 4762 4776
1548 17 2 1 1 4335 4303 4301 4333 4797 4765 4763 4795 4316 4334 4563 4302 4552 4315 4551 4562 4778 4796 4764 4777
1549 17 2 1 1 4337 4305 4303 4335 4799 4767 4765 4797 4317 4336 4564 4304 4553 4316 4552 4563 4779 4798 4766 4778
1550 17 2 1 1 4339 4307 4305 4337 4801 4769 4767 4799 4318 4338 4565 4306 4554 4317 4553 4564 4780 4800 4768 4779
1551 17 2 1 1 4353 4321 4319 4351 4815 4783 4781 4813 4341 4352 4567 4320 4556 4340 4555 4566 4803 4814 4782 4802
1552 17 2 1 1 4355 4323 4321 4353 4817 4785 4783 4815 4342 4354 4568 4322 4557 4341 4556 4567 4804 4816 4784 4803
1553 17 2 1 1 4357 4325 4323 4355 4819 4787 4785 4817 4343 4356 4569 4324 4558 4342 4557 4568 4805 4818 4786 4804
1554 17 2 1 1 4359 4327 4325 4357 4821 4789 4787 4819 4344 4358 4570 4326 4559 4343 4558 4569 4806 4820 4788 4805
1555 17 2 1 1 4361 4329 4327 4359 4823 4791 4789 4821 4345 4360 4571 4328 4560 4344 4559 4570 4807 4822 4790 4806
1556 17 2 1 1 4363 4331 4329 4361 4825 4793 4791 4823 4346 4362 4572 4330 4561 4345 4560 4571 4808 4824 4792 4807
1557 17 2 1 1 4365 4333 4331 4363 4827 4795 4793 4825 4347 4364 4573 4332 4562 4346 4561 4572 4809 4826 4794 4808
1558 17 2 1 1 4367 4335 4333 4365 4829 4797 4795 4827 4348 4366 4574 4334 4563 4347 4562 4573 4810 4828 4796 4809
1559 17 2 1 1 4369 4337 4335 4367 4831 4799 4797 4829 4349 4368 4575 4336 4564 4348 4563 4574 4811 4830 4798 4810
1560 17 2 1 1 4371 4339 4337 4369 4833 4801 4799 4831 4350 4370 4576 4338 4565 4349 4564 4575 4812 4832 4800 4811
1561 17 2 1 1 4385 4353 4351 4383 4847 4815 4813 4845 4373 4384 4578 4352 4567 4372 4566 4577 4835 4846 4814 4834
1562 17 2 1 1 4387 4355 4353 4385 4849 4817 4815 4847 4374 4386 4579 4354 4568 4373 4567 4578 4836 4848 4816 4835
1563 17 2 1 1 4389 4357 4355 4387 4851 4819 4817 4849 4375 4388 4580 4356 4569 4374 4568 4579 4837 4850 4818 4836
1564 17 2 1 1 4391 4359 4357 4389 4853 4821 4819 4851 4376 4390 4581 4358 4570 4375 4569 4580 4838 4852 4820 4837
1565 17 2 1 1 4393 4361 4359 4391 4855 4823 4821 4853 4377 4392 4582 4360 4571 4376 4570 4581 4839 4854 4822 4838
1566 17 2 1 1 4395 4363 4361 4393 4857 4825 4823 4855 4378 4394 4583 4362 4572 4377 4571 4582 4840 4856 4824 4839
1567 17 2 1 1 4397 4365 4363 4395 4859 4827 4825 4857 4379 4396 4584 4364 4573 4378 4572 4583 4841 4858 4826 4840
1568 17 2 1 1 4399 4367 4365 4397 4861 4829 4827 4859 4380 4398 4585 4366 4574 4379 4573 4584 4842 4860 4828 4841
1569 17 2 1 1 4401 4369 4367 4399 4863 4831 4829 4861 4381 4400 4586 4368 4575 4380 4574 4585 4843 4862 4830 4842
1570 17 2 1 1 4403 4371 4369 4401 4865 4833 4831 4863 4382 4402 4587 4370 4576 4381 4575 4586 4844 4864 4832 4843
1571 17 2 1 1 4417 4385 4383 4415 4879 4847 4845 4877 4405 4416 4589 4384 4578 4404 4577 4588 4867 4878 4846 4866
1572 17 2 1 1 4419 4387 4385 4417 4881 4849 4847 4879 4406 4418 4590 4386 4579 4405 4578 4589 4868 4880 4848 4867
1573 17 2 1 1 4421 4389 4387 4419 4883 4851 4849 4881 4407 4420 4591 4388 4580 4406 4579 4590 4869 4882 4850 4868
1574 17 2 1 1 4423 4391 4389 4421 4885 4853 4851 4883 4408 4422 4592 4390 4581 4407 4580 4591 4870 4884 4852 4869
1575 17 2 1 1 4425 4393 4391 4423 4887 4855 4853 4885 4409 4424 4593 4392 4582 4408 4581 4592 4871 4886 4854 4870
1576 17 2 1 1 4427 4395 4393 4425 4889 4857 4855 4887 4410 4426 4594 4394 4583 4409 4582 4593 4872 4888 4856 4871
1577 17 2 1 1 4429 4397 4395 4427 4891 4859 4857 4889 4411 4428 4595 4396 4584 4410 4583 4594 4873 4890 4858 4872
1578 17 2 1 1 4431 4399 4397 4429 4893 4861 4859 4891 4412 4430 4596 4398 4585 4411 4584 4595 4874 4892 4860 4873
1579 17 2 1 1 4433 4401 4399 4431 4895 4863 4861 4893 4413 4432 4597 4400 4586 4412 4585 4596 4875 4894 4862 4874
1580 17 2 1 1 4435 4403 4401 4433 4897 4865 4863 4895 4414 4434 4598 4402 4587 4413 4586 4597 4876 4896 4864 4875
1581 17 2 1 1 4449 4417 4415 4447 4911 4879 4877 4909 4437 4448 4600 4416 4589 4436 4588 4599 4899 4910 4878 4898
1582 17 2 1 1 4451 4419 4417 4449 4913 4881 4879 4911 4438 4450 4601 4418 4590 4437 4589 4600 4900 4912 4880 4899
1583 17 2 1 1 4453 4421 4419 4451 4915 4883 4881 4913 4439 4452 4602 4420 4591 4438 4590 4601 4901 4914 4882 4900
1584 17 2 1 1 4455 4423 4421 4453 4917 4885 4883 4915 4440 4454 4603 4422 4592 4439 4591 4602 4902 4916 4884 4901
1585 17 2 1 1 4457 4425 4423 4455 4919 4887 4885 4917 4441 4456 4604 4424 4593 4440 4592 4603 4903 4918 4886 4902
1586 17 2 1 1 4459 4427 4425 4457 4921 4889 4887 4919 4442 4458 4605 4426 4594 4441 4593 4604 4904 4920 4888 4903
1587 17 2 1 1 4461 4429 4427 4459 4923 4891 4889 4921 4443 4460 4606 4428 4595 4442 4594 4605 4905 4922 4890 4904
1588 17 2 1 1 4463 4431 4429 4461 4925 4893 4891 4923 4444 4462 4607 4430 4596 4443 4595 4606 4906 4924 4892 4905
1589 17 2 1 1 4465 4433 4431 4463 4927 4895 4893 4925 4445 4464 4608 4432 4597 4444 4596 4607 4907 4926 4894 4906
1590 17 2 1 1 4467 4435 4433 4465 4929 4897 4895 4927 4446 4466 4609 4434 4598 4445 4597 4608 4908 4928 4896 4907
1591 17 2 1 1 4481 4449 4447 4479 4943 4911 4909 4941 4469 4480 4611 4448 4600 4468 4599 4610 4931 4942 4910 4930
1592 17 2 1 1 4483 4451 4449 4481 4945 4913 4911 4943 4470 4482 4612 4450 4601 4469 4600 4611 4932 4944 4912 4931
1593 17 2 1 1 4485 4453 4451 4483 4947 4915 4913 4945 4471 4484 4613 4452 4602 4470 4601 4612 4933 4946 4914 4932
1594 17 2 1 1 4487 4455 4453 4485 4949 4917 4915 4947 4472 4486 4614 4454 4603 4471 4602 4613 4934 4948 4916 4933
1595 17 2 1 1 4489 4457 4455 4487 4951 4919 4917 4949 4473 4488 4615 4456 4604 4472 4603 4614 4935 4950 4918 4934
1596 17 2 1 1 4491 4459 4457 4489 4953 4921 4919 4951 4474 4490 4616 4458 4605 4473 4604 4615 4936 4952 4920 4935
1597 17 2 1 1 4493 4461 4459 4491 4955 4923 4921 4953 4475 4492 4617 4460 4606 4474 4605 4616 4937 4954 4922 4936
1598 17 2 1 1 4495 4463 4461 4493 4957 4925 4923 4955 4476 4494 4618 4462 4607 4475 4606 4617 4938 4956 4924 4937
1599 17 2 1 1 4497 4465 4463 4495 4959 4927 4925 4957 4477 4496 4619 4464 4608 4476 4607 4618 4939 4958 4926 4938
1600 17 2 1 1 4499 4467 4465 4497 4961 4929 4927 4959 4478 4498 4620 4466 4609 4477 4608 4619 4940 4960 4928 4939
$EndElements
